case,family,alias_depth,width,structure_depth,opaque_depth,semantic_preserving,old_shape,new_shape
0,field,0,0,0,2,True,"[[""p0"",""p1"",""p2""],[[""c0"",null,[],[[""m0.0"",""q0"",[],null,[],[[""return"",null]]]]],[""c1"",""c0"",[],[[""m1.0"",""q0"",[],null,[],[[""check"",""p0""],[""return"",null]]]]],[""c2"",""c0"",[],[[""m2.0"",""q0"",[],null,[],[[""check"",""p1""],[""return"",null]]]]],[""c3"",null,[[""f3.0"",""c0""],[""f3.1"",""c0""]],[[""m3.0"",""q1"",[],null,[""c0"",""c0"",""c0""],[[""new"",""v1"",""c1""],[""new"",""v2"",""c2""],[""store"",""v0"",""f3.0"",""v1""],[""store"",""v0"",""f3.1"",""v2""],[""load"",""v3"",""v0"",""f3.0""],[""invoke"",null,""v3"",""q0"",[]],[""opaque"",[[""direct"",null,""m3.1"",[]]]],[""return"",null]]],[""m3.1"",""q2"",[],null,[],[[""opaque"",[[""check"",""p2""]]],[""return"",null]]]]]],[[""s0"",""c3"",""c3""]],[[""e0"",""s0"",""q1"",[]]]]","[[""p0"",""p1"",""p2""],[[""c0"",null,[],[[""m0.0"",""q0"",[],null,[],[[""return"",null]]]]],[""c1"",""c0"",[],[[""m1.0"",""q0"",[],null,[],[[""check"",""p0""],[""return"",null]]]]],[""c2"",""c0"",[],[[""m2.0"",""q0"",[],null,[],[[""check"",""p1""],[""return"",null]]]]],[""c3"",null,[[""f3.0"",""c0""],[""f3.1"",""c0""]],[[""m3.0"",""q1"",[],null,[""c0"",""c0"",""c0"",""c0""],[[""new"",""v1"",""c1""],[""new"",""v2"",""c2""],[""store"",""v0"",""f3.0"",""v1""],[""store"",""v0"",""f3.1"",""v2""],[""load"",""v3"",""v0"",""f3.0""],[""move"",""v4"",""v3""],[""invoke"",null,""v4"",""q0"",[]],[""opaque"",[[""direct"",null,""m3.1"",[]]]],[""return"",null]]],[""m3.1"",""q2"",[],null,[],[[""opaque"",[[""check"",""p2""]]],[""return"",null]]]]]],[[""s0"",""c3"",""c3""]],[[""e0"",""s0"",""q1"",[]]]]"
1,field,1,0,0,0,False,"[[""p0"",""p1"",""p2""],[[""c0"",null,[],[[""m0.0"",""q0"",[],null,[],[[""return"",null]]]]],[""c1"",""c0"",[],[[""m1.0"",""q0"",[],null,[],[[""check"",""p0""],[""return"",null]]]]],[""c2"",""c0"",[],[[""m2.0"",""q0"",[],null,[],[[""check"",""p1""],[""return"",null]]]]],[""c3"",null,[[""f3.0"",""c0""],[""f3.1"",""c0""]],[[""m3.0"",""q1"",[],null,[""c0"",""c0"",""c0"",""c0""],[[""new"",""v1"",""c1""],[""new"",""v2"",""c2""],[""store"",""v0"",""f3.0"",""v1""],[""store"",""v0"",""f3.1"",""v2""],[""load"",""v3"",""v0"",""f3.0""],[""move"",""v4"",""v3""],[""invoke"",null,""v4"",""q0"",[]],[""return"",null]]]]]],[[""s0"",""c3"",""c3""]],[[""e0"",""s0"",""q1"",[]]]]","[[""p0"",""p1"",""p2""],[[""c0"",null,[],[[""m0.0"",""q0"",[],null,[],[[""return"",null]]]]],[""c1"",""c0"",[],[[""m1.0"",""q0"",[],null,[],[[""check"",""p0""],[""return"",null]]]]],[""c2"",""c0"",[],[[""m2.0"",""q0"",[],null,[],[[""check"",""p1""],[""return"",null]]]]],[""c3"",null,[[""f3.0"",""c0""],[""f3.1"",""c0""]],[[""m3.0"",""q1"",[],null,[""c0"",""c0"",""c0"",""c0""],[[""new"",""v1"",""c1""],[""new"",""v2"",""c2""],[""store"",""v0"",""f3.0"",""v1""],[""store"",""v0"",""f3.1"",""v2""],[""load"",""v3"",""v0"",""f3.1""],[""move"",""v4"",""v3""],[""invoke"",null,""v4"",""q0"",[]],[""return"",null]]]]]],[[""s0"",""c3"",""c3""]],[[""e0"",""s0"",""q1"",[]]]]"
2,field,2,0,0,0,True,"[[""p0"",""p1"",""p2""],[[""c0"",null,[],[[""m0.0"",""q0"",[],null,[],[[""return"",null]]]]],[""c1"",""c0"",[],[[""m1.0"",""q0"",[],null,[],[[""check"",""p0""],[""return"",null]]]]],[""c2"",""c0"",[],[[""m2.0"",""q0"",[],null,[],[[""check"",""p1""],[""return"",null]]]]],[""c3"",null,[[""f3.0"",""c0""],[""f3.1"",""c0""]],[[""m3.0"",""q1"",[],null,[""c0"",""c0"",""c0"",""c0"",""c0""],[[""new"",""v1"",""c1""],[""new"",""v2"",""c2""],[""store"",""v0"",""f3.0"",""v1""],[""store"",""v0"",""f3.1"",""v2""],[""load"",""v3"",""v0"",""f3.0""],[""move"",""v4"",""v3""],[""move"",""v5"",""v4""],[""invoke"",null,""v5"",""q0"",[]],[""return"",null]]]]]],[[""s0"",""c3"",""c3""]],[[""e0"",""s0"",""q1"",[]]]]","[[""p0"",""p1"",""p2""],[[""c0"",null,[],[[""m0.0"",""q0"",[],null,[],[[""return"",null]]]]],[""c1"",""c0"",[],[[""m1.0"",""q0"",[],null,[],[[""check"",""p0""],[""return"",null]]]]],[""c2"",""c0"",[],[[""m2.0"",""q0"",[],null,[],[[""check"",""p1""],[""return"",null]]]]],[""c3"",null,[[""f3.0"",""c0""],[""f3.1"",""c0""]],[[""m3.0"",""q1"",[],null,[""c0"",""c0"",""c0"",""c0"",""c0""],[[""new"",""v1"",""c1""],[""new"",""v2"",""c2""],[""store"",""v0"",""f3.0"",""v1""],[""store"",""v0"",""f3.1"",""v2""],[""load"",""v3"",""v0"",""f3.0""],[""move"",""v4"",""v3""],[""move"",""v5"",""v4""],[""invoke"",null,""v5"",""q0"",[]],[""return"",null]]]]],[""c4"",null,[],[[""m4.0"",""q2"",[],null,[],[[""check"",""p0""],[""return"",null]]]]]],[[""s0"",""c3"",""c3""]],[[""e0"",""s0"",""q1"",[]]]]"
3,field,3,0,0,0,False,"[[""p0"",""p1"",""p2""],[[""c0"",null,[],[[""m0.0"",""q0"",[],null,[],[[""return"",null]]]]],[""c1"",""c0"",[],[[""m1.0"",""q0"",[],null,[],[[""check"",""p0""],[""return"",null]]]]],[""c2"",""c0"",[],[[""m2.0"",""q0"",[],null,[],[[""check"",""p1""],[""return"",null]]]]],[""c3"",null,[[""f3.0"",""c0""],[""f3.1"",""c0""]],[[""m3.0"",""q1"",[],null,[""c0"",""c0"",""c0"",""c0"",""c0"",""c0""],[[""new"",""v1"",""c1""],[""new"",""v2"",""c2""],[""store"",""v0"",""f3.0"",""v1""],[""store"",""v0"",""f3.1"",""v2""],[""load"",""v3"",""v0"",""f3.0""],[""move"",""v4"",""v3""],[""move"",""v5"",""v4""],[""move"",""v6"",""v5""],[""invoke"",null,""v6"",""q0"",[]],[""return"",null]]]]]],[[""s0"",""c3"",""c3""]],[[""e0"",""s0"",""q1"",[]]]]","[[""p0"",""p1"",""p2""],[[""c0"",null,[],[[""m0.0"",""q0"",[],null,[],[[""return"",null]]]]],[""c1"",""c0"",[],[[""m1.0"",""q0"",[],null,[],[[""check"",""p0""],[""return"",null]]]]],[""c2"",""c0"",[],[[""m2.0"",""q0"",[],null,[],[[""check"",""p1""],[""return"",null]]]]],[""c3"",null,[[""f3.0"",""c0""],[""f3.1"",""c0""]],[[""m3.0"",""q1"",[],null,[""c0"",""c0"",""c0"",""c0"",""c0"",""c0""],[[""new"",""v1"",""c1""],[""new"",""v2"",""c2""],[""store"",""v0"",""f3.0"",""v1""],[""store"",""v0"",""f3.1"",""v2""],[""load"",""v3"",""v0"",""f3.1""],[""move"",""v4"",""v3""],[""move"",""v5"",""v4""],[""move"",""v6"",""v5""],[""invoke"",null,""v6"",""q0"",[]],[""return"",null]]]]]],[[""s0"",""c3"",""c3""]],[[""e0"",""s0"",""q1"",[]]]]"
4,field,4,0,0,0,True,"[[""p0"",""p1"",""p2""],[[""c0"",null,[],[[""m0.0"",""q0"",[],null,[],[[""return"",null]]]]],[""c1"",""c0"",[],[[""m1.0"",""q0"",[],null,[],[[""check"",""p0""],[""return"",null]]]]],[""c2"",""c0"",[],[[""m2.0"",""q0"",[],null,[],[[""check"",""p1""],[""return"",null]]]]],[""c3"",null,[[""f3.0"",""c0""],[""f3.1"",""c0""]],[[""m3.0"",""q1"",[],null,[""c0"",""c0"",""c0"",""c0"",""c0"",""c0"",""c0""],[[""new"",""v1"",""c1""],[""new"",""v2"",""c2""],[""store"",""v0"",""f3.0"",""v1""],[""store"",""v0"",""f3.1"",""v2""],[""load"",""v3"",""v0"",""f3.0""],[""move"",""v4"",""v3""],[""move"",""v5"",""v4""],[""move"",""v6"",""v5""],[""move"",""v7"",""v6""],[""invoke"",null,""v7"",""q0"",[]],[""return"",null]]]]]],[[""s0"",""c3"",""c3""]],[[""e0"",""s0"",""q1"",[]]]]","[[""p0"",""p1"",""p2""],[[""c0"",null,[],[[""m0.0"",""q0"",[],null,[],[[""return"",null]]]]],[""c1"",""c0"",[],[[""m1.0"",""q0"",[],null,[],[[""check"",""p0""],[""return"",null]]]]],[""c2"",""c0"",[],[[""m2.0"",""q0"",[],null,[],[[""check"",""p1""],[""return"",null]]]]],[""c3"",null,[[""f3.0"",""c0""],[""f3.1"",""c0""],[""f3.2"",""c0""]],[[""m3.0"",""q1"",[],null,[""c0"",""c0"",""c0"",""c0"",""c0"",""c0"",""c0""],[[""new"",""v1"",""c1""],[""new"",""v2"",""c2""],[""store"",""v0"",""f3.0"",""v1""],[""store"",""v0"",""f3.1"",""v2""],[""load"",""v3"",""v0"",""f3.0""],[""move"",""v4"",""v3""],[""move"",""v5"",""v4""],[""move"",""v6"",""v5""],[""move"",""v7"",""v6""],[""invoke"",null,""v7"",""q0"",[]],[""return"",null]]]]]],[[""s0"",""c3"",""c3""]],[[""e0"",""s0"",""q1"",[]]]]"
5,field,0,1,0,3,False,"[[""p0"",""p1"",""p2""],[[""c0"",null,[],[[""m0.0"",""q0"",[],null,[],[[""return"",null]]]]],[""c1"",""c0"",[],[[""m1.0"",""q0"",[],null,[],[[""check"",""p0""],[""return"",null]]]]],[""c2"",""c0"",[],[[""m2.0"",""q0"",[],null,[],[[""check"",""p1""],[""return"",null]]]]],[""c3"",null,[[""f3.0"",""c0""],[""f3.1"",""c0""],[""f3.2"",""c0""]],[[""m3.0"",""q1"",[],null,[""c0"",""c0"",""c0"",""c0""],[[""new"",""v1"",""c1""],[""new"",""v2"",""c2""],[""store"",""v0"",""f3.0"",""v1""],[""store"",""v0"",""f3.1"",""v2""],[""new"",""v4"",""c1""],[""store"",""v0"",""f3.2"",""v4""],[""move"",""v4"",""v1""],[""load"",""v3"",""v0"",""f3.0""],[""invoke"",null,""v3"",""q0"",[]],[""opaque"",[[""direct"",null,""m3.1"",[]]]],[""return"",null]]],[""m3.1"",""q2"",[],null,[],[[""opaque"",[[""direct"",null,""m3.2"",[]]]],[""return"",null]]],[""m3.2"",""q3"",[],null,[],[[""opaque"",[[""check"",""p2""]]],[""return"",null]]]]]],[[""s0"",""c3"",""c3""]],[[""e0"",""s0"",""q1"",[]]]]","[[""p0"",""p1"",""p2""],[[""c0"",null,[],[[""m0.0"",""q0"",[],null,[],[[""return"",null]]]]],[""c1"",""c0"",[],[[""m1.0"",""q0"",[],null,[],[[""check"",""p0""],[""return"",null]]]]],[""c2"",""c0"",[],[[""m2.0"",""q0"",[],null,[],[[""check"",""p1""],[""return"",null]]]]],[""c3"",null,[[""f3.0"",""c0""],[""f3.1"",""c0""],[""f3.2"",""c0""]],[[""m3.0"",""q1"",[],null,[""c0"",""c0"",""c0"",""c0""],[[""new"",""v1"",""c1""],[""new"",""v2"",""c2""],[""store"",""v0"",""f3.0"",""v1""],[""store"",""v0"",""f3.1"",""v2""],[""new"",""v4"",""c1""],[""store"",""v0"",""f3.2"",""v4""],[""move"",""v4"",""v1""],[""load"",""v3"",""v0"",""f3.1""],[""invoke"",null,""v3"",""q0"",[]],[""opaque"",[[""direct"",null,""m3.1"",[]]]],[""return"",null]]],[""m3.1"",""q2"",[],null,[],[[""opaque"",[[""direct"",null,""m3.2"",[]]]],[""return"",null]]],[""m3.2"",""q3"",[],null,[],[[""opaque"",[[""check"",""p2""]]],[""return"",null]]]]]],[[""s0"",""c3"",""c3""]],[[""e0"",""s0"",""q1"",[]]]]"
6,field,1,1,0,0,True,"[[""p0"",""p1"",""p2""],[[""c0"",null,[],[[""m0.0"",""q0"",[],null,[],[[""return"",null]]]]],[""c1"",""c0"",[],[[""m1.0"",""q0"",[],null,[],[[""check"",""p0""],[""return"",null]]]]],[""c2"",""c0"",[],[[""m2.0"",""q0"",[],null,[],[[""check"",""p1""],[""return"",null]]]]],[""c3"",null,[[""f3.0"",""c0""],[""f3.1"",""c0""],[""f3.2"",""c0""]],[[""m3.0"",""q1"",[],null,[""c0"",""c0"",""c0"",""c0"",""c0""],[[""new"",""v1"",""c1""],[""new"",""v2"",""c2""],[""store"",""v0"",""f3.0"",""v1""],[""store"",""v0"",""f3.1"",""v2""],[""new"",""v4"",""c1""],[""store"",""v0"",""f3.2"",""v4""],[""move"",""v4"",""v1""],[""load"",""v3"",""v0"",""f3.0""],[""move"",""v5"",""v3""],[""invoke"",null,""v5"",""q0"",[]],[""return"",null]]]]]],[[""s0"",""c3"",""c3""]],[[""e0"",""s0"",""q1"",[]]]]","[[""p0"",""p1"",""p2""],[[""c0"",null,[],[[""m0.0"",""q0"",[],null,[],[[""return"",null]]]]],[""c1"",""c0"",[],[[""m1.0"",""q0"",[],null,[],[[""check"",""p0""],[""return"",null]]]]],[""c2"",""c0"",[],[[""m2.0"",""q0"",[],null,[],[[""check"",""p1""],[""return"",null]]]]],[""c3"",null,[[""f3.0"",""c0""],[""f3.1"",""c0""],[""f3.2"",""c0""]],[[""m3.0"",""q1"",[],null,[""c0"",""c0"",""c0"",""c0"",""c0"",""c0""],[[""new"",""v1"",""c1""],[""new"",""v2"",""c2""],[""store"",""v0"",""f3.0"",""v1""],[""store"",""v0"",""f3.1"",""v2""],[""new"",""v4"",""c1""],[""store"",""v0"",""f3.2"",""v4""],[""move"",""v4"",""v1""],[""load"",""v3"",""v0"",""f3.0""],[""move"",""v5"",""v3""],[""move"",""v6"",""v5""],[""invoke"",null,""v6"",""q0"",[]],[""return"",null]]]]]],[[""s0"",""c3"",""c3""]],[[""e0"",""s0"",""q1"",[]]]]"
7,field,2,1,0,0,False,"[[""p0"",""p1"",""p2""],[[""c0"",null,[],[[""m0.0"",""q0"",[],null,[],[[""return"",null]]]]],[""c1"",""c0"",[],[[""m1.0"",""q0"",[],null,[],[[""check"",""p0""],[""return"",null]]]]],[""c2"",""c0"",[],[[""m2.0"",""q0"",[],null,[],[[""check"",""p1""],[""return"",null]]]]],[""c3"",null,[[""f3.0"",""c0""],[""f3.1"",""c0""],[""f3.2"",""c0""]],[[""m3.0"",""q1"",[],null,[""c0"",""c0"",""c0"",""c0"",""c0"",""c0""],[[""new"",""v1"",""c1""],[""new"",""v2"",""c2""],[""store"",""v0"",""f3.0"",""v1""],[""store"",""v0"",""f3.1"",""v2""],[""new"",""v4"",""c1""],[""store"",""v0"",""f3.2"",""v4""],[""move"",""v4"",""v1""],[""load"",""v3"",""v0"",""f3.0""],[""move"",""v5"",""v3""],[""move"",""v6"",""v5""],[""invoke"",null,""v6"",""q0"",[]],[""return"",null]]]]]],[[""s0"",""c3"",""c3""]],[[""e0"",""s0"",""q1"",[]]]]","[[""p0"",""p1"",""p2""],[[""c0"",null,[],[[""m0.0"",""q0"",[],null,[],[[""return"",null]]]]],[""c1"",""c0"",[],[[""m1.0"",""q0"",[],null,[],[[""check"",""p0""],[""return"",null]]]]],[""c2"",""c0"",[],[[""m2.0"",""q0"",[],null,[],[[""check"",""p1""],[""return"",null]]]]],[""c3"",null,[[""f3.0"",""c0""],[""f3.1"",""c0""],[""f3.2"",""c0""]],[[""m3.0"",""q1"",[],null,[""c0"",""c0"",""c0"",""c0"",""c0"",""c0""],[[""new"",""v1"",""c1""],[""new"",""v2"",""c2""],[""store"",""v0"",""f3.0"",""v1""],[""store"",""v0"",""f3.1"",""v2""],[""new"",""v4"",""c1""],[""store"",""v0"",""f3.2"",""v4""],[""move"",""v4"",""v1""],[""load"",""v3"",""v0"",""f3.1""],[""move"",""v5"",""v3""],[""move"",""v6"",""v5""],[""invoke"",null,""v6"",""q0"",[]],[""return"",null]]]]]],[[""s0"",""c3"",""c3""]],[[""e0"",""s0"",""q1"",[]]]]"
8,field,3,1,0,0,True,"[[""p0"",""p1"",""p2""],[[""c0"",null,[],[[""m0.0"",""q0"",[],null,[],[[""return"",null]]]]],[""c1"",""c0"",[],[[""m1.0"",""q0"",[],null,[],[[""check"",""p0""],[""return"",null]]]]],[""c2"",""c0"",[],[[""m2.0"",""q0"",[],null,[],[[""check"",""p1""],[""return"",null]]]]],[""c3"",null,[[""f3.0"",""c0""],[""f3.1"",""c0""],[""f3.2"",""c0""]],[[""m3.0"",""q1"",[],null,[""c0"",""c0"",""c0"",""c0"",""c0"",""c0"",""c0""],[[""new"",""v1"",""c1""],[""new"",""v2"",""c2""],[""store"",""v0"",""f3.0"",""v1""],[""store"",""v0"",""f3.1"",""v2""],[""new"",""v4"",""c1""],[""store"",""v0"",""f3.2"",""v4""],[""move"",""v4"",""v1""],[""load"",""v3"",""v0"",""f3.0""],[""move"",""v5"",""v3""],[""move"",""v6"",""v5""],[""move"",""v7"",""v6""],[""invoke"",null,""v7"",""q0"",[]],[""return"",null]]]]]],[[""s0"",""c3"",""c3""]],[[""e0"",""s0"",""q1"",[]]]]","[[""p0"",""p1"",""p2""],[[""c0"",null,[],[[""m0.0"",""q0"",[],null,[],[[""return"",null]]]]],[""c1"",""c0"",[],[[""m1.0"",""q0"",[],null,[],[[""check"",""p0""],[""return"",null]]]]],[""c2"",""c0"",[],[[""m2.0"",""q0"",[],null,[],[[""check"",""p1""],[""return"",null]]]]],[""c3"",null,[[""f3.0"",""c0""],[""f3.1"",""c0""],[""f3.2"",""c0""]],[[""m3.0"",""q1"",[],null,[""c0"",""c0"",""c0"",""c0"",""c0"",""c0"",""c0""],[[""new"",""v1"",""c1""],[""new"",""v2"",""c2""],[""store"",""v0"",""f3.0"",""v1""],[""store"",""v0"",""f3.1"",""v2""],[""new"",""v4"",""c1""],[""store"",""v0"",""f3.2"",""v4""],[""move"",""v4"",""v1""],[""load"",""v3"",""v0"",""f3.0""],[""move"",""v5"",""v3""],[""move"",""v6"",""v5""],[""move"",""v7"",""v6""],[""invoke"",null,""v7"",""q0"",[]],[""return"",null]]]]],[""c4"",null,[],[[""m4.0"",""q2"",[],null,[],[[""check"",""p0""],[""return"",null]]]]]],[[""s0"",""c3"",""c3""]],[[""e0"",""s0"",""q1"",[]]]]"
9,field,4,1,0,0,False,"[[""p0"",""p1"",""p2""],[[""c0"",null,[],[[""m0.0"",""q0"",[],null,[],[[""return"",null]]]]],[""c1"",""c0"",[],[[""m1.0"",""q0"",[],null,[],[[""check"",""p0""],[""return"",null]]]]],[""c2"",""c0"",[],[[""m2.0"",""q0"",[],null,[],[[""check"",""p1""],[""return"",null]]]]],[""c3"",null,[[""f3.0"",""c0""],[""f3.1"",""c0""],[""f3.2"",""c0""]],[[""m3.0"",""q1"",[],null,[""c0"",""c0"",""c0"",""c0"",""c0"",""c0"",""c0"",""c0""],[[""new"",""v1"",""c1""],[""new"",""v2"",""c2""],[""store"",""v0"",""f3.0"",""v1""],[""store"",""v0"",""f3.1"",""v2""],[""new"",""v4"",""c1""],[""store"",""v0"",""f3.2"",""v4""],[""move"",""v4"",""v1""],[""load"",""v3"",""v0"",""f3.0""],[""move"",""v5"",""v3""],[""move"",""v6"",""v5""],[""move"",""v7"",""v6""],[""move"",""v8"",""v7""],[""invoke"",null,""v8"",""q0"",[]],[""return"",null]]]]]],[[""s0"",""c3"",""c3""]],[[""e0"",""s0"",""q1"",[]]]]","[[""p0"",""p1"",""p2""],[[""c0"",null,[],[[""m0.0"",""q0"",[],null,[],[[""return"",null]]]]],[""c1"",""c0"",[],[[""m1.0"",""q0"",[],null,[],[[""check"",""p0""],[""return"",null]]]]],[""c2"",""c0"",[],[[""m2.0"",""q0"",[],null,[],[[""check"",""p1""],[""return"",null]]]]],[""c3"",null,[[""f3.0"",""c0""],[""f3.1"",""c0""],[""f3.2"",""c0""]],[[""m3.0"",""q1"",[],null,[""c0"",""c0"",""c0"",""c0"",""c0"",""c0"",""c0"",""c0""],[[""new"",""v1"",""c1""],[""new"",""v2"",""c2""],[""store"",""v0"",""f3.0"",""v1""],[""store"",""v0"",""f3.1"",""v2""],[""new"",""v4"",""c1""],[""store"",""v0"",""f3.2"",""v4""],[""move"",""v4"",""v1""],[""load"",""v3"",""v0"",""f3.1""],[""move"",""v5"",""v3""],[""move"",""v6"",""v5""],[""move"",""v7"",""v6""],[""move"",""v8"",""v7""],[""invoke"",null,""v8"",""q0"",[]],[""return"",null]]]]]],[[""s0"",""c3"",""c3""]],[[""e0"",""s0"",""q1"",[]]]]"
10,field,0,2,0,1,True,"[[""p0"",""p1"",""p2""],[[""c0"",null,[],[[""m0.0"",""q0"",[],null,[],[[""return"",null]]]]],[""c1"",""c0"",[],[[""m1.0"",""q0"",[],null,[],[[""check"",""p0""],[""return"",null]]]]],[""c2"",""c0"",[],[[""m2.0"",""q0"",[],null,[],[[""check"",""p1""],[""return"",null]]]]],[""c3"",null,[[""f3.0"",""c0""],[""f3.1"",""c0""],[""f3.2"",""c0""],[""f3.3"",""c0""]],[[""m3.0"",""q1"",[],null,[""c0"",""c0"",""c0"",""c0"",""c0""],[[""new"",""v1"",""c1""],[""new"",""v2"",""c2""],[""store"",""v0"",""f3.0"",""v1""],[""store"",""v0"",""f3.1"",""v2""],[""new"",""v4"",""c1""],[""store"",""v0"",""f3.2"",""v4""],[""move"",""v4"",""v1""],[""new"",""v5"",""c2""],[""store"",""v0"",""f3.3"",""v5""],[""move"",""v5"",""v2""],[""load"",""v3"",""v0"",""f3.0""],[""invoke"",null,""v3"",""q0"",[]],[""opaque"",[[""check"",""p2""]]],[""return"",null]]]]]],[[""s0"",""c3"",""c3""]],[[""e0"",""s0"",""q1"",[]]]]","[[""p0"",""p1"",""p2""],[[""c0"",null,[],[[""m0.0"",""q0"",[],null,[],[[""return"",null]]]]],[""c1"",""c0"",[],[[""m1.0"",""q0"",[],null,[],[[""check"",""p0""],[""return"",null]]]]],[""c2"",""c0"",[],[[""m2.0"",""q0"",[],null,[],[[""check"",""p1""],[""return"",null]]]]],[""c3"",null,[[""f3.0"",""c0""],[""f3.1"",""c0""],[""f3.2"",""c0""],[""f3.3"",""c0""],[""f3.4"",""c0""]],[[""m3.0"",""q1"",[],null,[""c0"",""c0"",""c0"",""c0"",""c0""],[[""new"",""v1"",""c1""],[""new"",""v2"",""c2""],[""store"",""v0"",""f3.0"",""v1""],[""store"",""v0"",""f3.1"",""v2""],[""new"",""v4"",""c1""],[""store"",""v0"",""f3.2"",""v4""],[""move"",""v4"",""v1""],[""new"",""v5"",""c2""],[""store"",""v0"",""f3.3"",""v5""],[""move"",""v5"",""v2""],[""load"",""v3"",""v0"",""f3.0""],[""invoke"",null,""v3"",""q0"",[]],[""opaque"",[[""check"",""p2""]]],[""return"",null]]]]]],[[""s0"",""c3"",""c3""]],[[""e0"",""s0"",""q1"",[]]]]"
11,field,1,2,0,0,False,"[[""p0"",""p1"",""p2""],[[""c0"",null,[],[[""m0.0"",""q0"",[],null,[],[[""return"",null]]]]],[""c1"",""c0"",[],[[""m1.0"",""q0"",[],null,[],[[""check"",""p0""],[""return"",null]]]]],[""c2"",""c0"",[],[[""m2.0"",""q0"",[],null,[],[[""check"",""p1""],[""return"",null]]]]],[""c3"",null,[[""f3.0"",""c0""],[""f3.1"",""c0""],[""f3.2"",""c0""],[""f3.3"",""c0""]],[[""m3.0"",""q1"",[],null,[""c0"",""c0"",""c0"",""c0"",""c0"",""c0""],[[""new"",""v1"",""c1""],[""new"",""v2"",""c2""],[""store"",""v0"",""f3.0"",""v1""],[""store"",""v0"",""f3.1"",""v2""],[""new"",""v4"",""c1""],[""store"",""v0"",""f3.2"",""v4""],[""move"",""v4"",""v1""],[""new"",""v5"",""c2""],[""store"",""v0"",""f3.3"",""v5""],[""move"",""v5"",""v2""],[""load"",""v3"",""v0"",""f3.0""],[""move"",""v6"",""v3""],[""invoke"",null,""v6"",""q0"",[]],[""return"",null]]]]]],[[""s0"",""c3"",""c3""]],[[""e0"",""s0"",""q1"",[]]]]","[[""p0"",""p1"",""p2""],[[""c0"",null,[],[[""m0.0"",""q0"",[],null,[],[[""return"",null]]]]],[""c1"",""c0"",[],[[""m1.0"",""q0"",[],null,[],[[""check"",""p0""],[""return"",null]]]]],[""c2"",""c0"",[],[[""m2.0"",""q0"",[],null,[],[[""check"",""p1""],[""return"",null]]]]],[""c3"",null,[[""f3.0"",""c0""],[""f3.1"",""c0""],[""f3.2"",""c0""],[""f3.3"",""c0""]],[[""m3.0"",""q1"",[],null,[""c0"",""c0"",""c0"",""c0"",""c0"",""c0""],[[""new"",""v1"",""c1""],[""new"",""v2"",""c2""],[""store"",""v0"",""f3.0"",""v1""],[""store"",""v0"",""f3.1"",""v2""],[""new"",""v4"",""c1""],[""store"",""v0"",""f3.2"",""v4""],[""move"",""v4"",""v1""],[""new"",""v5"",""c2""],[""store"",""v0"",""f3.3"",""v5""],[""move"",""v5"",""v2""],[""load"",""v3"",""v0"",""f3.1""],[""move"",""v6"",""v3""],[""invoke"",null,""v6"",""q0"",[]],[""return"",null]]]]]],[[""s0"",""c3"",""c3""]],[[""e0"",""s0"",""q1"",[]]]]"
12,field,2,2,0,0,True,"[[""p0"",""p1"",""p2""],[[""c0"",null,[],[[""m0.0"",""q0"",[],null,[],[[""return"",null]]]]],[""c1"",""c0"",[],[[""m1.0"",""q0"",[],null,[],[[""check"",""p0""],[""return"",null]]]]],[""c2"",""c0"",[],[[""m2.0"",""q0"",[],null,[],[[""check"",""p1""],[""return"",null]]]]],[""c3"",null,[[""f3.0"",""c0""],[""f3.1"",""c0""],[""f3.2"",""c0""],[""f3.3"",""c0""]],[[""m3.0"",""q1"",[],null,[""c0"",""c0"",""c0"",""c0"",""c0"",""c0"",""c0""],[[""new"",""v1"",""c1""],[""new"",""v2"",""c2""],[""store"",""v0"",""f3.0"",""v1""],[""store"",""v0"",""f3.1"",""v2""],[""new"",""v4"",""c1""],[""store"",""v0"",""f3.2"",""v4""],[""move"",""v4"",""v1""],[""new"",""v5"",""c2""],[""store"",""v0"",""f3.3"",""v5""],[""move"",""v5"",""v2""],[""load"",""v3"",""v0"",""f3.0""],[""move"",""v6"",""v3""],[""move"",""v7"",""v6""],[""invoke"",null,""v7"",""q0"",[]],[""return"",null]]]]]],[[""s0"",""c3"",""c3""]],[[""e0"",""s0"",""q1"",[]]]]","[[""p0"",""p1"",""p2""],[[""c0"",null,[],[[""m0.0"",""q0"",[],null,[],[[""return"",null]]]]],[""c1"",""c0"",[],[[""m1.0"",""q0"",[],null,[],[[""check"",""p0""],[""return"",null]]]]],[""c2"",""c0"",[],[[""m2.0"",""q0"",[],null,[],[[""check"",""p1""],[""return"",null]]]]],[""c3"",null,[[""f3.0"",""c0""],[""f3.1"",""c0""],[""f3.2"",""c0""],[""f3.3"",""c0""]],[[""m3.0"",""q1"",[],null,[""c0"",""c0"",""c0"",""c0"",""c0"",""c0"",""c0"",""c0""],[[""new"",""v1"",""c1""],[""new"",""v2"",""c2""],[""store"",""v0"",""f3.0"",""v1""],[""store"",""v0"",""f3.1"",""v2""],[""new"",""v4"",""c1""],[""store"",""v0"",""f3.2"",""v4""],[""move"",""v4"",""v1""],[""new"",""v5"",""c2""],[""store"",""v0"",""f3.3"",""v5""],[""move"",""v5"",""v2""],[""load"",""v3"",""v0"",""f3.0""],[""move"",""v6"",""v3""],[""move"",""v7"",""v6""],[""move"",""v8"",""v7""],[""invoke"",null,""v8"",""q0"",[]],[""return"",null]]]]]],[[""s0"",""c3"",""c3""]],[[""e0"",""s0"",""q1"",[]]]]"
13,field,3,2,0,0,False,"[[""p0"",""p1"",""p2""],[[""c0"",null,[],[[""m0.0"",""q0"",[],null,[],[[""return"",null]]]]],[""c1"",""c0"",[],[[""m1.0"",""q0"",[],null,[],[[""check"",""p0""],[""return"",null]]]]],[""c2"",""c0"",[],[[""m2.0"",""q0"",[],null,[],[[""check"",""p1""],[""return"",null]]]]],[""c3"",null,[[""f3.0"",""c0""],[""f3.1"",""c0""],[""f3.2"",""c0""],[""f3.3"",""c0""]],[[""m3.0"",""q1"",[],null,[""c0"",""c0"",""c0"",""c0"",""c0"",""c0"",""c0"",""c0""],[[""new"",""v1"",""c1""],[""new"",""v2"",""c2""],[""store"",""v0"",""f3.0"",""v1""],[""store"",""v0"",""f3.1"",""v2""],[""new"",""v4"",""c1""],[""store"",""v0"",""f3.2"",""v4""],[""move"",""v4"",""v1""],[""new"",""v5"",""c2""],[""store"",""v0"",""f3.3"",""v5""],[""move"",""v5"",""v2""],[""load"",""v3"",""v0"",""f3.0""],[""move"",""v6"",""v3""],[""move"",""v7"",""v6""],[""move"",""v8"",""v7""],[""invoke"",null,""v8"",""q0"",[]],[""return"",null]]]]]],[[""s0"",""c3"",""c3""]],[[""e0"",""s0"",""q1"",[]]]]","[[""p0"",""p1"",""p2""],[[""c0"",null,[],[[""m0.0"",""q0"",[],null,[],[[""return"",null]]]]],[""c1"",""c0"",[],[[""m1.0"",""q0"",[],null,[],[[""check"",""p0""],[""return"",null]]]]],[""c2"",""c0"",[],[[""m2.0"",""q0"",[],null,[],[[""check"",""p1""],[""return"",null]]]]],[""c3"",null,[[""f3.0"",""c0""],[""f3.1"",""c0""],[""f3.2"",""c0""],[""f3.3"",""c0""]],[[""m3.0"",""q1"",[],null,[""c0"",""c0"",""c0"",""c0"",""c0"",""c0"",""c0"",""c0""],[[""new"",""v1"",""c1""],[""new"",""v2"",""c2""],[""store"",""v0"",""f3.0"",""v1""],[""store"",""v0"",""f3.1"",""v2""],[""new"",""v4"",""c1""],[""store"",""v0"",""f3.2"",""v4""],[""move"",""v4"",""v1""],[""new"",""v5"",""c2""],[""store"",""v0"",""f3.3"",""v5""],[""move"",""v5"",""v2""],[""load"",""v3"",""v0"",""f3.1""],[""move"",""v6"",""v3""],[""move"",""v7"",""v6""],[""move"",""v8"",""v7""],[""invoke"",null,""v8"",""q0"",[]],[""return"",null]]]]]],[[""s0"",""c3"",""c3""]],[[""e0"",""s0"",""q1"",[]]]]"
14,field,4,2,0,0,True,"[[""p0"",""p1"",""p2""],[[""c0"",null,[],[[""m0.0"",""q0"",[],null,[],[[""return"",null]]]]],[""c1"",""c0"",[],[[""m1.0"",""q0"",[],null,[],[[""check"",""p0""],[""return"",null]]]]],[""c2"",""c0"",[],[[""m2.0"",""q0"",[],null,[],[[""check"",""p1""],[""return"",null]]]]],[""c3"",null,[[""f3.0"",""c0""],[""f3.1"",""c0""],[""f3.2"",""c0""],[""f3.3"",""c0""]],[[""m3.0"",""q1"",[],null,[""c0"",""c0"",""c0"",""c0"",""c0"",""c0"",""c0"",""c0"",""c0""],[[""new"",""v1"",""c1""],[""new"",""v2"",""c2""],[""store"",""v0"",""f3.0"",""v1""],[""store"",""v0"",""f3.1"",""v2""],[""new"",""v4"",""c1""],[""store"",""v0"",""f3.2"",""v4""],[""move"",""v4"",""v1""],[""new"",""v5"",""c2""],[""store"",""v0"",""f3.3"",""v5""],[""move"",""v5"",""v2""],[""load"",""v3"",""v0"",""f3.0""],[""move"",""v6"",""v3""],[""move"",""v7"",""v6""],[""move"",""v8"",""v7""],[""move"",""v9"",""v8""],[""invoke"",null,""v9"",""q0"",[]],[""return"",null]]]]]],[[""s0"",""c3"",""c3""]],[[""e0"",""s0"",""q1"",[]]]]","[[""p0"",""p1"",""p2""],[[""c0"",null,[],[[""m0.0"",""q0"",[],null,[],[[""return"",null]]]]],[""c1"",""c0"",[],[[""m1.0"",""q0"",[],null,[],[[""check"",""p0""],[""return"",null]]]]],[""c2"",""c0"",[],[[""m2.0"",""q0"",[],null,[],[[""check"",""p1""],[""return"",null]]]]],[""c3"",null,[[""f3.0"",""c0""],[""f3.1"",""c0""],[""f3.2"",""c0""],[""f3.3"",""c0""]],[[""m3.0"",""q1"",[],null,[""c0"",""c0"",""c0"",""c0"",""c0"",""c0"",""c0"",""c0"",""c0""],[[""new"",""v1"",""c1""],[""new"",""v2"",""c2""],[""store"",""v0"",""f3.0"",""v1""],[""store"",""v0"",""f3.1"",""v2""],[""new"",""v4"",""c1""],[""store"",""v0"",""f3.2"",""v4""],[""move"",""v4"",""v1""],[""new"",""v5"",""c2""],[""store"",""v0"",""f3.3"",""v5""],[""move"",""v5"",""v2""],[""load"",""v3"",""v0"",""f3.0""],[""move"",""v6"",""v3""],[""move"",""v7"",""v6""],[""move"",""v8"",""v7""],[""move"",""v9"",""v8""],[""invoke"",null,""v9"",""q0"",[]],[""return"",null]]]]],[""c4"",null,[],[[""m4.0"",""q2"",[],null,[],[[""check"",""p0""],[""return"",null]]]]]],[[""s0"",""c3"",""c3""]],[[""e0"",""s0"",""q1"",[]]]]"
15,field,0,3,0,2,False,"[[""p0"",""p1"",""p2""],[[""c0"",null,[],[[""m0.0"",""q0"",[],null,[],[[""return"",null]]]]],[""c1"",""c0"",[],[[""m1.0"",""q0"",[],null,[],[[""check"",""p0""],[""return"",null]]]]],[""c2"",""c0"",[],[[""m2.0"",""q0"",[],null,[],[[""check"",""p1""],[""return"",null]]]]],[""c3"",null,[[""f3.0"",""c0""],[""f3.1"",""c0""],[""f3.2"",""c0""],[""f3.3"",""c0""],[""f3.4"",""c0""]],[[""m3.0"",""q1"",[],null,[""c0"",""c0"",""c0"",""c0"",""c0"",""c0""],[[""new"",""v1"",""c1""],[""new"",""v2"",""c2""],[""store"",""v0"",""f3.0"",""v1""],[""store"",""v0"",""f3.1"",""v2""],[""new"",""v4"",""c1""],[""store"",""v0"",""f3.2"",""v4""],[""move"",""v4"",""v1""],[""new"",""v5"",""c2""],[""store"",""v0"",""f3.3"",""v5""],[""move"",""v5"",""v2""],[""new"",""v6"",""c1""],[""store"",""v0"",""f3.4"",""v6""],[""move"",""v6"",""v1""],[""load"",""v3"",""v0"",""f3.0""],[""invoke"",null,""v3"",""q0"",[]],[""opaque"",[[""direct"",null,""m3.1"",[]]]],[""return"",null]]],[""m3.1"",""q2"",[],null,[],[[""opaque"",[[""check"",""p2""]]],[""return"",null]]]]]],[[""s0"",""c3"",""c3""]],[[""e0"",""s0"",""q1"",[]]]]","[[""p0"",""p1"",""p2""],[[""c0"",null,[],[[""m0.0"",""q0"",[],null,[],[[""return"",null]]]]],[""c1"",""c0"",[],[[""m1.0"",""q0"",[],null,[],[[""check"",""p0""],[""return"",null]]]]],[""c2"",""c0"",[],[[""m2.0"",""q0"",[],null,[],[[""check"",""p1""],[""return"",null]]]]],[""c3"",null,[[""f3.0"",""c0""],[""f3.1"",""c0""],[""f3.2"",""c0""],[""f3.3"",""c0""],[""f3.4"",""c0""]],[[""m3.0"",""q1"",[],null,[""c0"",""c0"",""c0"",""c0"",""c0"",""c0""],[[""new"",""v1"",""c1""],[""new"",""v2"",""c2""],[""store"",""v0"",""f3.0"",""v1""],[""store"",""v0"",""f3.1"",""v2""],[""new"",""v4"",""c1""],[""store"",""v0"",""f3.2"",""v4""],[""move"",""v4"",""v1""],[""new"",""v5"",""c2""],[""store"",""v0"",""f3.3"",""v5""],[""move"",""v5"",""v2""],[""new"",""v6"",""c1""],[""store"",""v0"",""f3.4"",""v6""],[""move"",""v6"",""v1""],[""load"",""v3"",""v0"",""f3.1""],[""invoke"",null,""v3"",""q0"",[]],[""opaque"",[[""direct"",null,""m3.1"",[]]]],[""return"",null]]],[""m3.1"",""q2"",[],null,[],[[""opaque"",[[""check"",""p2""]]],[""return"",null]]]]]],[[""s0"",""c3"",""c3""]],[[""e0"",""s0"",""q1"",[]]]]"
16,field,1,3,0,0,True,"[[""p0"",""p1"",""p2""],[[""c0"",null,[],[[""m0.0"",""q0"",[],null,[],[[""return"",null]]]]],[""c1"",""c0"",[],[[""m1.0"",""q0"",[],null,[],[[""check"",""p0""],[""return"",null]]]]],[""c2"",""c0"",[],[[""m2.0"",""q0"",[],null,[],[[""check"",""p1""],[""return"",null]]]]],[""c3"",null,[[""f3.0"",""c0""],[""f3.1"",""c0""],[""f3.2"",""c0""],[""f3.3"",""c0""],[""f3.4"",""c0""]],[[""m3.0"",""q1"",[],null,[""c0"",""c0"",""c0"",""c0"",""c0"",""c0"",""c0""],[[""new"",""v1"",""c1""],[""new"",""v2"",""c2""],[""store"",""v0"",""f3.0"",""v1""],[""store"",""v0"",""f3.1"",""v2""],[""new"",""v4"",""c1""],[""store"",""v0"",""f3.2"",""v4""],[""move"",""v4"",""v1""],[""new"",""v5"",""c2""],[""store"",""v0"",""f3.3"",""v5""],[""move"",""v5"",""v2""],[""new"",""v6"",""c1""],[""store"",""v0"",""f3.4"",""v6""],[""move"",""v6"",""v1""],[""load"",""v3"",""v0"",""f3.0""],[""move"",""v7"",""v3""],[""invoke"",null,""v7"",""q0"",[]],[""return"",null]]]]]],[[""s0"",""c3"",""c3""]],[[""e0"",""s0"",""q1"",[]]]]","[[""p0"",""p1"",""p2""],[[""c0"",null,[],[[""m0.0"",""q0"",[],null,[],[[""return"",null]]]]],[""c1"",""c0"",[],[[""m1.0"",""q0"",[],null,[],[[""check"",""p0""],[""return"",null]]]]],[""c2"",""c0"",[],[[""m2.0"",""q0"",[],null,[],[[""check"",""p1""],[""return"",null]]]]],[""c3"",null,[[""f3.0"",""c0""],[""f3.1"",""c0""],[""f3.2"",""c0""],[""f3.3"",""c0""],[""f3.4"",""c0""],[""f3.5"",""c0""]],[[""m3.0"",""q1"",[],null,[""c0"",""c0"",""c0"",""c0"",""c0"",""c0"",""c0""],[[""new"",""v1"",""c1""],[""new"",""v2"",""c2""],[""store"",""v0"",""f3.0"",""v1""],[""store"",""v0"",""f3.1"",""v2""],[""new"",""v4"",""c1""],[""store"",""v0"",""f3.2"",""v4""],[""move"",""v4"",""v1""],[""new"",""v5"",""c2""],[""store"",""v0"",""f3.3"",""v5""],[""move"",""v5"",""v2""],[""new"",""v6"",""c1""],[""store"",""v0"",""f3.4"",""v6""],[""move"",""v6"",""v1""],[""load"",""v3"",""v0"",""f3.0""],[""move"",""v7"",""v3""],[""invoke"",null,""v7"",""q0"",[]],[""return"",null]]]]]],[[""s0"",""c3"",""c3""]],[[""e0"",""s0"",""q1"",[]]]]"
17,field,2,3,0,0,False,"[[""p0"",""p1"",""p2""],[[""c0"",null,[],[[""m0.0"",""q0"",[],null,[],[[""return"",null]]]]],[""c1"",""c0"",[],[[""m1.0"",""q0"",[],null,[],[[""check"",""p0""],[""return"",null]]]]],[""c2"",""c0"",[],[[""m2.0"",""q0"",[],null,[],[[""check"",""p1""],[""return"",null]]]]],[""c3"",null,[[""f3.0"",""c0""],[""f3.1"",""c0""],[""f3.2"",""c0""],[""f3.3"",""c0""],[""f3.4"",""c0""]],[[""m3.0"",""q1"",[],null,[""c0"",""c0"",""c0"",""c0"",""c0"",""c0"",""c0"",""c0""],[[""new"",""v1"",""c1""],[""new"",""v2"",""c2""],[""store"",""v0"",""f3.0"",""v1""],[""store"",""v0"",""f3.1"",""v2""],[""new"",""v4"",""c1""],[""store"",""v0"",""f3.2"",""v4""],[""move"",""v4"",""v1""],[""new"",""v5"",""c2""],[""store"",""v0"",""f3.3"",""v5""],[""move"",""v5"",""v2""],[""new"",""v6"",""c1""],[""store"",""v0"",""f3.4"",""v6""],[""move"",""v6"",""v1""],[""load"",""v3"",""v0"",""f3.0""],[""move"",""v7"",""v3""],[""move"",""v8"",""v7""],[""invoke"",null,""v8"",""q0"",[]],[""return"",null]]]]]],[[""s0"",""c3"",""c3""]],[[""e0"",""s0"",""q1"",[]]]]","[[""p0"",""p1"",""p2""],[[""c0"",null,[],[[""m0.0"",""q0"",[],null,[],[[""return"",null]]]]],[""c1"",""c0"",[],[[""m1.0"",""q0"",[],null,[],[[""check"",""p0""],[""return"",null]]]]],[""c2"",""c0"",[],[[""m2.0"",""q0"",[],null,[],[[""check"",""p1""],[""return"",null]]]]],[""c3"",null,[[""f3.0"",""c0""],[""f3.1"",""c0""],[""f3.2"",""c0""],[""f3.3"",""c0""],[""f3.4"",""c0""]],[[""m3.0"",""q1"",[],null,[""c0"",""c0"",""c0"",""c0"",""c0"",""c0"",""c0"",""c0""],[[""new"",""v1"",""c1""],[""new"",""v2"",""c2""],[""store"",""v0"",""f3.0"",""v1""],[""store"",""v0"",""f3.1"",""v2""],[""new"",""v4"",""c1""],[""store"",""v0"",""f3.2"",""v4""],[""move"",""v4"",""v1""],[""new"",""v5"",""c2""],[""store"",""v0"",""f3.3"",""v5""],[""move"",""v5"",""v2""],[""new"",""v6"",""c1""],[""store"",""v0"",""f3.4"",""v6""],[""move"",""v6"",""v1""],[""load"",""v3"",""v0"",""f3.1""],[""move"",""v7"",""v3""],[""move"",""v8"",""v7""],[""invoke"",null,""v8"",""q0"",[]],[""return"",null]]]]]],[[""s0"",""c3"",""c3""]],[[""e0"",""s0"",""q1"",[]]]]"
18,field,3,3,0,0,True,"[[""p0"",""p1"",""p2""],[[""c0"",null,[],[[""m0.0"",""q0"",[],null,[],[[""return"",null]]]]],[""c1"",""c0"",[],[[""m1.0"",""q0"",[],null,[],[[""check"",""p0""],[""return"",null]]]]],[""c2"",""c0"",[],[[""m2.0"",""q0"",[],null,[],[[""check"",""p1""],[""return"",null]]]]],[""c3"",null,[[""f3.0"",""c0""],[""f3.1"",""c0""],[""f3.2"",""c0""],[""f3.3"",""c0""],[""f3.4"",""c0""]],[[""m3.0"",""q1"",[],null,[""c0"",""c0"",""c0"",""c0"",""c0"",""c0"",""c0"",""c0"",""c0""],[[""new"",""v1"",""c1""],[""new"",""v2"",""c2""],[""store"",""v0"",""f3.0"",""v1""],[""store"",""v0"",""f3.1"",""v2""],[""new"",""v4"",""c1""],[""store"",""v0"",""f3.2"",""v4""],[""move"",""v4"",""v1""],[""new"",""v5"",""c2""],[""store"",""v0"",""f3.3"",""v5""],[""move"",""v5"",""v2""],[""new"",""v6"",""c1""],[""store"",""v0"",""f3.4"",""v6""],[""move"",""v6"",""v1""],[""load"",""v3"",""v0"",""f3.0""],[""move"",""v7"",""v3""],[""move"",""v8"",""v7""],[""move"",""v9"",""v8""],[""invoke"",null,""v9"",""q0"",[]],[""return"",null]]]]]],[[""s0"",""c3"",""c3""]],[[""e0"",""s0"",""q1"",[]]]]","[[""p0"",""p1"",""p2""],[[""c0"",null,[],[[""m0.0"",""q0"",[],null,[],[[""return"",null]]]]],[""c1"",""c0"",[],[[""m1.0"",""q0"",[],null,[],[[""check"",""p0""],[""return"",null]]]]],[""c2"",""c0"",[],[[""m2.0"",""q0"",[],null,[],[[""check"",""p1""],[""return"",null]]]]],[""c3"",null,[[""f3.0"",""c0""],[""f3.1"",""c0""],[""f3.2"",""c0""],[""f3.3"",""c0""],[""f3.4"",""c0""]],[[""m3.0"",""q1"",[],null,[""c0"",""c0"",""c0"",""c0"",""c0"",""c0"",""c0"",""c0"",""c0"",""c0""],[[""new"",""v1"",""c1""],[""new"",""v2"",""c2""],[""store"",""v0"",""f3.0"",""v1""],[""store"",""v0"",""f3.1"",""v2""],[""new"",""v4"",""c1""],[""store"",""v0"",""f3.2"",""v4""],[""move"",""v4"",""v1""],[""new"",""v5"",""c2""],[""store"",""v0"",""f3.3"",""v5""],[""move"",""v5"",""v2""],[""new"",""v6"",""c1""],[""store"",""v0"",""f3.4"",""v6""],[""move"",""v6"",""v1""],[""load"",""v3"",""v0"",""f3.0""],[""move"",""v7"",""v3""],[""move"",""v8"",""v7""],[""move"",""v9"",""v8""],[""move"",""v10"",""v9""],[""invoke"",null,""v10"",""q0"",[]],[""return"",null]]]]]],[[""s0"",""c3"",""c3""]],[[""e0"",""s0"",""q1"",[]]]]"
19,field,4,3,0,0,False,"[[""p0"",""p1"",""p2""],[[""c0"",null,[],[[""m0.0"",""q0"",[],null,[],[[""return"",null]]]]],[""c1"",""c0"",[],[[""m1.0"",""q0"",[],null,[],[[""check"",""p0""],[""return"",null]]]]],[""c2"",""c0"",[],[[""m2.0"",""q0"",[],null,[],[[""check"",""p1""],[""return"",null]]]]],[""c3"",null,[[""f3.0"",""c0""],[""f3.1"",""c0""],[""f3.2"",""c0""],[""f3.3"",""c0""],[""f3.4"",""c0""]],[[""m3.0"",""q1"",[],null,[""c0"",""c0"",""c0"",""c0"",""c0"",""c0"",""c0"",""c0"",""c0"",""c0""],[[""new"",""v1"",""c1""],[""new"",""v2"",""c2""],[""store"",""v0"",""f3.0"",""v1""],[""store"",""v0"",""f3.1"",""v2""],[""new"",""v4"",""c1""],[""store"",""v0"",""f3.2"",""v4""],[""move"",""v4"",""v1""],[""new"",""v5"",""c2""],[""store"",""v0"",""f3.3"",""v5""],[""move"",""v5"",""v2""],[""new"",""v6"",""c1""],[""store"",""v0"",""f3.4"",""v6""],[""move"",""v6"",""v1""],[""load"",""v3"",""v0"",""f3.0""],[""move"",""v7"",""v3""],[""move"",""v8"",""v7""],[""move"",""v9"",""v8""],[""move"",""v10"",""v9""],[""invoke"",null,""v10"",""q0"",[]],[""return"",null]]]]]],[[""s0"",""c3"",""c3""]],[[""e0"",""s0"",""q1"",[]]]]","[[""p0"",""p1"",""p2""],[[""c0"",null,[],[[""m0.0"",""q0"",[],null,[],[[""return"",null]]]]],[""c1"",""c0"",[],[[""m1.0"",""q0"",[],null,[],[[""check"",""p0""],[""return"",null]]]]],[""c2"",""c0"",[],[[""m2.0"",""q0"",[],null,[],[[""check"",""p1""],[""return"",null]]]]],[""c3"",null,[[""f3.0"",""c0""],[""f3.1"",""c0""],[""f3.2"",""c0""],[""f3.3"",""c0""],[""f3.4"",""c0""]],[[""m3.0"",""q1"",[],null,[""c0"",""c0"",""c0"",""c0"",""c0"",""c0"",""c0"",""c0"",""c0"",""c0""],[[""new"",""v1"",""c1""],[""new"",""v2"",""c2""],[""store"",""v0"",""f3.0"",""v1""],[""store"",""v0"",""f3.1"",""v2""],[""new"",""v4"",""c1""],[""store"",""v0"",""f3.2"",""v4""],[""move"",""v4"",""v1""],[""new"",""v5"",""c2""],[""store"",""v0"",""f3.3"",""v5""],[""move"",""v5"",""v2""],[""new"",""v6"",""c1""],[""store"",""v0"",""f3.4"",""v6""],[""move"",""v6"",""v1""],[""load"",""v3"",""v0"",""f3.1""],[""move"",""v7"",""v3""],[""move"",""v8"",""v7""],[""move"",""v9"",""v8""],[""move"",""v10"",""v9""],[""invoke"",null,""v10"",""q0"",[]],[""return"",null]]]]]],[[""s0"",""c3"",""c3""]],[[""e0"",""s0"",""q1"",[]]]]"
20,field,0,4,0,3,True,"[[""p0"",""p1"",""p2""],[[""c0"",null,[],[[""m0.0"",""q0"",[],null,[],[[""return"",null]]]]],[""c1"",""c0"",[],[[""m1.0"",""q0"",[],null,[],[[""check"",""p0""],[""return"",null]]]]],[""c2"",""c0"",[],[[""m2.0"",""q0"",[],null,[],[[""check"",""p1""],[""return"",null]]]]],[""c3"",null,[[""f3.0"",""c0""],[""f3.1"",""c0""],[""f3.2"",""c0""],[""f3.3"",""c0""],[""f3.4"",""c0""],[""f3.5"",""c0""]],[[""m3.0"",""q1"",[],null,[""c0"",""c0"",""c0"",""c0"",""c0"",""c0"",""c0""],[[""new"",""v1"",""c1""],[""new"",""v2"",""c2""],[""store"",""v0"",""f3.0"",""v1""],[""store"",""v0"",""f3.1"",""v2""],[""new"",""v4"",""c1""],[""store"",""v0"",""f3.2"",""v4""],[""move"",""v4"",""v1""],[""new"",""v5"",""c2""],[""store"",""v0"",""f3.3"",""v5""],[""move"",""v5"",""v2""],[""new"",""v6"",""c1""],[""store"",""v0"",""f3.4"",""v6""],[""move"",""v6"",""v1""],[""new"",""v7"",""c2""],[""store"",""v0"",""f3.5"",""v7""],[""move"",""v7"",""v2""],[""load"",""v3"",""v0"",""f3.0""],[""invoke"",null,""v3"",""q0"",[]],[""opaque"",[[""direct"",null,""m3.1"",[]]]],[""return"",null]]],[""m3.1"",""q2"",[],null,[],[[""opaque"",[[""direct"",null,""m3.2"",[]]]],[""return"",null]]],[""m3.2"",""q3"",[],null,[],[[""opaque"",[[""check"",""p2""]]],[""return"",null]]]]]],[[""s0"",""c3"",""c3""]],[[""e0"",""s0"",""q1"",[]]]]","[[""p0"",""p1"",""p2""],[[""c0"",null,[],[[""m0.0"",""q0"",[],null,[],[[""return"",null]]]]],[""c1"",""c0"",[],[[""m1.0"",""q0"",[],null,[],[[""check"",""p0""],[""return"",null]]]]],[""c2"",""c0"",[],[[""m2.0"",""q0"",[],null,[],[[""check"",""p1""],[""return"",null]]]]],[""c3"",null,[[""f3.0"",""c0""],[""f3.1"",""c0""],[""f3.2"",""c0""],[""f3.3"",""c0""],[""f3.4"",""c0""],[""f3.5"",""c0""]],[[""m3.0"",""q1"",[],null,[""c0"",""c0"",""c0"",""c0"",""c0"",""c0"",""c0""],[[""new"",""v1"",""c1""],[""new"",""v2"",""c2""],[""store"",""v0"",""f3.0"",""v1""],[""store"",""v0"",""f3.1"",""v2""],[""new"",""v4"",""c1""],[""store"",""v0"",""f3.2"",""v4""],[""move"",""v4"",""v1""],[""new"",""v5"",""c2""],[""store"",""v0"",""f3.3"",""v5""],[""move"",""v5"",""v2""],[""new"",""v6"",""c1""],[""store"",""v0"",""f3.4"",""v6""],[""move"",""v6"",""v1""],[""new"",""v7"",""c2""],[""store"",""v0"",""f3.5"",""v7""],[""move"",""v7"",""v2""],[""load"",""v3"",""v0"",""f3.0""],[""invoke"",null,""v3"",""q0"",[]],[""opaque"",[[""direct"",null,""m3.1"",[]]]],[""return"",null]]],[""m3.1"",""q2"",[],null,[],[[""opaque"",[[""direct"",null,""m3.2"",[]]]],[""return"",null]]],[""m3.2"",""q3"",[],null,[],[[""opaque"",[[""check"",""p2""]]],[""return"",null]]]]],[""c4"",null,[],[[""m4.0"",""q4"",[],null,[],[[""check"",""p0""],[""return"",null]]]]]],[[""s0"",""c3"",""c3""]],[[""e0"",""s0"",""q1"",[]]]]"
21,field,1,4,0,0,False,"[[""p0"",""p1"",""p2""],[[""c0"",null,[],[[""m0.0"",""q0"",[],null,[],[[""return"",null]]]]],[""c1"",""c0"",[],[[""m1.0"",""q0"",[],null,[],[[""check"",""p0""],[""return"",null]]]]],[""c2"",""c0"",[],[[""m2.0"",""q0"",[],null,[],[[""check"",""p1""],[""return"",null]]]]],[""c3"",null,[[""f3.0"",""c0""],[""f3.1"",""c0""],[""f3.2"",""c0""],[""f3.3"",""c0""],[""f3.4"",""c0""],[""f3.5"",""c0""]],[[""m3.0"",""q1"",[],null,[""c0"",""c0"",""c0"",""c0"",""c0"",""c0"",""c0"",""c0""],[[""new"",""v1"",""c1""],[""new"",""v2"",""c2""],[""store"",""v0"",""f3.0"",""v1""],[""store"",""v0"",""f3.1"",""v2""],[""new"",""v4"",""c1""],[""store"",""v0"",""f3.2"",""v4""],[""move"",""v4"",""v1""],[""new"",""v5"",""c2""],[""store"",""v0"",""f3.3"",""v5""],[""move"",""v5"",""v2""],[""new"",""v6"",""c1""],[""store"",""v0"",""f3.4"",""v6""],[""move"",""v6"",""v1""],[""new"",""v7"",""c2""],[""store"",""v0"",""f3.5"",""v7""],[""move"",""v7"",""v2""],[""load"",""v3"",""v0"",""f3.0""],[""move"",""v8"",""v3""],[""invoke"",null,""v8"",""q0"",[]],[""return"",null]]]]]],[[""s0"",""c3"",""c3""]],[[""e0"",""s0"",""q1"",[]]]]","[[""p0"",""p1"",""p2""],[[""c0"",null,[],[[""m0.0"",""q0"",[],null,[],[[""return"",null]]]]],[""c1"",""c0"",[],[[""m1.0"",""q0"",[],null,[],[[""check"",""p0""],[""return"",null]]]]],[""c2"",""c0"",[],[[""m2.0"",""q0"",[],null,[],[[""check"",""p1""],[""return"",null]]]]],[""c3"",null,[[""f3.0"",""c0""],[""f3.1"",""c0""],[""f3.2"",""c0""],[""f3.3"",""c0""],[""f3.4"",""c0""],[""f3.5"",""c0""]],[[""m3.0"",""q1"",[],null,[""c0"",""c0"",""c0"",""c0"",""c0"",""c0"",""c0"",""c0""],[[""new"",""v1"",""c1""],[""new"",""v2"",""c2""],[""store"",""v0"",""f3.0"",""v1""],[""store"",""v0"",""f3.1"",""v2""],[""new"",""v4"",""c1""],[""store"",""v0"",""f3.2"",""v4""],[""move"",""v4"",""v1""],[""new"",""v5"",""c2""],[""store"",""v0"",""f3.3"",""v5""],[""move"",""v5"",""v2""],[""new"",""v6"",""c1""],[""store"",""v0"",""f3.4"",""v6""],[""move"",""v6"",""v1""],[""new"",""v7"",""c2""],[""store"",""v0"",""f3.5"",""v7""],[""move"",""v7"",""v2""],[""load"",""v3"",""v0"",""f3.1""],[""move"",""v8"",""v3""],[""invoke"",null,""v8"",""q0"",[]],[""return"",null]]]]]],[[""s0"",""c3"",""c3""]],[[""e0"",""s0"",""q1"",[]]]]"
22,field,2,4,0,0,True,"[[""p0"",""p1"",""p2""],[[""c0"",null,[],[[""m0.0"",""q0"",[],null,[],[[""return"",null]]]]],[""c1"",""c0"",[],[[""m1.0"",""q0"",[],null,[],[[""check"",""p0""],[""return"",null]]]]],[""c2"",""c0"",[],[[""m2.0"",""q0"",[],null,[],[[""check"",""p1""],[""return"",null]]]]],[""c3"",null,[[""f3.0"",""c0""],[""f3.1"",""c0""],[""f3.2"",""c0""],[""f3.3"",""c0""],[""f3.4"",""c0""],[""f3.5"",""c0""]],[[""m3.0"",""q1"",[],null,[""c0"",""c0"",""c0"",""c0"",""c0"",""c0"",""c0"",""c0"",""c0""],[[""new"",""v1"",""c1""],[""new"",""v2"",""c2""],[""store"",""v0"",""f3.0"",""v1""],[""store"",""v0"",""f3.1"",""v2""],[""new"",""v4"",""c1""],[""store"",""v0"",""f3.2"",""v4""],[""move"",""v4"",""v1""],[""new"",""v5"",""c2""],[""store"",""v0"",""f3.3"",""v5""],[""move"",""v5"",""v2""],[""new"",""v6"",""c1""],[""store"",""v0"",""f3.4"",""v6""],[""move"",""v6"",""v1""],[""new"",""v7"",""c2""],[""store"",""v0"",""f3.5"",""v7""],[""move"",""v7"",""v2""],[""load"",""v3"",""v0"",""f3.0""],[""move"",""v8"",""v3""],[""move"",""v9"",""v8""],[""invoke"",null,""v9"",""q0"",[]],[""return"",null]]]]]],[[""s0"",""c3"",""c3""]],[[""e0"",""s0"",""q1"",[]]]]","[[""p0"",""p1"",""p2""],[[""c0"",null,[],[[""m0.0"",""q0"",[],null,[],[[""return"",null]]]]],[""c1"",""c0"",[],[[""m1.0"",""q0"",[],null,[],[[""check"",""p0""],[""return"",null]]]]],[""c2"",""c0"",[],[[""m2.0"",""q0"",[],null,[],[[""check"",""p1""],[""return"",null]]]]],[""c3"",null,[[""f3.0"",""c0""],[""f3.1"",""c0""],[""f3.2"",""c0""],[""f3.3"",""c0""],[""f3.4"",""c0""],[""f3.5"",""c0""],[""f3.6"",""c0""]],[[""m3.0"",""q1"",[],null,[""c0"",""c0"",""c0"",""c0"",""c0"",""c0"",""c0"",""c0"",""c0""],[[""new"",""v1"",""c1""],[""new"",""v2"",""c2""],[""store"",""v0"",""f3.0"",""v1""],[""store"",""v0"",""f3.1"",""v2""],[""new"",""v4"",""c1""],[""store"",""v0"",""f3.2"",""v4""],[""move"",""v4"",""v1""],[""new"",""v5"",""c2""],[""store"",""v0"",""f3.3"",""v5""],[""move"",""v5"",""v2""],[""new"",""v6"",""c1""],[""store"",""v0"",""f3.4"",""v6""],[""move"",""v6"",""v1""],[""new"",""v7"",""c2""],[""store"",""v0"",""f3.5"",""v7""],[""move"",""v7"",""v2""],[""load"",""v3"",""v0"",""f3.0""],[""move"",""v8"",""v3""],[""move"",""v9"",""v8""],[""invoke"",null,""v9"",""q0"",[]],[""return"",null]]]]]],[[""s0"",""c3"",""c3""]],[[""e0"",""s0"",""q1"",[]]]]"
23,field,3,4,0,0,False,"[[""p0"",""p1"",""p2""],[[""c0"",null,[],[[""m0.0"",""q0"",[],null,[],[[""return"",null]]]]],[""c1"",""c0"",[],[[""m1.0"",""q0"",[],null,[],[[""check"",""p0""],[""return"",null]]]]],[""c2"",""c0"",[],[[""m2.0"",""q0"",[],null,[],[[""check"",""p1""],[""return"",null]]]]],[""c3"",null,[[""f3.0"",""c0""],[""f3.1"",""c0""],[""f3.2"",""c0""],[""f3.3"",""c0""],[""f3.4"",""c0""],[""f3.5"",""c0""]],[[""m3.0"",""q1"",[],null,[""c0"",""c0"",""c0"",""c0"",""c0"",""c0"",""c0"",""c0"",""c0"",""c0""],[[""new"",""v1"",""c1""],[""new"",""v2"",""c2""],[""store"",""v0"",""f3.0"",""v1""],[""store"",""v0"",""f3.1"",""v2""],[""new"",""v4"",""c1""],[""store"",""v0"",""f3.2"",""v4""],[""move"",""v4"",""v1""],[""new"",""v5"",""c2""],[""store"",""v0"",""f3.3"",""v5""],[""move"",""v5"",""v2""],[""new"",""v6"",""c1""],[""store"",""v0"",""f3.4"",""v6""],[""move"",""v6"",""v1""],[""new"",""v7"",""c2""],[""store"",""v0"",""f3.5"",""v7""],[""move"",""v7"",""v2""],[""load"",""v3"",""v0"",""f3.0""],[""move"",""v8"",""v3""],[""move"",""v9"",""v8""],[""move"",""v10"",""v9""],[""invoke"",null,""v10"",""q0"",[]],[""return"",null]]]]]],[[""s0"",""c3"",""c3""]],[[""e0"",""s0"",""q1"",[]]]]","[[""p0"",""p1"",""p2""],[[""c0"",null,[],[[""m0.0"",""q0"",[],null,[],[[""return"",null]]]]],[""c1"",""c0"",[],[[""m1.0"",""q0"",[],null,[],[[""check"",""p0""],[""return"",null]]]]],[""c2"",""c0"",[],[[""m2.0"",""q0"",[],null,[],[[""check"",""p1""],[""return"",null]]]]],[""c3"",null,[[""f3.0"",""c0""],[""f3.1"",""c0""],[""f3.2"",""c0""],[""f3.3"",""c0""],[""f3.4"",""c0""],[""f3.5"",""c0""]],[[""m3.0"",""q1"",[],null,[""c0"",""c0"",""c0"",""c0"",""c0"",""c0"",""c0"",""c0"",""c0"",""c0""],[[""new"",""v1"",""c1""],[""new"",""v2"",""c2""],[""store"",""v0"",""f3.0"",""v1""],[""store"",""v0"",""f3.1"",""v2""],[""new"",""v4"",""c1""],[""store"",""v0"",""f3.2"",""v4""],[""move"",""v4"",""v1""],[""new"",""v5"",""c2""],[""store"",""v0"",""f3.3"",""v5""],[""move"",""v5"",""v2""],[""new"",""v6"",""c1""],[""store"",""v0"",""f3.4"",""v6""],[""move"",""v6"",""v1""],[""new"",""v7"",""c2""],[""store"",""v0"",""f3.5"",""v7""],[""move"",""v7"",""v2""],[""load"",""v3"",""v0"",""f3.1""],[""move"",""v8"",""v3""],[""move"",""v9"",""v8""],[""move"",""v10"",""v9""],[""invoke"",null,""v10"",""q0"",[]],[""return"",null]]]]]],[[""s0"",""c3"",""c3""]],[[""e0"",""s0"",""q1"",[]]]]"
24,field,4,4,0,0,True,"[[""p0"",""p1"",""p2""],[[""c0"",null,[],[[""m0.0"",""q0"",[],null,[],[[""return"",null]]]]],[""c1"",""c0"",[],[[""m1.0"",""q0"",[],null,[],[[""check"",""p0""],[""return"",null]]]]],[""c2"",""c0"",[],[[""m2.0"",""q0"",[],null,[],[[""check"",""p1""],[""return"",null]]]]],[""c3"",null,[[""f3.0"",""c0""],[""f3.1"",""c0""],[""f3.2"",""c0""],[""f3.3"",""c0""],[""f3.4"",""c0""],[""f3.5"",""c0""]],[[""m3.0"",""q1"",[],null,[""c0"",""c0"",""c0"",""c0"",""c0"",""c0"",""c0"",""c0"",""c0"",""c0"",""c0""],[[""new"",""v1"",""c1""],[""new"",""v2"",""c2""],[""store"",""v0"",""f3.0"",""v1""],[""store"",""v0"",""f3.1"",""v2""],[""new"",""v4"",""c1""],[""store"",""v0"",""f3.2"",""v4""],[""move"",""v4"",""v1""],[""new"",""v5"",""c2""],[""store"",""v0"",""f3.3"",""v5""],[""move"",""v5"",""v2""],[""new"",""v6"",""c1""],[""store"",""v0"",""f3.4"",""v6""],[""move"",""v6"",""v1""],[""new"",""v7"",""c2""],[""store"",""v0"",""f3.5"",""v7""],[""move"",""v7"",""v2""],[""load"",""v3"",""v0"",""f3.0""],[""move"",""v8"",""v3""],[""move"",""v9"",""v8""],[""move"",""v10"",""v9""],[""move"",""v11"",""v10""],[""invoke"",null,""v11"",""q0"",[]],[""return"",null]]]]]],[[""s0"",""c3"",""c3""]],[[""e0"",""s0"",""q1"",[]]]]","[[""p0"",""p1"",""p2""],[[""c0"",null,[],[[""m0.0"",""q0"",[],null,[],[[""return"",null]]]]],[""c1"",""c0"",[],[[""m1.0"",""q0"",[],null,[],[[""check"",""p0""],[""return"",null]]]]],[""c2"",""c0"",[],[[""m2.0"",""q0"",[],null,[],[[""check"",""p1""],[""return"",null]]]]],[""c3"",null,[[""f3.0"",""c0""],[""f3.1"",""c0""],[""f3.2"",""c0""],[""f3.3"",""c0""],[""f3.4"",""c0""],[""f3.5"",""c0""]],[[""m3.0"",""q1"",[],null,[""c0"",""c0"",""c0"",""c0"",""c0"",""c0"",""c0"",""c0"",""c0"",""c0"",""c0"",""c0""],[[""new"",""v1"",""c1""],[""new"",""v2"",""c2""],[""store"",""v0"",""f3.0"",""v1""],[""store"",""v0"",""f3.1"",""v2""],[""new"",""v4"",""c1""],[""store"",""v0"",""f3.2"",""v4""],[""move"",""v4"",""v1""],[""new"",""v5"",""c2""],[""store"",""v0"",""f3.3"",""v5""],[""move"",""v5"",""v2""],[""new"",""v6"",""c1""],[""store"",""v0"",""f3.4"",""v6""],[""move"",""v6"",""v1""],[""new"",""v7"",""c2""],[""store"",""v0"",""f3.5"",""v7""],[""move"",""v7"",""v2""],[""load"",""v3"",""v0"",""f3.0""],[""move"",""v8"",""v3""],[""move"",""v9"",""v8""],[""move"",""v10"",""v9""],[""move"",""v11"",""v10""],[""move"",""v12"",""v11""],[""invoke"",null,""v12"",""q0"",[]],[""return"",null]]]]]],[[""s0"",""c3"",""c3""]],[[""e0"",""s0"",""q1"",[]]]]"
25,field,0,0,1,1,False,"[[""p0"",""p1"",""p2""],[[""c0"",null,[],[[""m0.0"",""q0"",[],null,[],[[""return"",null]]]]],[""c1"",""c0"",[],[[""m1.0"",""q0"",[],null,[],[[""check"",""p0""],[""return"",null]]]]],[""c2"",""c0"",[],[[""m2.0"",""q0"",[],null,[],[[""check"",""p1""],[""return"",null]]]]],[""c3"",null,[[""f3.0"",""c0""],[""f3.1"",""c0""]],[[""m3.0"",""q1"",[],null,[""c0"",""c0"",""c0"",""c0""],[[""new"",""v1"",""c1""],[""new"",""v2"",""c2""],[""store"",""v0"",""f3.0"",""v1""],[""store"",""v0"",""f3.1"",""v2""],[""load"",""v3"",""v0"",""f3.0""],[""direct"",""v4"",""m3.1"",[""v3""]],[""invoke"",null,""v4"",""q0"",[]],[""opaque"",[[""check"",""p2""]]],[""return"",null]]],[""m3.1"",""q2"",[""c0""],""c0"",[],[[""return"",""v1""]]]]]],[[""s0"",""c3"",""c3""]],[[""e0"",""s0"",""q1"",[]]]]","[[""p0"",""p1"",""p2""],[[""c0"",null,[],[[""m0.0"",""q0"",[],null,[],[[""return"",null]]]]],[""c1"",""c0"",[],[[""m1.0"",""q0"",[],null,[],[[""check"",""p0""],[""return"",null]]]]],[""c2"",""c0"",[],[[""m2.0"",""q0"",[],null,[],[[""check"",""p1""],[""return"",null]]]]],[""c3"",null,[[""f3.0"",""c0""],[""f3.1"",""c0""]],[[""m3.0"",""q1"",[],null,[""c0"",""c0"",""c0"",""c0""],[[""new"",""v1"",""c1""],[""new"",""v2"",""c2""],[""store"",""v0"",""f3.0"",""v1""],[""store"",""v0"",""f3.1"",""v2""],[""load"",""v3"",""v0"",""f3.1""],[""direct"",""v4"",""m3.1"",[""v3""]],[""invoke"",null,""v4"",""q0"",[]],[""opaque"",[[""check"",""p2""]]],[""return"",null]]],[""m3.1"",""q2"",[""c0""],""c0"",[],[[""return"",""v1""]]]]]],[[""s0"",""c3"",""c3""]],[[""e0"",""s0"",""q1"",[]]]]"
26,field,1,0,1,0,True,"[[""p0"",""p1"",""p2""],[[""c0"",null,[],[[""m0.0"",""q0"",[],null,[],[[""return"",null]]]]],[""c1"",""c0"",[],[[""m1.0"",""q0"",[],null,[],[[""check"",""p0""],[""return"",null]]]]],[""c2"",""c0"",[],[[""m2.0"",""q0"",[],null,[],[[""check"",""p1""],[""return"",null]]]]],[""c3"",null,[[""f3.0"",""c0""],[""f3.1"",""c0""]],[[""m3.0"",""q1"",[],null,[""c0"",""c0"",""c0"",""c0"",""c0""],[[""new"",""v1"",""c1""],[""new"",""v2"",""c2""],[""store"",""v0"",""f3.0"",""v1""],[""store"",""v0"",""f3.1"",""v2""],[""load"",""v3"",""v0"",""f3.0""],[""direct"",""v4"",""m3.1"",[""v3""]],[""move"",""v5"",""v4""],[""invoke"",null,""v5"",""q0"",[]],[""return"",null]]],[""m3.1"",""q2"",[""c0""],""c0"",[],[[""return"",""v1""]]]]]],[[""s0"",""c3"",""c3""]],[[""e0"",""s0"",""q1"",[]]]]","[[""p0"",""p1"",""p2""],[[""c0"",null,[],[[""m0.0"",""q0"",[],null,[],[[""return"",null]]]]],[""c1"",""c0"",[],[[""m1.0"",""q0"",[],null,[],[[""check"",""p0""],[""return"",null]]]]],[""c2"",""c0"",[],[[""m2.0"",""q0"",[],null,[],[[""check"",""p1""],[""return"",null]]]]],[""c3"",null,[[""f3.0"",""c0""],[""f3.1"",""c0""]],[[""m3.0"",""q1"",[],null,[""c0"",""c0"",""c0"",""c0"",""c0""],[[""new"",""v1"",""c1""],[""new"",""v2"",""c2""],[""store"",""v0"",""f3.0"",""v1""],[""store"",""v0"",""f3.1"",""v2""],[""load"",""v3"",""v0"",""f3.0""],[""direct"",""v4"",""m3.1"",[""v3""]],[""move"",""v5"",""v4""],[""invoke"",null,""v5"",""q0"",[]],[""return"",null]]],[""m3.1"",""q2"",[""c0""],""c0"",[],[[""return"",""v1""]]]]],[""c4"",null,[],[[""m4.0"",""q3"",[],null,[],[[""check"",""p0""],[""return"",null]]]]]],[[""s0"",""c3"",""c3""]],[[""e0"",""s0"",""q1"",[]]]]"
27,field,2,0,1,0,False,"[[""p0"",""p1"",""p2""],[[""c0"",null,[],[[""m0.0"",""q0"",[],null,[],[[""return"",null]]]]],[""c1"",""c0"",[],[[""m1.0"",""q0"",[],null,[],[[""check"",""p0""],[""return"",null]]]]],[""c2"",""c0"",[],[[""m2.0"",""q0"",[],null,[],[[""check"",""p1""],[""return"",null]]]]],[""c3"",null,[[""f3.0"",""c0""],[""f3.1"",""c0""]],[[""m3.0"",""q1"",[],null,[""c0"",""c0"",""c0"",""c0"",""c0"",""c0""],[[""new"",""v1"",""c1""],[""new"",""v2"",""c2""],[""store"",""v0"",""f3.0"",""v1""],[""store"",""v0"",""f3.1"",""v2""],[""load"",""v3"",""v0"",""f3.0""],[""direct"",""v4"",""m3.1"",[""v3""]],[""move"",""v5"",""v4""],[""move"",""v6"",""v5""],[""invoke"",null,""v6"",""q0"",[]],[""return"",null]]],[""m3.1"",""q2"",[""c0""],""c0"",[],[[""return"",""v1""]]]]]],[[""s0"",""c3"",""c3""]],[[""e0"",""s0"",""q1"",[]]]]","[[""p0"",""p1"",""p2""],[[""c0"",null,[],[[""m0.0"",""q0"",[],null,[],[[""return"",null]]]]],[""c1"",""c0"",[],[[""m1.0"",""q0"",[],null,[],[[""check"",""p0""],[""return"",null]]]]],[""c2"",""c0"",[],[[""m2.0"",""q0"",[],null,[],[[""check"",""p1""],[""return"",null]]]]],[""c3"",null,[[""f3.0"",""c0""],[""f3.1"",""c0""]],[[""m3.0"",""q1"",[],null,[""c0"",""c0"",""c0"",""c0"",""c0"",""c0""],[[""new"",""v1"",""c1""],[""new"",""v2"",""c2""],[""store"",""v0"",""f3.0"",""v1""],[""store"",""v0"",""f3.1"",""v2""],[""load"",""v3"",""v0"",""f3.1""],[""direct"",""v4"",""m3.1"",[""v3""]],[""move"",""v5"",""v4""],[""move"",""v6"",""v5""],[""invoke"",null,""v6"",""q0"",[]],[""return"",null]]],[""m3.1"",""q2"",[""c0""],""c0"",[],[[""return"",""v1""]]]]]],[[""s0"",""c3"",""c3""]],[[""e0"",""s0"",""q1"",[]]]]"
28,field,3,0,1,0,True,"[[""p0"",""p1"",""p2""],[[""c0"",null,[],[[""m0.0"",""q0"",[],null,[],[[""return"",null]]]]],[""c1"",""c0"",[],[[""m1.0"",""q0"",[],null,[],[[""check"",""p0""],[""return"",null]]]]],[""c2"",""c0"",[],[[""m2.0"",""q0"",[],null,[],[[""check"",""p1""],[""return"",null]]]]],[""c3"",null,[[""f3.0"",""c0""],[""f3.1"",""c0""]],[[""m3.0"",""q1"",[],null,[""c0"",""c0"",""c0"",""c0"",""c0"",""c0"",""c0""],[[""new"",""v1"",""c1""],[""new"",""v2"",""c2""],[""store"",""v0"",""f3.0"",""v1""],[""store"",""v0"",""f3.1"",""v2""],[""load"",""v3"",""v0"",""f3.0""],[""direct"",""v4"",""m3.1"",[""v3""]],[""move"",""v5"",""v4""],[""move"",""v6"",""v5""],[""move"",""v7"",""v6""],[""invoke"",null,""v7"",""q0"",[]],[""return"",null]]],[""m3.1"",""q2"",[""c0""],""c0"",[],[[""return"",""v1""]]]]]],[[""s0"",""c3"",""c3""]],[[""e0"",""s0"",""q1"",[]]]]","[[""p0"",""p1"",""p2""],[[""c0"",null,[],[[""m0.0"",""q0"",[],null,[],[[""return"",null]]]]],[""c1"",""c0"",[],[[""m1.0"",""q0"",[],null,[],[[""check"",""p0""],[""return"",null]]]]],[""c2"",""c0"",[],[[""m2.0"",""q0"",[],null,[],[[""check"",""p1""],[""return"",null]]]]],[""c3"",null,[[""f3.0"",""c0""],[""f3.1"",""c0""],[""f3.2"",""c0""]],[[""m3.0"",""q1"",[],null,[""c0"",""c0"",""c0"",""c0"",""c0"",""c0"",""c0""],[[""new"",""v1"",""c1""],[""new"",""v2"",""c2""],[""store"",""v0"",""f3.0"",""v1""],[""store"",""v0"",""f3.1"",""v2""],[""load"",""v3"",""v0"",""f3.0""],[""direct"",""v4"",""m3.1"",[""v3""]],[""move"",""v5"",""v4""],[""move"",""v6"",""v5""],[""move"",""v7"",""v6""],[""invoke"",null,""v7"",""q0"",[]],[""return"",null]]],[""m3.1"",""q2"",[""c0""],""c0"",[],[[""return"",""v1""]]]]]],[[""s0"",""c3"",""c3""]],[[""e0"",""s0"",""q1"",[]]]]"
29,field,4,0,1,0,False,"[[""p0"",""p1"",""p2""],[[""c0"",null,[],[[""m0.0"",""q0"",[],null,[],[[""return"",null]]]]],[""c1"",""c0"",[],[[""m1.0"",""q0"",[],null,[],[[""check"",""p0""],[""return"",null]]]]],[""c2"",""c0"",[],[[""m2.0"",""q0"",[],null,[],[[""check"",""p1""],[""return"",null]]]]],[""c3"",null,[[""f3.0"",""c0""],[""f3.1"",""c0""]],[[""m3.0"",""q1"",[],null,[""c0"",""c0"",""c0"",""c0"",""c0"",""c0"",""c0"",""c0""],[[""new"",""v1"",""c1""],[""new"",""v2"",""c2""],[""store"",""v0"",""f3.0"",""v1""],[""store"",""v0"",""f3.1"",""v2""],[""load"",""v3"",""v0"",""f3.0""],[""direct"",""v4"",""m3.1"",[""v3""]],[""move"",""v5"",""v4""],[""move"",""v6"",""v5""],[""move"",""v7"",""v6""],[""move"",""v8"",""v7""],[""invoke"",null,""v8"",""q0"",[]],[""return"",null]]],[""m3.1"",""q2"",[""c0""],""c0"",[],[[""return"",""v1""]]]]]],[[""s0"",""c3"",""c3""]],[[""e0"",""s0"",""q1"",[]]]]","[[""p0"",""p1"",""p2""],[[""c0"",null,[],[[""m0.0"",""q0"",[],null,[],[[""return"",null]]]]],[""c1"",""c0"",[],[[""m1.0"",""q0"",[],null,[],[[""check"",""p0""],[""return"",null]]]]],[""c2"",""c0"",[],[[""m2.0"",""q0"",[],null,[],[[""check"",""p1""],[""return"",null]]]]],[""c3"",null,[[""f3.0"",""c0""],[""f3.1"",""c0""]],[[""m3.0"",""q1"",[],null,[""c0"",""c0"",""c0"",""c0"",""c0"",""c0"",""c0"",""c0""],[[""new"",""v1"",""c1""],[""new"",""v2"",""c2""],[""store"",""v0"",""f3.0"",""v1""],[""store"",""v0"",""f3.1"",""v2""],[""load"",""v3"",""v0"",""f3.1""],[""direct"",""v4"",""m3.1"",[""v3""]],[""move"",""v5"",""v4""],[""move"",""v6"",""v5""],[""move"",""v7"",""v6""],[""move"",""v8"",""v7""],[""invoke"",null,""v8"",""q0"",[]],[""return"",null]]],[""m3.1"",""q2"",[""c0""],""c0"",[],[[""return"",""v1""]]]]]],[[""s0"",""c3"",""c3""]],[[""e0"",""s0"",""q1"",[]]]]"
30,field,0,1,1,2,True,"[[""p0"",""p1"",""p2""],[[""c0"",null,[],[[""m0.0"",""q0"",[],null,[],[[""return"",null]]]]],[""c1"",""c0"",[],[[""m1.0"",""q0"",[],null,[],[[""check"",""p0""],[""return"",null]]]]],[""c2"",""c0"",[],[[""m2.0"",""q0"",[],null,[],[[""check"",""p1""],[""return"",null]]]]],[""c3"",null,[[""f3.0"",""c0""],[""f3.1"",""c0""],[""f3.2"",""c0""]],[[""m3.0"",""q1"",[],null,[""c0"",""c0"",""c0"",""c0"",""c0""],[[""new"",""v1"",""c1""],[""new"",""v2"",""c2""],[""store"",""v0"",""f3.0"",""v1""],[""store"",""v0"",""f3.1"",""v2""],[""new"",""v4"",""c1""],[""store"",""v0"",""f3.2"",""v4""],[""move"",""v4"",""v1""],[""load"",""v3"",""v0"",""f3.0""],[""direct"",""v5"",""m3.1"",[""v3""]],[""invoke"",null,""v5"",""q0"",[]],[""opaque"",[[""direct"",null,""m3.2"",[]]]],[""return"",null]]],[""m3.1"",""q2"",[""c0""],""c0"",[],[[""return"",""v1""]]],[""m3.2"",""q3"",[],null,[],[[""opaque"",[[""check"",""p2""]]],[""return"",null]]]]]],[[""s0"",""c3"",""c3""]],[[""e0"",""s0"",""q1"",[]]]]","[[""p0"",""p1"",""p2""],[[""c0"",null,[],[[""m0.0"",""q0"",[],null,[],[[""return"",null]]]]],[""c1"",""c0"",[],[[""m1.0"",""q0"",[],null,[],[[""check"",""p0""],[""return"",null]]]]],[""c2"",""c0"",[],[[""m2.0"",""q0"",[],null,[],[[""check"",""p1""],[""return"",null]]]]],[""c3"",null,[[""f3.0"",""c0""],[""f3.1"",""c0""],[""f3.2"",""c0""]],[[""m3.0"",""q1"",[],null,[""c0"",""c0"",""c0"",""c0"",""c0"",""c0""],[[""new"",""v1"",""c1""],[""new"",""v2"",""c2""],[""store"",""v0"",""f3.0"",""v1""],[""store"",""v0"",""f3.1"",""v2""],[""new"",""v4"",""c1""],[""store"",""v0"",""f3.2"",""v4""],[""move"",""v4"",""v1""],[""load"",""v3"",""v0"",""f3.0""],[""direct"",""v5"",""m3.1"",[""v3""]],[""move"",""v6"",""v5""],[""invoke"",null,""v6"",""q0"",[]],[""opaque"",[[""direct"",null,""m3.2"",[]]]],[""return"",null]]],[""m3.1"",""q2"",[""c0""],""c0"",[],[[""return"",""v1""]]],[""m3.2"",""q3"",[],null,[],[[""opaque"",[[""check"",""p2""]]],[""return"",null]]]]]],[[""s0"",""c3"",""c3""]],[[""e0"",""s0"",""q1"",[]]]]"
31,field,1,1,1,0,False,"[[""p0"",""p1"",""p2""],[[""c0"",null,[],[[""m0.0"",""q0"",[],null,[],[[""return"",null]]]]],[""c1"",""c0"",[],[[""m1.0"",""q0"",[],null,[],[[""check"",""p0""],[""return"",null]]]]],[""c2"",""c0"",[],[[""m2.0"",""q0"",[],null,[],[[""check"",""p1""],[""return"",null]]]]],[""c3"",null,[[""f3.0"",""c0""],[""f3.1"",""c0""],[""f3.2"",""c0""]],[[""m3.0"",""q1"",[],null,[""c0"",""c0"",""c0"",""c0"",""c0"",""c0""],[[""new"",""v1"",""c1""],[""new"",""v2"",""c2""],[""store"",""v0"",""f3.0"",""v1""],[""store"",""v0"",""f3.1"",""v2""],[""new"",""v4"",""c1""],[""store"",""v0"",""f3.2"",""v4""],[""move"",""v4"",""v1""],[""load"",""v3"",""v0"",""f3.0""],[""direct"",""v5"",""m3.1"",[""v3""]],[""move"",""v6"",""v5""],[""invoke"",null,""v6"",""q0"",[]],[""return"",null]]],[""m3.1"",""q2"",[""c0""],""c0"",[],[[""return"",""v1""]]]]]],[[""s0"",""c3"",""c3""]],[[""e0"",""s0"",""q1"",[]]]]","[[""p0"",""p1"",""p2""],[[""c0"",null,[],[[""m0.0"",""q0"",[],null,[],[[""return"",null]]]]],[""c1"",""c0"",[],[[""m1.0"",""q0"",[],null,[],[[""check"",""p0""],[""return"",null]]]]],[""c2"",""c0"",[],[[""m2.0"",""q0"",[],null,[],[[""check"",""p1""],[""return"",null]]]]],[""c3"",null,[[""f3.0"",""c0""],[""f3.1"",""c0""],[""f3.2"",""c0""]],[[""m3.0"",""q1"",[],null,[""c0"",""c0"",""c0"",""c0"",""c0"",""c0""],[[""new"",""v1"",""c1""],[""new"",""v2"",""c2""],[""store"",""v0"",""f3.0"",""v1""],[""store"",""v0"",""f3.1"",""v2""],[""new"",""v4"",""c1""],[""store"",""v0"",""f3.2"",""v4""],[""move"",""v4"",""v1""],[""load"",""v3"",""v0"",""f3.1""],[""direct"",""v5"",""m3.1"",[""v3""]],[""move"",""v6"",""v5""],[""invoke"",null,""v6"",""q0"",[]],[""return"",null]]],[""m3.1"",""q2"",[""c0""],""c0"",[],[[""return"",""v1""]]]]]],[[""s0"",""c3"",""c3""]],[[""e0"",""s0"",""q1"",[]]]]"
32,field,2,1,1,0,True,"[[""p0"",""p1"",""p2""],[[""c0"",null,[],[[""m0.0"",""q0"",[],null,[],[[""return"",null]]]]],[""c1"",""c0"",[],[[""m1.0"",""q0"",[],null,[],[[""check"",""p0""],[""return"",null]]]]],[""c2"",""c0"",[],[[""m2.0"",""q0"",[],null,[],[[""check"",""p1""],[""return"",null]]]]],[""c3"",null,[[""f3.0"",""c0""],[""f3.1"",""c0""],[""f3.2"",""c0""]],[[""m3.0"",""q1"",[],null,[""c0"",""c0"",""c0"",""c0"",""c0"",""c0"",""c0""],[[""new"",""v1"",""c1""],[""new"",""v2"",""c2""],[""store"",""v0"",""f3.0"",""v1""],[""store"",""v0"",""f3.1"",""v2""],[""new"",""v4"",""c1""],[""store"",""v0"",""f3.2"",""v4""],[""move"",""v4"",""v1""],[""load"",""v3"",""v0"",""f3.0""],[""direct"",""v5"",""m3.1"",[""v3""]],[""move"",""v6"",""v5""],[""move"",""v7"",""v6""],[""invoke"",null,""v7"",""q0"",[]],[""return"",null]]],[""m3.1"",""q2"",[""c0""],""c0"",[],[[""return"",""v1""]]]]]],[[""s0"",""c3"",""c3""]],[[""e0"",""s0"",""q1"",[]]]]","[[""p0"",""p1"",""p2""],[[""c0"",null,[],[[""m0.0"",""q0"",[],null,[],[[""return"",null]]]]],[""c1"",""c0"",[],[[""m1.0"",""q0"",[],null,[],[[""check"",""p0""],[""return"",null]]]]],[""c2"",""c0"",[],[[""m2.0"",""q0"",[],null,[],[[""check"",""p1""],[""return"",null]]]]],[""c3"",null,[[""f3.0"",""c0""],[""f3.1"",""c0""],[""f3.2"",""c0""]],[[""m3.0"",""q1"",[],null,[""c0"",""c0"",""c0"",""c0"",""c0"",""c0"",""c0""],[[""new"",""v1"",""c1""],[""new"",""v2"",""c2""],[""store"",""v0"",""f3.0"",""v1""],[""store"",""v0"",""f3.1"",""v2""],[""new"",""v4"",""c1""],[""store"",""v0"",""f3.2"",""v4""],[""move"",""v4"",""v1""],[""load"",""v3"",""v0"",""f3.0""],[""direct"",""v5"",""m3.1"",[""v3""]],[""move"",""v6"",""v5""],[""move"",""v7"",""v6""],[""invoke"",null,""v7"",""q0"",[]],[""return"",null]]],[""m3.1"",""q2"",[""c0""],""c0"",[],[[""return"",""v1""]]]]],[""c4"",null,[],[[""m4.0"",""q3"",[],null,[],[[""check"",""p0""],[""return"",null]]]]]],[[""s0"",""c3"",""c3""]],[[""e0"",""s0"",""q1"",[]]]]"
33,field,3,1,1,0,False,"[[""p0"",""p1"",""p2""],[[""c0"",null,[],[[""m0.0"",""q0"",[],null,[],[[""return"",null]]]]],[""c1"",""c0"",[],[[""m1.0"",""q0"",[],null,[],[[""check"",""p0""],[""return"",null]]]]],[""c2"",""c0"",[],[[""m2.0"",""q0"",[],null,[],[[""check"",""p1""],[""return"",null]]]]],[""c3"",null,[[""f3.0"",""c0""],[""f3.1"",""c0""],[""f3.2"",""c0""]],[[""m3.0"",""q1"",[],null,[""c0"",""c0"",""c0"",""c0"",""c0"",""c0"",""c0"",""c0""],[[""new"",""v1"",""c1""],[""new"",""v2"",""c2""],[""store"",""v0"",""f3.0"",""v1""],[""store"",""v0"",""f3.1"",""v2""],[""new"",""v4"",""c1""],[""store"",""v0"",""f3.2"",""v4""],[""move"",""v4"",""v1""],[""load"",""v3"",""v0"",""f3.0""],[""direct"",""v5"",""m3.1"",[""v3""]],[""move"",""v6"",""v5""],[""move"",""v7"",""v6""],[""move"",""v8"",""v7""],[""invoke"",null,""v8"",""q0"",[]],[""return"",null]]],[""m3.1"",""q2"",[""c0""],""c0"",[],[[""return"",""v1""]]]]]],[[""s0"",""c3"",""c3""]],[[""e0"",""s0"",""q1"",[]]]]","[[""p0"",""p1"",""p2""],[[""c0"",null,[],[[""m0.0"",""q0"",[],null,[],[[""return"",null]]]]],[""c1"",""c0"",[],[[""m1.0"",""q0"",[],null,[],[[""check"",""p0""],[""return"",null]]]]],[""c2"",""c0"",[],[[""m2.0"",""q0"",[],null,[],[[""check"",""p1""],[""return"",null]]]]],[""c3"",null,[[""f3.0"",""c0""],[""f3.1"",""c0""],[""f3.2"",""c0""]],[[""m3.0"",""q1"",[],null,[""c0"",""c0"",""c0"",""c0"",""c0"",""c0"",""c0"",""c0""],[[""new"",""v1"",""c1""],[""new"",""v2"",""c2""],[""store"",""v0"",""f3.0"",""v1""],[""store"",""v0"",""f3.1"",""v2""],[""new"",""v4"",""c1""],[""store"",""v0"",""f3.2"",""v4""],[""move"",""v4"",""v1""],[""load"",""v3"",""v0"",""f3.1""],[""direct"",""v5"",""m3.1"",[""v3""]],[""move"",""v6"",""v5""],[""move"",""v7"",""v6""],[""move"",""v8"",""v7""],[""invoke"",null,""v8"",""q0"",[]],[""return"",null]]],[""m3.1"",""q2"",[""c0""],""c0"",[],[[""return"",""v1""]]]]]],[[""s0"",""c3"",""c3""]],[[""e0"",""s0"",""q1"",[]]]]"
34,field,4,1,1,0,True,"[[""p0"",""p1"",""p2""],[[""c0"",null,[],[[""m0.0"",""q0"",[],null,[],[[""return"",null]]]]],[""c1"",""c0"",[],[[""m1.0"",""q0"",[],null,[],[[""check"",""p0""],[""return"",null]]]]],[""c2"",""c0"",[],[[""m2.0"",""q0"",[],null,[],[[""check"",""p1""],[""return"",null]]]]],[""c3"",null,[[""f3.0"",""c0""],[""f3.1"",""c0""],[""f3.2"",""c0""]],[[""m3.0"",""q1"",[],null,[""c0"",""c0"",""c0"",""c0"",""c0"",""c0"",""c0"",""c0"",""c0""],[[""new"",""v1"",""c1""],[""new"",""v2"",""c2""],[""store"",""v0"",""f3.0"",""v1""],[""store"",""v0"",""f3.1"",""v2""],[""new"",""v4"",""c1""],[""store"",""v0"",""f3.2"",""v4""],[""move"",""v4"",""v1""],[""load"",""v3"",""v0"",""f3.0""],[""direct"",""v5"",""m3.1"",[""v3""]],[""move"",""v6"",""v5""],[""move"",""v7"",""v6""],[""move"",""v8"",""v7""],[""move"",""v9"",""v8""],[""invoke"",null,""v9"",""q0"",[]],[""return"",null]]],[""m3.1"",""q2"",[""c0""],""c0"",[],[[""return"",""v1""]]]]]],[[""s0"",""c3"",""c3""]],[[""e0"",""s0"",""q1"",[]]]]","[[""p0"",""p1"",""p2""],[[""c0"",null,[],[[""m0.0"",""q0"",[],null,[],[[""return"",null]]]]],[""c1"",""c0"",[],[[""m1.0"",""q0"",[],null,[],[[""check"",""p0""],[""return"",null]]]]],[""c2"",""c0"",[],[[""m2.0"",""q0"",[],null,[],[[""check"",""p1""],[""return"",null]]]]],[""c3"",null,[[""f3.0"",""c0""],[""f3.1"",""c0""],[""f3.2"",""c0""],[""f3.3"",""c0""]],[[""m3.0"",""q1"",[],null,[""c0"",""c0"",""c0"",""c0"",""c0"",""c0"",""c0"",""c0"",""c0""],[[""new"",""v1"",""c1""],[""new"",""v2"",""c2""],[""store"",""v0"",""f3.0"",""v1""],[""store"",""v0"",""f3.1"",""v2""],[""new"",""v4"",""c1""],[""store"",""v0"",""f3.2"",""v4""],[""move"",""v4"",""v1""],[""load"",""v3"",""v0"",""f3.0""],[""direct"",""v5"",""m3.1"",[""v3""]],[""move"",""v6"",""v5""],[""move"",""v7"",""v6""],[""move"",""v8"",""v7""],[""move"",""v9"",""v8""],[""invoke"",null,""v9"",""q0"",[]],[""return"",null]]],[""m3.1"",""q2"",[""c0""],""c0"",[],[[""return"",""v1""]]]]]],[[""s0"",""c3"",""c3""]],[[""e0"",""s0"",""q1"",[]]]]"
35,field,0,2,1,3,False,"[[""p0"",""p1"",""p2""],[[""c0"",null,[],[[""m0.0"",""q0"",[],null,[],[[""return"",null]]]]],[""c1"",""c0"",[],[[""m1.0"",""q0"",[],null,[],[[""check"",""p0""],[""return"",null]]]]],[""c2"",""c0"",[],[[""m2.0"",""q0"",[],null,[],[[""check"",""p1""],[""return"",null]]]]],[""c3"",null,[[""f3.0"",""c0""],[""f3.1"",""c0""],[""f3.2"",""c0""],[""f3.3"",""c0""]],[[""m3.0"",""q1"",[],null,[""c0"",""c0"",""c0"",""c0"",""c0"",""c0""],[[""new"",""v1"",""c1""],[""new"",""v2"",""c2""],[""store"",""v0"",""f3.0"",""v1""],[""store"",""v0"",""f3.1"",""v2""],[""new"",""v4"",""c1""],[""store"",""v0"",""f3.2"",""v4""],[""move"",""v4"",""v1""],[""new"",""v5"",""c2""],[""store"",""v0"",""f3.3"",""v5""],[""move"",""v5"",""v2""],[""load"",""v3"",""v0"",""f3.0""],[""direct"",""v6"",""m3.1"",[""v3""]],[""invoke"",null,""v6"",""q0"",[]],[""opaque"",[[""direct"",null,""m3.2"",[]]]],[""return"",null]]],[""m3.1"",""q2"",[""c0""],""c0"",[],[[""return"",""v1""]]],[""m3.2"",""q3"",[],null,[],[[""opaque"",[[""direct"",null,""m3.3"",[]]]],[""return"",null]]],[""m3.3"",""q4"",[],null,[],[[""opaque"",[[""check"",""p2""]]],[""return"",null]]]]]],[[""s0"",""c3"",""c3""]],[[""e0"",""s0"",""q1"",[]]]]","[[""p0"",""p1"",""p2""],[[""c0"",null,[],[[""m0.0"",""q0"",[],null,[],[[""return"",null]]]]],[""c1"",""c0"",[],[[""m1.0"",""q0"",[],null,[],[[""check"",""p0""],[""return"",null]]]]],[""c2"",""c0"",[],[[""m2.0"",""q0"",[],null,[],[[""check"",""p1""],[""return"",null]]]]],[""c3"",null,[[""f3.0"",""c0""],[""f3.1"",""c0""],[""f3.2"",""c0""],[""f3.3"",""c0""]],[[""m3.0"",""q1"",[],null,[""c0"",""c0"",""c0"",""c0"",""c0"",""c0""],[[""new"",""v1"",""c1""],[""new"",""v2"",""c2""],[""store"",""v0"",""f3.0"",""v1""],[""store"",""v0"",""f3.1"",""v2""],[""new"",""v4"",""c1""],[""store"",""v0"",""f3.2"",""v4""],[""move"",""v4"",""v1""],[""new"",""v5"",""c2""],[""store"",""v0"",""f3.3"",""v5""],[""move"",""v5"",""v2""],[""load"",""v3"",""v0"",""f3.1""],[""direct"",""v6"",""m3.1"",[""v3""]],[""invoke"",null,""v6"",""q0"",[]],[""opaque"",[[""direct"",null,""m3.2"",[]]]],[""return"",null]]],[""m3.1"",""q2"",[""c0""],""c0"",[],[[""return"",""v1""]]],[""m3.2"",""q3"",[],null,[],[[""opaque"",[[""direct"",null,""m3.3"",[]]]],[""return"",null]]],[""m3.3"",""q4"",[],null,[],[[""opaque"",[[""check"",""p2""]]],[""return"",null]]]]]],[[""s0"",""c3"",""c3""]],[[""e0"",""s0"",""q1"",[]]]]"
36,field,1,2,1,0,True,"[[""p0"",""p1"",""p2""],[[""c0"",null,[],[[""m0.0"",""q0"",[],null,[],[[""return"",null]]]]],[""c1"",""c0"",[],[[""m1.0"",""q0"",[],null,[],[[""check"",""p0""],[""return"",null]]]]],[""c2"",""c0"",[],[[""m2.0"",""q0"",[],null,[],[[""check"",""p1""],[""return"",null]]]]],[""c3"",null,[[""f3.0"",""c0""],[""f3.1"",""c0""],[""f3.2"",""c0""],[""f3.3"",""c0""]],[[""m3.0"",""q1"",[],null,[""c0"",""c0"",""c0"",""c0"",""c0"",""c0"",""c0""],[[""new"",""v1"",""c1""],[""new"",""v2"",""c2""],[""store"",""v0"",""f3.0"",""v1""],[""store"",""v0"",""f3.1"",""v2""],[""new"",""v4"",""c1""],[""store"",""v0"",""f3.2"",""v4""],[""move"",""v4"",""v1""],[""new"",""v5"",""c2""],[""store"",""v0"",""f3.3"",""v5""],[""move"",""v5"",""v2""],[""load"",""v3"",""v0"",""f3.0""],[""direct"",""v6"",""m3.1"",[""v3""]],[""move"",""v7"",""v6""],[""invoke"",null,""v7"",""q0"",[]],[""return"",null]]],[""m3.1"",""q2"",[""c0""],""c0"",[],[[""return"",""v1""]]]]]],[[""s0"",""c3"",""c3""]],[[""e0"",""s0"",""q1"",[]]]]","[[""p0"",""p1"",""p2""],[[""c0"",null,[],[[""m0.0"",""q0"",[],null,[],[[""return"",null]]]]],[""c1"",""c0"",[],[[""m1.0"",""q0"",[],null,[],[[""check"",""p0""],[""return"",null]]]]],[""c2"",""c0"",[],[[""m2.0"",""q0"",[],null,[],[[""check"",""p1""],[""return"",null]]]]],[""c3"",null,[[""f3.0"",""c0""],[""f3.1"",""c0""],[""f3.2"",""c0""],[""f3.3"",""c0""]],[[""m3.0"",""q1"",[],null,[""c0"",""c0"",""c0"",""c0"",""c0"",""c0"",""c0"",""c0""],[[""new"",""v1"",""c1""],[""new"",""v2"",""c2""],[""store"",""v0"",""f3.0"",""v1""],[""store"",""v0"",""f3.1"",""v2""],[""new"",""v4"",""c1""],[""store"",""v0"",""f3.2"",""v4""],[""move"",""v4"",""v1""],[""new"",""v5"",""c2""],[""store"",""v0"",""f3.3"",""v5""],[""move"",""v5"",""v2""],[""load"",""v3"",""v0"",""f3.0""],[""direct"",""v6"",""m3.1"",[""v3""]],[""move"",""v7"",""v6""],[""move"",""v8"",""v7""],[""invoke"",null,""v8"",""q0"",[]],[""return"",null]]],[""m3.1"",""q2"",[""c0""],""c0"",[],[[""return"",""v1""]]]]]],[[""s0"",""c3"",""c3""]],[[""e0"",""s0"",""q1"",[]]]]"
37,field,2,2,1,0,False,"[[""p0"",""p1"",""p2""],[[""c0"",null,[],[[""m0.0"",""q0"",[],null,[],[[""return"",null]]]]],[""c1"",""c0"",[],[[""m1.0"",""q0"",[],null,[],[[""check"",""p0""],[""return"",null]]]]],[""c2"",""c0"",[],[[""m2.0"",""q0"",[],null,[],[[""check"",""p1""],[""return"",null]]]]],[""c3"",null,[[""f3.0"",""c0""],[""f3.1"",""c0""],[""f3.2"",""c0""],[""f3.3"",""c0""]],[[""m3.0"",""q1"",[],null,[""c0"",""c0"",""c0"",""c0"",""c0"",""c0"",""c0"",""c0""],[[""new"",""v1"",""c1""],[""new"",""v2"",""c2""],[""store"",""v0"",""f3.0"",""v1""],[""store"",""v0"",""f3.1"",""v2""],[""new"",""v4"",""c1""],[""store"",""v0"",""f3.2"",""v4""],[""move"",""v4"",""v1""],[""new"",""v5"",""c2""],[""store"",""v0"",""f3.3"",""v5""],[""move"",""v5"",""v2""],[""load"",""v3"",""v0"",""f3.0""],[""direct"",""v6"",""m3.1"",[""v3""]],[""move"",""v7"",""v6""],[""move"",""v8"",""v7""],[""invoke"",null,""v8"",""q0"",[]],[""return"",null]]],[""m3.1"",""q2"",[""c0""],""c0"",[],[[""return"",""v1""]]]]]],[[""s0"",""c3"",""c3""]],[[""e0"",""s0"",""q1"",[]]]]","[[""p0"",""p1"",""p2""],[[""c0"",null,[],[[""m0.0"",""q0"",[],null,[],[[""return"",null]]]]],[""c1"",""c0"",[],[[""m1.0"",""q0"",[],null,[],[[""check"",""p0""],[""return"",null]]]]],[""c2"",""c0"",[],[[""m2.0"",""q0"",[],null,[],[[""check"",""p1""],[""return"",null]]]]],[""c3"",null,[[""f3.0"",""c0""],[""f3.1"",""c0""],[""f3.2"",""c0""],[""f3.3"",""c0""]],[[""m3.0"",""q1"",[],null,[""c0"",""c0"",""c0"",""c0"",""c0"",""c0"",""c0"",""c0""],[[""new"",""v1"",""c1""],[""new"",""v2"",""c2""],[""store"",""v0"",""f3.0"",""v1""],[""store"",""v0"",""f3.1"",""v2""],[""new"",""v4"",""c1""],[""store"",""v0"",""f3.2"",""v4""],[""move"",""v4"",""v1""],[""new"",""v5"",""c2""],[""store"",""v0"",""f3.3"",""v5""],[""move"",""v5"",""v2""],[""load"",""v3"",""v0"",""f3.1""],[""direct"",""v6"",""m3.1"",[""v3""]],[""move"",""v7"",""v6""],[""move"",""v8"",""v7""],[""invoke"",null,""v8"",""q0"",[]],[""return"",null]]],[""m3.1"",""q2"",[""c0""],""c0"",[],[[""return"",""v1""]]]]]],[[""s0"",""c3"",""c3""]],[[""e0"",""s0"",""q1"",[]]]]"
38,field,3,2,1,0,True,"[[""p0"",""p1"",""p2""],[[""c0"",null,[],[[""m0.0"",""q0"",[],null,[],[[""return"",null]]]]],[""c1"",""c0"",[],[[""m1.0"",""q0"",[],null,[],[[""check"",""p0""],[""return"",null]]]]],[""c2"",""c0"",[],[[""m2.0"",""q0"",[],null,[],[[""check"",""p1""],[""return"",null]]]]],[""c3"",null,[[""f3.0"",""c0""],[""f3.1"",""c0""],[""f3.2"",""c0""],[""f3.3"",""c0""]],[[""m3.0"",""q1"",[],null,[""c0"",""c0"",""c0"",""c0"",""c0"",""c0"",""c0"",""c0"",""c0""],[[""new"",""v1"",""c1""],[""new"",""v2"",""c2""],[""store"",""v0"",""f3.0"",""v1""],[""store"",""v0"",""f3.1"",""v2""],[""new"",""v4"",""c1""],[""store"",""v0"",""f3.2"",""v4""],[""move"",""v4"",""v1""],[""new"",""v5"",""c2""],[""store"",""v0"",""f3.3"",""v5""],[""move"",""v5"",""v2""],[""load"",""v3"",""v0"",""f3.0""],[""direct"",""v6"",""m3.1"",[""v3""]],[""move"",""v7"",""v6""],[""move"",""v8"",""v7""],[""move"",""v9"",""v8""],[""invoke"",null,""v9"",""q0"",[]],[""return"",null]]],[""m3.1"",""q2"",[""c0""],""c0"",[],[[""return"",""v1""]]]]]],[[""s0"",""c3"",""c3""]],[[""e0"",""s0"",""q1"",[]]]]","[[""p0"",""p1"",""p2""],[[""c0"",null,[],[[""m0.0"",""q0"",[],null,[],[[""return"",null]]]]],[""c1"",""c0"",[],[[""m1.0"",""q0"",[],null,[],[[""check"",""p0""],[""return"",null]]]]],[""c2"",""c0"",[],[[""m2.0"",""q0"",[],null,[],[[""check"",""p1""],[""return"",null]]]]],[""c3"",null,[[""f3.0"",""c0""],[""f3.1"",""c0""],[""f3.2"",""c0""],[""f3.3"",""c0""]],[[""m3.0"",""q1"",[],null,[""c0"",""c0"",""c0"",""c0"",""c0"",""c0"",""c0"",""c0"",""c0""],[[""new"",""v1"",""c1""],[""new"",""v2"",""c2""],[""store"",""v0"",""f3.0"",""v1""],[""store"",""v0"",""f3.1"",""v2""],[""new"",""v4"",""c1""],[""store"",""v0"",""f3.2"",""v4""],[""move"",""v4"",""v1""],[""new"",""v5"",""c2""],[""store"",""v0"",""f3.3"",""v5""],[""move"",""v5"",""v2""],[""load"",""v3"",""v0"",""f3.0""],[""direct"",""v6"",""m3.1"",[""v3""]],[""move"",""v7"",""v6""],[""move"",""v8"",""v7""],[""move"",""v9"",""v8""],[""invoke"",null,""v9"",""q0"",[]],[""return"",null]]],[""m3.1"",""q2"",[""c0""],""c0"",[],[[""return"",""v1""]]]]],[""c4"",null,[],[[""m4.0"",""q3"",[],null,[],[[""check"",""p0""],[""return"",null]]]]]],[[""s0"",""c3"",""c3""]],[[""e0"",""s0"",""q1"",[]]]]"
39,field,4,2,1,0,False,"[[""p0"",""p1"",""p2""],[[""c0"",null,[],[[""m0.0"",""q0"",[],null,[],[[""return"",null]]]]],[""c1"",""c0"",[],[[""m1.0"",""q0"",[],null,[],[[""check"",""p0""],[""return"",null]]]]],[""c2"",""c0"",[],[[""m2.0"",""q0"",[],null,[],[[""check"",""p1""],[""return"",null]]]]],[""c3"",null,[[""f3.0"",""c0""],[""f3.1"",""c0""],[""f3.2"",""c0""],[""f3.3"",""c0""]],[[""m3.0"",""q1"",[],null,[""c0"",""c0"",""c0"",""c0"",""c0"",""c0"",""c0"",""c0"",""c0"",""c0""],[[""new"",""v1"",""c1""],[""new"",""v2"",""c2""],[""store"",""v0"",""f3.0"",""v1""],[""store"",""v0"",""f3.1"",""v2""],[""new"",""v4"",""c1""],[""store"",""v0"",""f3.2"",""v4""],[""move"",""v4"",""v1""],[""new"",""v5"",""c2""],[""store"",""v0"",""f3.3"",""v5""],[""move"",""v5"",""v2""],[""load"",""v3"",""v0"",""f3.0""],[""direct"",""v6"",""m3.1"",[""v3""]],[""move"",""v7"",""v6""],[""move"",""v8"",""v7""],[""move"",""v9"",""v8""],[""move"",""v10"",""v9""],[""invoke"",null,""v10"",""q0"",[]],[""return"",null]]],[""m3.1"",""q2"",[""c0""],""c0"",[],[[""return"",""v1""]]]]]],[[""s0"",""c3"",""c3""]],[[""e0"",""s0"",""q1"",[]]]]","[[""p0"",""p1"",""p2""],[[""c0"",null,[],[[""m0.0"",""q0"",[],null,[],[[""return"",null]]]]],[""c1"",""c0"",[],[[""m1.0"",""q0"",[],null,[],[[""check"",""p0""],[""return"",null]]]]],[""c2"",""c0"",[],[[""m2.0"",""q0"",[],null,[],[[""check"",""p1""],[""return"",null]]]]],[""c3"",null,[[""f3.0"",""c0""],[""f3.1"",""c0""],[""f3.2"",""c0""],[""f3.3"",""c0""]],[[""m3.0"",""q1"",[],null,[""c0"",""c0"",""c0"",""c0"",""c0"",""c0"",""c0"",""c0"",""c0"",""c0""],[[""new"",""v1"",""c1""],[""new"",""v2"",""c2""],[""store"",""v0"",""f3.0"",""v1""],[""store"",""v0"",""f3.1"",""v2""],[""new"",""v4"",""c1""],[""store"",""v0"",""f3.2"",""v4""],[""move"",""v4"",""v1""],[""new"",""v5"",""c2""],[""store"",""v0"",""f3.3"",""v5""],[""move"",""v5"",""v2""],[""load"",""v3"",""v0"",""f3.1""],[""direct"",""v6"",""m3.1"",[""v3""]],[""move"",""v7"",""v6""],[""move"",""v8"",""v7""],[""move"",""v9"",""v8""],[""move"",""v10"",""v9""],[""invoke"",null,""v10"",""q0"",[]],[""return"",null]]],[""m3.1"",""q2"",[""c0""],""c0"",[],[[""return"",""v1""]]]]]],[[""s0"",""c3"",""c3""]],[[""e0"",""s0"",""q1"",[]]]]"
40,field,0,3,1,1,True,"[[""p0"",""p1"",""p2""],[[""c0"",null,[],[[""m0.0"",""q0"",[],null,[],[[""return"",null]]]]],[""c1"",""c0"",[],[[""m1.0"",""q0"",[],null,[],[[""check"",""p0""],[""return"",null]]]]],[""c2"",""c0"",[],[[""m2.0"",""q0"",[],null,[],[[""check"",""p1""],[""return"",null]]]]],[""c3"",null,[[""f3.0"",""c0""],[""f3.1"",""c0""],[""f3.2"",""c0""],[""f3.3"",""c0""],[""f3.4"",""c0""]],[[""m3.0"",""q1"",[],null,[""c0"",""c0"",""c0"",""c0"",""c0"",""c0"",""c0""],[[""new"",""v1"",""c1""],[""new"",""v2"",""c2""],[""store"",""v0"",""f3.0"",""v1""],[""store"",""v0"",""f3.1"",""v2""],[""new"",""v4"",""c1""],[""store"",""v0"",""f3.2"",""v4""],[""move"",""v4"",""v1""],[""new"",""v5"",""c2""],[""store"",""v0"",""f3.3"",""v5""],[""move"",""v5"",""v2""],[""new"",""v6"",""c1""],[""store"",""v0"",""f3.4"",""v6""],[""move"",""v6"",""v1""],[""load"",""v3"",""v0"",""f3.0""],[""direct"",""v7"",""m3.1"",[""v3""]],[""invoke"",null,""v7"",""q0"",[]],[""opaque"",[[""check"",""p2""]]],[""return"",null]]],[""m3.1"",""q2"",[""c0""],""c0"",[],[[""return"",""v1""]]]]]],[[""s0"",""c3"",""c3""]],[[""e0"",""s0"",""q1"",[]]]]","[[""p0"",""p1"",""p2""],[[""c0"",null,[],[[""m0.0"",""q0"",[],null,[],[[""return"",null]]]]],[""c1"",""c0"",[],[[""m1.0"",""q0"",[],null,[],[[""check"",""p0""],[""return"",null]]]]],[""c2"",""c0"",[],[[""m2.0"",""q0"",[],null,[],[[""check"",""p1""],[""return"",null]]]]],[""c3"",null,[[""f3.0"",""c0""],[""f3.1"",""c0""],[""f3.2"",""c0""],[""f3.3"",""c0""],[""f3.4"",""c0""],[""f3.5"",""c0""]],[[""m3.0"",""q1"",[],null,[""c0"",""c0"",""c0"",""c0"",""c0"",""c0"",""c0""],[[""new"",""v1"",""c1""],[""new"",""v2"",""c2""],[""store"",""v0"",""f3.0"",""v1""],[""store"",""v0"",""f3.1"",""v2""],[""new"",""v4"",""c1""],[""store"",""v0"",""f3.2"",""v4""],[""move"",""v4"",""v1""],[""new"",""v5"",""c2""],[""store"",""v0"",""f3.3"",""v5""],[""move"",""v5"",""v2""],[""new"",""v6"",""c1""],[""store"",""v0"",""f3.4"",""v6""],[""move"",""v6"",""v1""],[""load"",""v3"",""v0"",""f3.0""],[""direct"",""v7"",""m3.1"",[""v3""]],[""invoke"",null,""v7"",""q0"",[]],[""opaque"",[[""check"",""p2""]]],[""return"",null]]],[""m3.1"",""q2"",[""c0""],""c0"",[],[[""return"",""v1""]]]]]],[[""s0"",""c3"",""c3""]],[[""e0"",""s0"",""q1"",[]]]]"
41,field,1,3,1,0,False,"[[""p0"",""p1"",""p2""],[[""c0"",null,[],[[""m0.0"",""q0"",[],null,[],[[""return"",null]]]]],[""c1"",""c0"",[],[[""m1.0"",""q0"",[],null,[],[[""check"",""p0""],[""return"",null]]]]],[""c2"",""c0"",[],[[""m2.0"",""q0"",[],null,[],[[""check"",""p1""],[""return"",null]]]]],[""c3"",null,[[""f3.0"",""c0""],[""f3.1"",""c0""],[""f3.2"",""c0""],[""f3.3"",""c0""],[""f3.4"",""c0""]],[[""m3.0"",""q1"",[],null,[""c0"",""c0"",""c0"",""c0"",""c0"",""c0"",""c0"",""c0""],[[""new"",""v1"",""c1""],[""new"",""v2"",""c2""],[""store"",""v0"",""f3.0"",""v1""],[""store"",""v0"",""f3.1"",""v2""],[""new"",""v4"",""c1""],[""store"",""v0"",""f3.2"",""v4""],[""move"",""v4"",""v1""],[""new"",""v5"",""c2""],[""store"",""v0"",""f3.3"",""v5""],[""move"",""v5"",""v2""],[""new"",""v6"",""c1""],[""store"",""v0"",""f3.4"",""v6""],[""move"",""v6"",""v1""],[""load"",""v3"",""v0"",""f3.0""],[""direct"",""v7"",""m3.1"",[""v3""]],[""move"",""v8"",""v7""],[""invoke"",null,""v8"",""q0"",[]],[""return"",null]]],[""m3.1"",""q2"",[""c0""],""c0"",[],[[""return"",""v1""]]]]]],[[""s0"",""c3"",""c3""]],[[""e0"",""s0"",""q1"",[]]]]","[[""p0"",""p1"",""p2""],[[""c0"",null,[],[[""m0.0"",""q0"",[],null,[],[[""return"",null]]]]],[""c1"",""c0"",[],[[""m1.0"",""q0"",[],null,[],[[""check"",""p0""],[""return"",null]]]]],[""c2"",""c0"",[],[[""m2.0"",""q0"",[],null,[],[[""check"",""p1""],[""return"",null]]]]],[""c3"",null,[[""f3.0"",""c0""],[""f3.1"",""c0""],[""f3.2"",""c0""],[""f3.3"",""c0""],[""f3.4"",""c0""]],[[""m3.0"",""q1"",[],null,[""c0"",""c0"",""c0"",""c0"",""c0"",""c0"",""c0"",""c0""],[[""new"",""v1"",""c1""],[""new"",""v2"",""c2""],[""store"",""v0"",""f3.0"",""v1""],[""store"",""v0"",""f3.1"",""v2""],[""new"",""v4"",""c1""],[""store"",""v0"",""f3.2"",""v4""],[""move"",""v4"",""v1""],[""new"",""v5"",""c2""],[""store"",""v0"",""f3.3"",""v5""],[""move"",""v5"",""v2""],[""new"",""v6"",""c1""],[""store"",""v0"",""f3.4"",""v6""],[""move"",""v6"",""v1""],[""load"",""v3"",""v0"",""f3.1""],[""direct"",""v7"",""m3.1"",[""v3""]],[""move"",""v8"",""v7""],[""invoke"",null,""v8"",""q0"",[]],[""return"",null]]],[""m3.1"",""q2"",[""c0""],""c0"",[],[[""return"",""v1""]]]]]],[[""s0"",""c3"",""c3""]],[[""e0"",""s0"",""q1"",[]]]]"
42,field,2,3,1,0,True,"[[""p0"",""p1"",""p2""],[[""c0"",null,[],[[""m0.0"",""q0"",[],null,[],[[""return"",null]]]]],[""c1"",""c0"",[],[[""m1.0"",""q0"",[],null,[],[[""check"",""p0""],[""return"",null]]]]],[""c2"",""c0"",[],[[""m2.0"",""q0"",[],null,[],[[""check"",""p1""],[""return"",null]]]]],[""c3"",null,[[""f3.0"",""c0""],[""f3.1"",""c0""],[""f3.2"",""c0""],[""f3.3"",""c0""],[""f3.4"",""c0""]],[[""m3.0"",""q1"",[],null,[""c0"",""c0"",""c0"",""c0"",""c0"",""c0"",""c0"",""c0"",""c0""],[[""new"",""v1"",""c1""],[""new"",""v2"",""c2""],[""store"",""v0"",""f3.0"",""v1""],[""store"",""v0"",""f3.1"",""v2""],[""new"",""v4"",""c1""],[""store"",""v0"",""f3.2"",""v4""],[""move"",""v4"",""v1""],[""new"",""v5"",""c2""],[""store"",""v0"",""f3.3"",""v5""],[""move"",""v5"",""v2""],[""new"",""v6"",""c1""],[""store"",""v0"",""f3.4"",""v6""],[""move"",""v6"",""v1""],[""load"",""v3"",""v0"",""f3.0""],[""direct"",""v7"",""m3.1"",[""v3""]],[""move"",""v8"",""v7""],[""move"",""v9"",""v8""],[""invoke"",null,""v9"",""q0"",[]],[""return"",null]]],[""m3.1"",""q2"",[""c0""],""c0"",[],[[""return"",""v1""]]]]]],[[""s0"",""c3"",""c3""]],[[""e0"",""s0"",""q1"",[]]]]","[[""p0"",""p1"",""p2""],[[""c0"",null,[],[[""m0.0"",""q0"",[],null,[],[[""return"",null]]]]],[""c1"",""c0"",[],[[""m1.0"",""q0"",[],null,[],[[""check"",""p0""],[""return"",null]]]]],[""c2"",""c0"",[],[[""m2.0"",""q0"",[],null,[],[[""check"",""p1""],[""return"",null]]]]],[""c3"",null,[[""f3.0"",""c0""],[""f3.1"",""c0""],[""f3.2"",""c0""],[""f3.3"",""c0""],[""f3.4"",""c0""]],[[""m3.0"",""q1"",[],null,[""c0"",""c0"",""c0"",""c0"",""c0"",""c0"",""c0"",""c0"",""c0"",""c0""],[[""new"",""v1"",""c1""],[""new"",""v2"",""c2""],[""store"",""v0"",""f3.0"",""v1""],[""store"",""v0"",""f3.1"",""v2""],[""new"",""v4"",""c1""],[""store"",""v0"",""f3.2"",""v4""],[""move"",""v4"",""v1""],[""new"",""v5"",""c2""],[""store"",""v0"",""f3.3"",""v5""],[""move"",""v5"",""v2""],[""new"",""v6"",""c1""],[""store"",""v0"",""f3.4"",""v6""],[""move"",""v6"",""v1""],[""load"",""v3"",""v0"",""f3.0""],[""direct"",""v7"",""m3.1"",[""v3""]],[""move"",""v8"",""v7""],[""move"",""v9"",""v8""],[""move"",""v10"",""v9""],[""invoke"",null,""v10"",""q0"",[]],[""return"",null]]],[""m3.1"",""q2"",[""c0""],""c0"",[],[[""return"",""v1""]]]]]],[[""s0"",""c3"",""c3""]],[[""e0"",""s0"",""q1"",[]]]]"
43,field,3,3,1,0,False,"[[""p0"",""p1"",""p2""],[[""c0"",null,[],[[""m0.0"",""q0"",[],null,[],[[""return"",null]]]]],[""c1"",""c0"",[],[[""m1.0"",""q0"",[],null,[],[[""check"",""p0""],[""return"",null]]]]],[""c2"",""c0"",[],[[""m2.0"",""q0"",[],null,[],[[""check"",""p1""],[""return"",null]]]]],[""c3"",null,[[""f3.0"",""c0""],[""f3.1"",""c0""],[""f3.2"",""c0""],[""f3.3"",""c0""],[""f3.4"",""c0""]],[[""m3.0"",""q1"",[],null,[""c0"",""c0"",""c0"",""c0"",""c0"",""c0"",""c0"",""c0"",""c0"",""c0""],[[""new"",""v1"",""c1""],[""new"",""v2"",""c2""],[""store"",""v0"",""f3.0"",""v1""],[""store"",""v0"",""f3.1"",""v2""],[""new"",""v4"",""c1""],[""store"",""v0"",""f3.2"",""v4""],[""move"",""v4"",""v1""],[""new"",""v5"",""c2""],[""store"",""v0"",""f3.3"",""v5""],[""move"",""v5"",""v2""],[""new"",""v6"",""c1""],[""store"",""v0"",""f3.4"",""v6""],[""move"",""v6"",""v1""],[""load"",""v3"",""v0"",""f3.0""],[""direct"",""v7"",""m3.1"",[""v3""]],[""move"",""v8"",""v7""],[""move"",""v9"",""v8""],[""move"",""v10"",""v9""],[""invoke"",null,""v10"",""q0"",[]],[""return"",null]]],[""m3.1"",""q2"",[""c0""],""c0"",[],[[""return"",""v1""]]]]]],[[""s0"",""c3"",""c3""]],[[""e0"",""s0"",""q1"",[]]]]","[[""p0"",""p1"",""p2""],[[""c0"",null,[],[[""m0.0"",""q0"",[],null,[],[[""return"",null]]]]],[""c1"",""c0"",[],[[""m1.0"",""q0"",[],null,[],[[""check"",""p0""],[""return"",null]]]]],[""c2"",""c0"",[],[[""m2.0"",""q0"",[],null,[],[[""check"",""p1""],[""return"",null]]]]],[""c3"",null,[[""f3.0"",""c0""],[""f3.1"",""c0""],[""f3.2"",""c0""],[""f3.3"",""c0""],[""f3.4"",""c0""]],[[""m3.0"",""q1"",[],null,[""c0"",""c0"",""c0"",""c0"",""c0"",""c0"",""c0"",""c0"",""c0"",""c0""],[[""new"",""v1"",""c1""],[""new"",""v2"",""c2""],[""store"",""v0"",""f3.0"",""v1""],[""store"",""v0"",""f3.1"",""v2""],[""new"",""v4"",""c1""],[""store"",""v0"",""f3.2"",""v4""],[""move"",""v4"",""v1""],[""new"",""v5"",""c2""],[""store"",""v0"",""f3.3"",""v5""],[""move"",""v5"",""v2""],[""new"",""v6"",""c1""],[""store"",""v0"",""f3.4"",""v6""],[""move"",""v6"",""v1""],[""load"",""v3"",""v0"",""f3.1""],[""direct"",""v7"",""m3.1"",[""v3""]],[""move"",""v8"",""v7""],[""move"",""v9"",""v8""],[""move"",""v10"",""v9""],[""invoke"",null,""v10"",""q0"",[]],[""return"",null]]],[""m3.1"",""q2"",[""c0""],""c0"",[],[[""return"",""v1""]]]]]],[[""s0"",""c3"",""c3""]],[[""e0"",""s0"",""q1"",[]]]]"
44,field,4,3,1,0,True,"[[""p0"",""p1"",""p2""],[[""c0"",null,[],[[""m0.0"",""q0"",[],null,[],[[""return"",null]]]]],[""c1"",""c0"",[],[[""m1.0"",""q0"",[],null,[],[[""check"",""p0""],[""return"",null]]]]],[""c2"",""c0"",[],[[""m2.0"",""q0"",[],null,[],[[""check"",""p1""],[""return"",null]]]]],[""c3"",null,[[""f3.0"",""c0""],[""f3.1"",""c0""],[""f3.2"",""c0""],[""f3.3"",""c0""],[""f3.4"",""c0""]],[[""m3.0"",""q1"",[],null,[""c0"",""c0"",""c0"",""c0"",""c0"",""c0"",""c0"",""c0"",""c0"",""c0"",""c0""],[[""new"",""v1"",""c1""],[""new"",""v2"",""c2""],[""store"",""v0"",""f3.0"",""v1""],[""store"",""v0"",""f3.1"",""v2""],[""new"",""v4"",""c1""],[""store"",""v0"",""f3.2"",""v4""],[""move"",""v4"",""v1""],[""new"",""v5"",""c2""],[""store"",""v0"",""f3.3"",""v5""],[""move"",""v5"",""v2""],[""new"",""v6"",""c1""],[""store"",""v0"",""f3.4"",""v6""],[""move"",""v6"",""v1""],[""load"",""v3"",""v0"",""f3.0""],[""direct"",""v7"",""m3.1"",[""v3""]],[""move"",""v8"",""v7""],[""move"",""v9"",""v8""],[""move"",""v10"",""v9""],[""move"",""v11"",""v10""],[""invoke"",null,""v11"",""q0"",[]],[""return"",null]]],[""m3.1"",""q2"",[""c0""],""c0"",[],[[""return"",""v1""]]]]]],[[""s0"",""c3"",""c3""]],[[""e0"",""s0"",""q1"",[]]]]","[[""p0"",""p1"",""p2""],[[""c0"",null,[],[[""m0.0"",""q0"",[],null,[],[[""return"",null]]]]],[""c1"",""c0"",[],[[""m1.0"",""q0"",[],null,[],[[""check"",""p0""],[""return"",null]]]]],[""c2"",""c0"",[],[[""m2.0"",""q0"",[],null,[],[[""check"",""p1""],[""return"",null]]]]],[""c3"",null,[[""f3.0"",""c0""],[""f3.1"",""c0""],[""f3.2"",""c0""],[""f3.3"",""c0""],[""f3.4"",""c0""]],[[""m3.0"",""q1"",[],null,[""c0"",""c0"",""c0"",""c0"",""c0"",""c0"",""c0"",""c0"",""c0"",""c0"",""c0""],[[""new"",""v1"",""c1""],[""new"",""v2"",""c2""],[""store"",""v0"",""f3.0"",""v1""],[""store"",""v0"",""f3.1"",""v2""],[""new"",""v4"",""c1""],[""store"",""v0"",""f3.2"",""v4""],[""move"",""v4"",""v1""],[""new"",""v5"",""c2""],[""store"",""v0"",""f3.3"",""v5""],[""move"",""v5"",""v2""],[""new"",""v6"",""c1""],[""store"",""v0"",""f3.4"",""v6""],[""move"",""v6"",""v1""],[""load"",""v3"",""v0"",""f3.0""],[""direct"",""v7"",""m3.1"",[""v3""]],[""move"",""v8"",""v7""],[""move"",""v9"",""v8""],[""move"",""v10"",""v9""],[""move"",""v11"",""v10""],[""invoke"",null,""v11"",""q0"",[]],[""return"",null]]],[""m3.1"",""q2"",[""c0""],""c0"",[],[[""return"",""v1""]]]]],[""c4"",null,[],[[""m4.0"",""q3"",[],null,[],[[""check"",""p0""],[""return"",null]]]]]],[[""s0"",""c3"",""c3""]],[[""e0"",""s0"",""q1"",[]]]]"
45,field,0,4,1,2,False,"[[""p0"",""p1"",""p2""],[[""c0"",null,[],[[""m0.0"",""q0"",[],null,[],[[""return"",null]]]]],[""c1"",""c0"",[],[[""m1.0"",""q0"",[],null,[],[[""check"",""p0""],[""return"",null]]]]],[""c2"",""c0"",[],[[""m2.0"",""q0"",[],null,[],[[""check"",""p1""],[""return"",null]]]]],[""c3"",null,[[""f3.0"",""c0""],[""f3.1"",""c0""],[""f3.2"",""c0""],[""f3.3"",""c0""],[""f3.4"",""c0""],[""f3.5"",""c0""]],[[""m3.0"",""q1"",[],null,[""c0"",""c0"",""c0"",""c0"",""c0"",""c0"",""c0"",""c0""],[[""new"",""v1"",""c1""],[""new"",""v2"",""c2""],[""store"",""v0"",""f3.0"",""v1""],[""store"",""v0"",""f3.1"",""v2""],[""new"",""v4"",""c1""],[""store"",""v0"",""f3.2"",""v4""],[""move"",""v4"",""v1""],[""new"",""v5"",""c2""],[""store"",""v0"",""f3.3"",""v5""],[""move"",""v5"",""v2""],[""new"",""v6"",""c1""],[""store"",""v0"",""f3.4"",""v6""],[""move"",""v6"",""v1""],[""new"",""v7"",""c2""],[""store"",""v0"",""f3.5"",""v7""],[""move"",""v7"",""v2""],[""load"",""v3"",""v0"",""f3.0""],[""direct"",""v8"",""m3.1"",[""v3""]],[""invoke"",null,""v8"",""q0"",[]],[""opaque"",[[""direct"",null,""m3.2"",[]]]],[""return"",null]]],[""m3.1"",""q2"",[""c0""],""c0"",[],[[""return"",""v1""]]],[""m3.2"",""q3"",[],null,[],[[""opaque"",[[""check"",""p2""]]],[""return"",null]]]]]],[[""s0"",""c3"",""c3""]],[[""e0"",""s0"",""q1"",[]]]]","[[""p0"",""p1"",""p2""],[[""c0"",null,[],[[""m0.0"",""q0"",[],null,[],[[""return"",null]]]]],[""c1"",""c0"",[],[[""m1.0"",""q0"",[],null,[],[[""check"",""p0""],[""return"",null]]]]],[""c2"",""c0"",[],[[""m2.0"",""q0"",[],null,[],[[""check"",""p1""],[""return"",null]]]]],[""c3"",null,[[""f3.0"",""c0""],[""f3.1"",""c0""],[""f3.2"",""c0""],[""f3.3"",""c0""],[""f3.4"",""c0""],[""f3.5"",""c0""]],[[""m3.0"",""q1"",[],null,[""c0"",""c0"",""c0"",""c0"",""c0"",""c0"",""c0"",""c0""],[[""new"",""v1"",""c1""],[""new"",""v2"",""c2""],[""store"",""v0"",""f3.0"",""v1""],[""store"",""v0"",""f3.1"",""v2""],[""new"",""v4"",""c1""],[""store"",""v0"",""f3.2"",""v4""],[""move"",""v4"",""v1""],[""new"",""v5"",""c2""],[""store"",""v0"",""f3.3"",""v5""],[""move"",""v5"",""v2""],[""new"",""v6"",""c1""],[""store"",""v0"",""f3.4"",""v6""],[""move"",""v6"",""v1""],[""new"",""v7"",""c2""],[""store"",""v0"",""f3.5"",""v7""],[""move"",""v7"",""v2""],[""load"",""v3"",""v0"",""f3.1""],[""direct"",""v8"",""m3.1"",[""v3""]],[""invoke"",null,""v8"",""q0"",[]],[""opaque"",[[""direct"",null,""m3.2"",[]]]],[""return"",null]]],[""m3.1"",""q2"",[""c0""],""c0"",[],[[""return"",""v1""]]],[""m3.2"",""q3"",[],null,[],[[""opaque"",[[""check"",""p2""]]],[""return"",null]]]]]],[[""s0"",""c3"",""c3""]],[[""e0"",""s0"",""q1"",[]]]]"
46,field,1,4,1,0,True,"[[""p0"",""p1"",""p2""],[[""c0"",null,[],[[""m0.0"",""q0"",[],null,[],[[""return"",null]]]]],[""c1"",""c0"",[],[[""m1.0"",""q0"",[],null,[],[[""check"",""p0""],[""return"",null]]]]],[""c2"",""c0"",[],[[""m2.0"",""q0"",[],null,[],[[""check"",""p1""],[""return"",null]]]]],[""c3"",null,[[""f3.0"",""c0""],[""f3.1"",""c0""],[""f3.2"",""c0""],[""f3.3"",""c0""],[""f3.4"",""c0""],[""f3.5"",""c0""]],[[""m3.0"",""q1"",[],null,[""c0"",""c0"",""c0"",""c0"",""c0"",""c0"",""c0"",""c0"",""c0""],[[""new"",""v1"",""c1""],[""new"",""v2"",""c2""],[""store"",""v0"",""f3.0"",""v1""],[""store"",""v0"",""f3.1"",""v2""],[""new"",""v4"",""c1""],[""store"",""v0"",""f3.2"",""v4""],[""move"",""v4"",""v1""],[""new"",""v5"",""c2""],[""store"",""v0"",""f3.3"",""v5""],[""move"",""v5"",""v2""],[""new"",""v6"",""c1""],[""store"",""v0"",""f3.4"",""v6""],[""move"",""v6"",""v1""],[""new"",""v7"",""c2""],[""store"",""v0"",""f3.5"",""v7""],[""move"",""v7"",""v2""],[""load"",""v3"",""v0"",""f3.0""],[""direct"",""v8"",""m3.1"",[""v3""]],[""move"",""v9"",""v8""],[""invoke"",null,""v9"",""q0"",[]],[""return"",null]]],[""m3.1"",""q2"",[""c0""],""c0"",[],[[""return"",""v1""]]]]]],[[""s0"",""c3"",""c3""]],[[""e0"",""s0"",""q1"",[]]]]","[[""p0"",""p1"",""p2""],[[""c0"",null,[],[[""m0.0"",""q0"",[],null,[],[[""return"",null]]]]],[""c1"",""c0"",[],[[""m1.0"",""q0"",[],null,[],[[""check"",""p0""],[""return"",null]]]]],[""c2"",""c0"",[],[[""m2.0"",""q0"",[],null,[],[[""check"",""p1""],[""return"",null]]]]],[""c3"",null,[[""f3.0"",""c0""],[""f3.1"",""c0""],[""f3.2"",""c0""],[""f3.3"",""c0""],[""f3.4"",""c0""],[""f3.5"",""c0""],[""f3.6"",""c0""]],[[""m3.0"",""q1"",[],null,[""c0"",""c0"",""c0"",""c0"",""c0"",""c0"",""c0"",""c0"",""c0""],[[""new"",""v1"",""c1""],[""new"",""v2"",""c2""],[""store"",""v0"",""f3.0"",""v1""],[""store"",""v0"",""f3.1"",""v2""],[""new"",""v4"",""c1""],[""store"",""v0"",""f3.2"",""v4""],[""move"",""v4"",""v1""],[""new"",""v5"",""c2""],[""store"",""v0"",""f3.3"",""v5""],[""move"",""v5"",""v2""],[""new"",""v6"",""c1""],[""store"",""v0"",""f3.4"",""v6""],[""move"",""v6"",""v1""],[""new"",""v7"",""c2""],[""store"",""v0"",""f3.5"",""v7""],[""move"",""v7"",""v2""],[""load"",""v3"",""v0"",""f3.0""],[""direct"",""v8"",""m3.1"",[""v3""]],[""move"",""v9"",""v8""],[""invoke"",null,""v9"",""q0"",[]],[""return"",null]]],[""m3.1"",""q2"",[""c0""],""c0"",[],[[""return"",""v1""]]]]]],[[""s0"",""c3"",""c3""]],[[""e0"",""s0"",""q1"",[]]]]"
47,field,2,4,1,0,False,"[[""p0"",""p1"",""p2""],[[""c0"",null,[],[[""m0.0"",""q0"",[],null,[],[[""return"",null]]]]],[""c1"",""c0"",[],[[""m1.0"",""q0"",[],null,[],[[""check"",""p0""],[""return"",null]]]]],[""c2"",""c0"",[],[[""m2.0"",""q0"",[],null,[],[[""check"",""p1""],[""return"",null]]]]],[""c3"",null,[[""f3.0"",""c0""],[""f3.1"",""c0""],[""f3.2"",""c0""],[""f3.3"",""c0""],[""f3.4"",""c0""],[""f3.5"",""c0""]],[[""m3.0"",""q1"",[],null,[""c0"",""c0"",""c0"",""c0"",""c0"",""c0"",""c0"",""c0"",""c0"",""c0""],[[""new"",""v1"",""c1""],[""new"",""v2"",""c2""],[""store"",""v0"",""f3.0"",""v1""],[""store"",""v0"",""f3.1"",""v2""],[""new"",""v4"",""c1""],[""store"",""v0"",""f3.2"",""v4""],[""move"",""v4"",""v1""],[""new"",""v5"",""c2""],[""store"",""v0"",""f3.3"",""v5""],[""move"",""v5"",""v2""],[""new"",""v6"",""c1""],[""store"",""v0"",""f3.4"",""v6""],[""move"",""v6"",""v1""],[""new"",""v7"",""c2""],[""store"",""v0"",""f3.5"",""v7""],[""move"",""v7"",""v2""],[""load"",""v3"",""v0"",""f3.0""],[""direct"",""v8"",""m3.1"",[""v3""]],[""move"",""v9"",""v8""],[""move"",""v10"",""v9""],[""invoke"",null,""v10"",""q0"",[]],[""return"",null]]],[""m3.1"",""q2"",[""c0""],""c0"",[],[[""return"",""v1""]]]]]],[[""s0"",""c3"",""c3""]],[[""e0"",""s0"",""q1"",[]]]]","[[""p0"",""p1"",""p2""],[[""c0"",null,[],[[""m0.0"",""q0"",[],null,[],[[""return"",null]]]]],[""c1"",""c0"",[],[[""m1.0"",""q0"",[],null,[],[[""check"",""p0""],[""return"",null]]]]],[""c2"",""c0"",[],[[""m2.0"",""q0"",[],null,[],[[""check"",""p1""],[""return"",null]]]]],[""c3"",null,[[""f3.0"",""c0""],[""f3.1"",""c0""],[""f3.2"",""c0""],[""f3.3"",""c0""],[""f3.4"",""c0""],[""f3.5"",""c0""]],[[""m3.0"",""q1"",[],null,[""c0"",""c0"",""c0"",""c0"",""c0"",""c0"",""c0"",""c0"",""c0"",""c0""],[[""new"",""v1"",""c1""],[""new"",""v2"",""c2""],[""store"",""v0"",""f3.0"",""v1""],[""store"",""v0"",""f3.1"",""v2""],[""new"",""v4"",""c1""],[""store"",""v0"",""f3.2"",""v4""],[""move"",""v4"",""v1""],[""new"",""v5"",""c2""],[""store"",""v0"",""f3.3"",""v5""],[""move"",""v5"",""v2""],[""new"",""v6"",""c1""],[""store"",""v0"",""f3.4"",""v6""],[""move"",""v6"",""v1""],[""new"",""v7"",""c2""],[""store"",""v0"",""f3.5"",""v7""],[""move"",""v7"",""v2""],[""load"",""v3"",""v0"",""f3.1""],[""direct"",""v8"",""m3.1"",[""v3""]],[""move"",""v9"",""v8""],[""move"",""v10"",""v9""],[""invoke"",null,""v10"",""q0"",[]],[""return"",null]]],[""m3.1"",""q2"",[""c0""],""c0"",[],[[""return"",""v1""]]]]]],[[""s0"",""c3"",""c3""]],[[""e0"",""s0"",""q1"",[]]]]"
48,field,3,4,1,0,True,"[[""p0"",""p1"",""p2""],[[""c0"",null,[],[[""m0.0"",""q0"",[],null,[],[[""return"",null]]]]],[""c1"",""c0"",[],[[""m1.0"",""q0"",[],null,[],[[""check"",""p0""],[""return"",null]]]]],[""c2"",""c0"",[],[[""m2.0"",""q0"",[],null,[],[[""check"",""p1""],[""return"",null]]]]],[""c3"",null,[[""f3.0"",""c0""],[""f3.1"",""c0""],[""f3.2"",""c0""],[""f3.3"",""c0""],[""f3.4"",""c0""],[""f3.5"",""c0""]],[[""m3.0"",""q1"",[],null,[""c0"",""c0"",""c0"",""c0"",""c0"",""c0"",""c0"",""c0"",""c0"",""c0"",""c0""],[[""new"",""v1"",""c1""],[""new"",""v2"",""c2""],[""store"",""v0"",""f3.0"",""v1""],[""store"",""v0"",""f3.1"",""v2""],[""new"",""v4"",""c1""],[""store"",""v0"",""f3.2"",""v4""],[""move"",""v4"",""v1""],[""new"",""v5"",""c2""],[""store"",""v0"",""f3.3"",""v5""],[""move"",""v5"",""v2""],[""new"",""v6"",""c1""],[""store"",""v0"",""f3.4"",""v6""],[""move"",""v6"",""v1""],[""new"",""v7"",""c2""],[""store"",""v0"",""f3.5"",""v7""],[""move"",""v7"",""v2""],[""load"",""v3"",""v0"",""f3.0""],[""direct"",""v8"",""m3.1"",[""v3""]],[""move"",""v9"",""v8""],[""move"",""v10"",""v9""],[""move"",""v11"",""v10""],[""invoke"",null,""v11"",""q0"",[]],[""return"",null]]],[""m3.1"",""q2"",[""c0""],""c0"",[],[[""return"",""v1""]]]]]],[[""s0"",""c3"",""c3""]],[[""e0"",""s0"",""q1"",[]]]]","[[""p0"",""p1"",""p2""],[[""c0"",null,[],[[""m0.0"",""q0"",[],null,[],[[""return"",null]]]]],[""c1"",""c0"",[],[[""m1.0"",""q0"",[],null,[],[[""check"",""p0""],[""return"",null]]]]],[""c2"",""c0"",[],[[""m2.0"",""q0"",[],null,[],[[""check"",""p1""],[""return"",null]]]]],[""c3"",null,[[""f3.0"",""c0""],[""f3.1"",""c0""],[""f3.2"",""c0""],[""f3.3"",""c0""],[""f3.4"",""c0""],[""f3.5"",""c0""]],[[""m3.0"",""q1"",[],null,[""c0"",""c0"",""c0"",""c0"",""c0"",""c0"",""c0"",""c0"",""c0"",""c0"",""c0"",""c0""],[[""new"",""v1"",""c1""],[""new"",""v2"",""c2""],[""store"",""v0"",""f3.0"",""v1""],[""store"",""v0"",""f3.1"",""v2""],[""new"",""v4"",""c1""],[""store"",""v0"",""f3.2"",""v4""],[""move"",""v4"",""v1""],[""new"",""v5"",""c2""],[""store"",""v0"",""f3.3"",""v5""],[""move"",""v5"",""v2""],[""new"",""v6"",""c1""],[""store"",""v0"",""f3.4"",""v6""],[""move"",""v6"",""v1""],[""new"",""v7"",""c2""],[""store"",""v0"",""f3.5"",""v7""],[""move"",""v7"",""v2""],[""load"",""v3"",""v0"",""f3.0""],[""direct"",""v8"",""m3.1"",[""v3""]],[""move"",""v9"",""v8""],[""move"",""v10"",""v9""],[""move"",""v11"",""v10""],[""move"",""v12"",""v11""],[""invoke"",null,""v12"",""q0"",[]],[""return"",null]]],[""m3.1"",""q2"",[""c0""],""c0"",[],[[""return"",""v1""]]]]]],[[""s0"",""c3"",""c3""]],[[""e0"",""s0"",""q1"",[]]]]"
49,field,4,4,1,0,False,"[[""p0"",""p1"",""p2""],[[""c0"",null,[],[[""m0.0"",""q0"",[],null,[],[[""return"",null]]]]],[""c1"",""c0"",[],[[""m1.0"",""q0"",[],null,[],[[""check"",""p0""],[""return"",null]]]]],[""c2"",""c0"",[],[[""m2.0"",""q0"",[],null,[],[[""check"",""p1""],[""return"",null]]]]],[""c3"",null,[[""f3.0"",""c0""],[""f3.1"",""c0""],[""f3.2"",""c0""],[""f3.3"",""c0""],[""f3.4"",""c0""],[""f3.5"",""c0""]],[[""m3.0"",""q1"",[],null,[""c0"",""c0"",""c0"",""c0"",""c0"",""c0"",""c0"",""c0"",""c0"",""c0"",""c0"",""c0""],[[""new"",""v1"",""c1""],[""new"",""v2"",""c2""],[""store"",""v0"",""f3.0"",""v1""],[""store"",""v0"",""f3.1"",""v2""],[""new"",""v4"",""c1""],[""store"",""v0"",""f3.2"",""v4""],[""move"",""v4"",""v1""],[""new"",""v5"",""c2""],[""store"",""v0"",""f3.3"",""v5""],[""move"",""v5"",""v2""],[""new"",""v6"",""c1""],[""store"",""v0"",""f3.4"",""v6""],[""move"",""v6"",""v1""],[""new"",""v7"",""c2""],[""store"",""v0"",""f3.5"",""v7""],[""move"",""v7"",""v2""],[""load"",""v3"",""v0"",""f3.0""],[""direct"",""v8"",""m3.1"",[""v3""]],[""move"",""v9"",""v8""],[""move"",""v10"",""v9""],[""move"",""v11"",""v10""],[""move"",""v12"",""v11""],[""invoke"",null,""v12"",""q0"",[]],[""return"",null]]],[""m3.1"",""q2"",[""c0""],""c0"",[],[[""return"",""v1""]]]]]],[[""s0"",""c3"",""c3""]],[[""e0"",""s0"",""q1"",[]]]]","[[""p0"",""p1"",""p2""],[[""c0"",null,[],[[""m0.0"",""q0"",[],null,[],[[""return"",null]]]]],[""c1"",""c0"",[],[[""m1.0"",""q0"",[],null,[],[[""check"",""p0""],[""return"",null]]]]],[""c2"",""c0"",[],[[""m2.0"",""q0"",[],null,[],[[""check"",""p1""],[""return"",null]]]]],[""c3"",null,[[""f3.0"",""c0""],[""f3.1"",""c0""],[""f3.2"",""c0""],[""f3.3"",""c0""],[""f3.4"",""c0""],[""f3.5"",""c0""]],[[""m3.0"",""q1"",[],null,[""c0"",""c0"",""c0"",""c0"",""c0"",""c0"",""c0"",""c0"",""c0"",""c0"",""c0"",""c0""],[[""new"",""v1"",""c1""],[""new"",""v2"",""c2""],[""store"",""v0"",""f3.0"",""v1""],[""store"",""v0"",""f3.1"",""v2""],[""new"",""v4"",""c1""],[""store"",""v0"",""f3.2"",""v4""],[""move"",""v4"",""v1""],[""new"",""v5"",""c2""],[""store"",""v0"",""f3.3"",""v5""],[""move"",""v5"",""v2""],[""new"",""v6"",""c1""],[""store"",""v0"",""f3.4"",""v6""],[""move"",""v6"",""v1""],[""new"",""v7"",""c2""],[""store"",""v0"",""f3.5"",""v7""],[""move"",""v7"",""v2""],[""load"",""v3"",""v0"",""f3.1""],[""direct"",""v8"",""m3.1"",[""v3""]],[""move"",""v9"",""v8""],[""move"",""v10"",""v9""],[""move"",""v11"",""v10""],[""move"",""v12"",""v11""],[""invoke"",null,""v12"",""q0"",[]],[""return"",null]]],[""m3.1"",""q2"",[""c0""],""c0"",[],[[""return"",""v1""]]]]]],[[""s0"",""c3"",""c3""]],[[""e0"",""s0"",""q1"",[]]]]"
50,field,0,0,2,3,True,"[[""p0"",""p1"",""p2""],[[""c0"",null,[],[[""m0.0"",""q0"",[],null,[],[[""return"",null]]]]],[""c1"",""c0"",[],[[""m1.0"",""q0"",[],null,[],[[""check"",""p0""],[""return"",null]]]]],[""c2"",""c0"",[],[[""m2.0"",""q0"",[],null,[],[[""check"",""p1""],[""return"",null]]]]],[""c3"",null,[[""f3.0"",""c0""],[""f3.1"",""c0""]],[[""m3.0"",""q1"",[],null,[""c0"",""c0"",""c0"",""c0"",""c0""],[[""new"",""v1"",""c1""],[""new"",""v2"",""c2""],[""store"",""v0"",""f3.0"",""v1""],[""store"",""v0"",""f3.1"",""v2""],[""load"",""v3"",""v0"",""f3.0""],[""direct"",""v4"",""m3.1"",[""v3""]],[""direct"",""v5"",""m3.2"",[""v4""]],[""invoke"",null,""v5"",""q0"",[]],[""opaque"",[[""direct"",null,""m3.3"",[]]]],[""return"",null]]],[""m3.1"",""q2"",[""c0""],""c0"",[],[[""return"",""v1""]]],[""m3.2"",""q3"",[""c0""],""c0"",[],[[""return"",""v1""]]],[""m3.3"",""q4"",[],null,[],[[""opaque"",[[""direct"",null,""m3.4"",[]]]],[""return"",null]]],[""m3.4"",""q5"",[],null,[],[[""opaque"",[[""check"",""p2""]]],[""return"",null]]]]]],[[""s0"",""c3"",""c3""]],[[""e0"",""s0"",""q1"",[]]]]","[[""p0"",""p1"",""p2""],[[""c0"",null,[],[[""m0.0"",""q0"",[],null,[],[[""return"",null]]]]],[""c1"",""c0"",[],[[""m1.0"",""q0"",[],null,[],[[""check"",""p0""],[""return"",null]]]]],[""c2"",""c0"",[],[[""m2.0"",""q0"",[],null,[],[[""check"",""p1""],[""return"",null]]]]],[""c3"",null,[[""f3.0"",""c0""],[""f3.1"",""c0""]],[[""m3.0"",""q1"",[],null,[""c0"",""c0"",""c0"",""c0"",""c0""],[[""new"",""v1"",""c1""],[""new"",""v2"",""c2""],[""store"",""v0"",""f3.0"",""v1""],[""store"",""v0"",""f3.1"",""v2""],[""load"",""v3"",""v0"",""f3.0""],[""direct"",""v4"",""m3.1"",[""v3""]],[""direct"",""v5"",""m3.2"",[""v4""]],[""invoke"",null,""v5"",""q0"",[]],[""opaque"",[[""direct"",null,""m3.3"",[]]]],[""return"",null]]],[""m3.1"",""q2"",[""c0""],""c0"",[],[[""return"",""v1""]]],[""m3.2"",""q3"",[""c0""],""c0"",[],[[""return"",""v1""]]],[""m3.3"",""q4"",[],null,[],[[""opaque"",[[""direct"",null,""m3.4"",[]]]],[""return"",null]]],[""m3.4"",""q5"",[],null,[],[[""opaque"",[[""check"",""p2""]]],[""return"",null]]]]],[""c4"",null,[],[[""m4.0"",""q6"",[],null,[],[[""check"",""p0""],[""return"",null]]]]]],[[""s0"",""c3"",""c3""]],[[""e0"",""s0"",""q1"",[]]]]"
51,field,1,0,2,0,False,"[[""p0"",""p1"",""p2""],[[""c0"",null,[],[[""m0.0"",""q0"",[],null,[],[[""return"",null]]]]],[""c1"",""c0"",[],[[""m1.0"",""q0"",[],null,[],[[""check"",""p0""],[""return"",null]]]]],[""c2"",""c0"",[],[[""m2.0"",""q0"",[],null,[],[[""check"",""p1""],[""return"",null]]]]],[""c3"",null,[[""f3.0"",""c0""],[""f3.1"",""c0""]],[[""m3.0"",""q1"",[],null,[""c0"",""c0"",""c0"",""c0"",""c0"",""c0""],[[""new"",""v1"",""c1""],[""new"",""v2"",""c2""],[""store"",""v0"",""f3.0"",""v1""],[""store"",""v0"",""f3.1"",""v2""],[""load"",""v3"",""v0"",""f3.0""],[""direct"",""v4"",""m3.1"",[""v3""]],[""direct"",""v5"",""m3.2"",[""v4""]],[""move"",""v6"",""v5""],[""invoke"",null,""v6"",""q0"",[]],[""return"",null]]],[""m3.1"",""q2"",[""c0""],""c0"",[],[[""return"",""v1""]]],[""m3.2"",""q3"",[""c0""],""c0"",[],[[""return"",""v1""]]]]]],[[""s0"",""c3"",""c3""]],[[""e0"",""s0"",""q1"",[]]]]","[[""p0"",""p1"",""p2""],[[""c0"",null,[],[[""m0.0"",""q0"",[],null,[],[[""return"",null]]]]],[""c1"",""c0"",[],[[""m1.0"",""q0"",[],null,[],[[""check"",""p0""],[""return"",null]]]]],[""c2"",""c0"",[],[[""m2.0"",""q0"",[],null,[],[[""check"",""p1""],[""return"",null]]]]],[""c3"",null,[[""f3.0"",""c0""],[""f3.1"",""c0""]],[[""m3.0"",""q1"",[],null,[""c0"",""c0"",""c0"",""c0"",""c0"",""c0""],[[""new"",""v1"",""c1""],[""new"",""v2"",""c2""],[""store"",""v0"",""f3.0"",""v1""],[""store"",""v0"",""f3.1"",""v2""],[""load"",""v3"",""v0"",""f3.1""],[""direct"",""v4"",""m3.1"",[""v3""]],[""direct"",""v5"",""m3.2"",[""v4""]],[""move"",""v6"",""v5""],[""invoke"",null,""v6"",""q0"",[]],[""return"",null]]],[""m3.1"",""q2"",[""c0""],""c0"",[],[[""return"",""v1""]]],[""m3.2"",""q3"",[""c0""],""c0"",[],[[""return"",""v1""]]]]]],[[""s0"",""c3"",""c3""]],[[""e0"",""s0"",""q1"",[]]]]"
52,field,2,0,2,0,True,"[[""p0"",""p1"",""p2""],[[""c0"",null,[],[[""m0.0"",""q0"",[],null,[],[[""return"",null]]]]],[""c1"",""c0"",[],[[""m1.0"",""q0"",[],null,[],[[""check"",""p0""],[""return"",null]]]]],[""c2"",""c0"",[],[[""m2.0"",""q0"",[],null,[],[[""check"",""p1""],[""return"",null]]]]],[""c3"",null,[[""f3.0"",""c0""],[""f3.1"",""c0""]],[[""m3.0"",""q1"",[],null,[""c0"",""c0"",""c0"",""c0"",""c0"",""c0"",""c0""],[[""new"",""v1"",""c1""],[""new"",""v2"",""c2""],[""store"",""v0"",""f3.0"",""v1""],[""store"",""v0"",""f3.1"",""v2""],[""load"",""v3"",""v0"",""f3.0""],[""direct"",""v4"",""m3.1"",[""v3""]],[""direct"",""v5"",""m3.2"",[""v4""]],[""move"",""v6"",""v5""],[""move"",""v7"",""v6""],[""invoke"",null,""v7"",""q0"",[]],[""return"",null]]],[""m3.1"",""q2"",[""c0""],""c0"",[],[[""return"",""v1""]]],[""m3.2"",""q3"",[""c0""],""c0"",[],[[""return"",""v1""]]]]]],[[""s0"",""c3"",""c3""]],[[""e0"",""s0"",""q1"",[]]]]","[[""p0"",""p1"",""p2""],[[""c0"",null,[],[[""m0.0"",""q0"",[],null,[],[[""return"",null]]]]],[""c1"",""c0"",[],[[""m1.0"",""q0"",[],null,[],[[""check"",""p0""],[""return"",null]]]]],[""c2"",""c0"",[],[[""m2.0"",""q0"",[],null,[],[[""check"",""p1""],[""return"",null]]]]],[""c3"",null,[[""f3.0"",""c0""],[""f3.1"",""c0""],[""f3.2"",""c0""]],[[""m3.0"",""q1"",[],null,[""c0"",""c0"",""c0"",""c0"",""c0"",""c0"",""c0""],[[""new"",""v1"",""c1""],[""new"",""v2"",""c2""],[""store"",""v0"",""f3.0"",""v1""],[""store"",""v0"",""f3.1"",""v2""],[""load"",""v3"",""v0"",""f3.0""],[""direct"",""v4"",""m3.1"",[""v3""]],[""direct"",""v5"",""m3.2"",[""v4""]],[""move"",""v6"",""v5""],[""move"",""v7"",""v6""],[""invoke"",null,""v7"",""q0"",[]],[""return"",null]]],[""m3.1"",""q2"",[""c0""],""c0"",[],[[""return"",""v1""]]],[""m3.2"",""q3"",[""c0""],""c0"",[],[[""return"",""v1""]]]]]],[[""s0"",""c3"",""c3""]],[[""e0"",""s0"",""q1"",[]]]]"
53,field,3,0,2,0,False,"[[""p0"",""p1"",""p2""],[[""c0"",null,[],[[""m0.0"",""q0"",[],null,[],[[""return"",null]]]]],[""c1"",""c0"",[],[[""m1.0"",""q0"",[],null,[],[[""check"",""p0""],[""return"",null]]]]],[""c2"",""c0"",[],[[""m2.0"",""q0"",[],null,[],[[""check"",""p1""],[""return"",null]]]]],[""c3"",null,[[""f3.0"",""c0""],[""f3.1"",""c0""]],[[""m3.0"",""q1"",[],null,[""c0"",""c0"",""c0"",""c0"",""c0"",""c0"",""c0"",""c0""],[[""new"",""v1"",""c1""],[""new"",""v2"",""c2""],[""store"",""v0"",""f3.0"",""v1""],[""store"",""v0"",""f3.1"",""v2""],[""load"",""v3"",""v0"",""f3.0""],[""direct"",""v4"",""m3.1"",[""v3""]],[""direct"",""v5"",""m3.2"",[""v4""]],[""move"",""v6"",""v5""],[""move"",""v7"",""v6""],[""move"",""v8"",""v7""],[""invoke"",null,""v8"",""q0"",[]],[""return"",null]]],[""m3.1"",""q2"",[""c0""],""c0"",[],[[""return"",""v1""]]],[""m3.2"",""q3"",[""c0""],""c0"",[],[[""return"",""v1""]]]]]],[[""s0"",""c3"",""c3""]],[[""e0"",""s0"",""q1"",[]]]]","[[""p0"",""p1"",""p2""],[[""c0"",null,[],[[""m0.0"",""q0"",[],null,[],[[""return"",null]]]]],[""c1"",""c0"",[],[[""m1.0"",""q0"",[],null,[],[[""check"",""p0""],[""return"",null]]]]],[""c2"",""c0"",[],[[""m2.0"",""q0"",[],null,[],[[""check"",""p1""],[""return"",null]]]]],[""c3"",null,[[""f3.0"",""c0""],[""f3.1"",""c0""]],[[""m3.0"",""q1"",[],null,[""c0"",""c0"",""c0"",""c0"",""c0"",""c0"",""c0"",""c0""],[[""new"",""v1"",""c1""],[""new"",""v2"",""c2""],[""store"",""v0"",""f3.0"",""v1""],[""store"",""v0"",""f3.1"",""v2""],[""load"",""v3"",""v0"",""f3.1""],[""direct"",""v4"",""m3.1"",[""v3""]],[""direct"",""v5"",""m3.2"",[""v4""]],[""move"",""v6"",""v5""],[""move"",""v7"",""v6""],[""move"",""v8"",""v7""],[""invoke"",null,""v8"",""q0"",[]],[""return"",null]]],[""m3.1"",""q2"",[""c0""],""c0"",[],[[""return"",""v1""]]],[""m3.2"",""q3"",[""c0""],""c0"",[],[[""return"",""v1""]]]]]],[[""s0"",""c3"",""c3""]],[[""e0"",""s0"",""q1"",[]]]]"
54,field,4,0,2,0,True,"[[""p0"",""p1"",""p2""],[[""c0"",null,[],[[""m0.0"",""q0"",[],null,[],[[""return"",null]]]]],[""c1"",""c0"",[],[[""m1.0"",""q0"",[],null,[],[[""check"",""p0""],[""return"",null]]]]],[""c2"",""c0"",[],[[""m2.0"",""q0"",[],null,[],[[""check"",""p1""],[""return"",null]]]]],[""c3"",null,[[""f3.0"",""c0""],[""f3.1"",""c0""]],[[""m3.0"",""q1"",[],null,[""c0"",""c0"",""c0"",""c0"",""c0"",""c0"",""c0"",""c0"",""c0""],[[""new"",""v1"",""c1""],[""new"",""v2"",""c2""],[""store"",""v0"",""f3.0"",""v1""],[""store"",""v0"",""f3.1"",""v2""],[""load"",""v3"",""v0"",""f3.0""],[""direct"",""v4"",""m3.1"",[""v3""]],[""direct"",""v5"",""m3.2"",[""v4""]],[""move"",""v6"",""v5""],[""move"",""v7"",""v6""],[""move"",""v8"",""v7""],[""move"",""v9"",""v8""],[""invoke"",null,""v9"",""q0"",[]],[""return"",null]]],[""m3.1"",""q2"",[""c0""],""c0"",[],[[""return"",""v1""]]],[""m3.2"",""q3"",[""c0""],""c0"",[],[[""return"",""v1""]]]]]],[[""s0"",""c3"",""c3""]],[[""e0"",""s0"",""q1"",[]]]]","[[""p0"",""p1"",""p2""],[[""c0"",null,[],[[""m0.0"",""q0"",[],null,[],[[""return"",null]]]]],[""c1"",""c0"",[],[[""m1.0"",""q0"",[],null,[],[[""check"",""p0""],[""return"",null]]]]],[""c2"",""c0"",[],[[""m2.0"",""q0"",[],null,[],[[""check"",""p1""],[""return"",null]]]]],[""c3"",null,[[""f3.0"",""c0""],[""f3.1"",""c0""]],[[""m3.0"",""q1"",[],null,[""c0"",""c0"",""c0"",""c0"",""c0"",""c0"",""c0"",""c0"",""c0"",""c0""],[[""new"",""v1"",""c1""],[""new"",""v2"",""c2""],[""store"",""v0"",""f3.0"",""v1""],[""store"",""v0"",""f3.1"",""v2""],[""load"",""v3"",""v0"",""f3.0""],[""direct"",""v4"",""m3.1"",[""v3""]],[""direct"",""v5"",""m3.2"",[""v4""]],[""move"",""v6"",""v5""],[""move"",""v7"",""v6""],[""move"",""v8"",""v7""],[""move"",""v9"",""v8""],[""move"",""v10"",""v9""],[""invoke"",null,""v10"",""q0"",[]],[""return"",null]]],[""m3.1"",""q2"",[""c0""],""c0"",[],[[""return"",""v1""]]],[""m3.2"",""q3"",[""c0""],""c0"",[],[[""return"",""v1""]]]]]],[[""s0"",""c3"",""c3""]],[[""e0"",""s0"",""q1"",[]]]]"
55,field,0,1,2,1,False,"[[""p0"",""p1"",""p2""],[[""c0"",null,[],[[""m0.0"",""q0"",[],null,[],[[""return"",null]]]]],[""c1"",""c0"",[],[[""m1.0"",""q0"",[],null,[],[[""check"",""p0""],[""return"",null]]]]],[""c2"",""c0"",[],[[""m2.0"",""q0"",[],null,[],[[""check"",""p1""],[""return"",null]]]]],[""c3"",null,[[""f3.0"",""c0""],[""f3.1"",""c0""],[""f3.2"",""c0""]],[[""m3.0"",""q1"",[],null,[""c0"",""c0"",""c0"",""c0"",""c0"",""c0""],[[""new"",""v1"",""c1""],[""new"",""v2"",""c2""],[""store"",""v0"",""f3.0"",""v1""],[""store"",""v0"",""f3.1"",""v2""],[""new"",""v4"",""c1""],[""store"",""v0"",""f3.2"",""v4""],[""move"",""v4"",""v1""],[""load"",""v3"",""v0"",""f3.0""],[""direct"",""v5"",""m3.1"",[""v3""]],[""direct"",""v6"",""m3.2"",[""v5""]],[""invoke"",null,""v6"",""q0"",[]],[""opaque"",[[""check"",""p2""]]],[""return"",null]]],[""m3.1"",""q2"",[""c0""],""c0"",[],[[""return"",""v1""]]],[""m3.2"",""q3"",[""c0""],""c0"",[],[[""return"",""v1""]]]]]],[[""s0"",""c3"",""c3""]],[[""e0"",""s0"",""q1"",[]]]]","[[""p0"",""p1"",""p2""],[[""c0"",null,[],[[""m0.0"",""q0"",[],null,[],[[""return"",null]]]]],[""c1"",""c0"",[],[[""m1.0"",""q0"",[],null,[],[[""check"",""p0""],[""return"",null]]]]],[""c2"",""c0"",[],[[""m2.0"",""q0"",[],null,[],[[""check"",""p1""],[""return"",null]]]]],[""c3"",null,[[""f3.0"",""c0""],[""f3.1"",""c0""],[""f3.2"",""c0""]],[[""m3.0"",""q1"",[],null,[""c0"",""c0"",""c0"",""c0"",""c0"",""c0""],[[""new"",""v1"",""c1""],[""new"",""v2"",""c2""],[""store"",""v0"",""f3.0"",""v1""],[""store"",""v0"",""f3.1"",""v2""],[""new"",""v4"",""c1""],[""store"",""v0"",""f3.2"",""v4""],[""move"",""v4"",""v1""],[""load"",""v3"",""v0"",""f3.1""],[""direct"",""v5"",""m3.1"",[""v3""]],[""direct"",""v6"",""m3.2"",[""v5""]],[""invoke"",null,""v6"",""q0"",[]],[""opaque"",[[""check"",""p2""]]],[""return"",null]]],[""m3.1"",""q2"",[""c0""],""c0"",[],[[""return"",""v1""]]],[""m3.2"",""q3"",[""c0""],""c0"",[],[[""return"",""v1""]]]]]],[[""s0"",""c3"",""c3""]],[[""e0"",""s0"",""q1"",[]]]]"
56,field,1,1,2,0,True,"[[""p0"",""p1"",""p2""],[[""c0"",null,[],[[""m0.0"",""q0"",[],null,[],[[""return"",null]]]]],[""c1"",""c0"",[],[[""m1.0"",""q0"",[],null,[],[[""check"",""p0""],[""return"",null]]]]],[""c2"",""c0"",[],[[""m2.0"",""q0"",[],null,[],[[""check"",""p1""],[""return"",null]]]]],[""c3"",null,[[""f3.0"",""c0""],[""f3.1"",""c0""],[""f3.2"",""c0""]],[[""m3.0"",""q1"",[],null,[""c0"",""c0"",""c0"",""c0"",""c0"",""c0"",""c0""],[[""new"",""v1"",""c1""],[""new"",""v2"",""c2""],[""store"",""v0"",""f3.0"",""v1""],[""store"",""v0"",""f3.1"",""v2""],[""new"",""v4"",""c1""],[""store"",""v0"",""f3.2"",""v4""],[""move"",""v4"",""v1""],[""load"",""v3"",""v0"",""f3.0""],[""direct"",""v5"",""m3.1"",[""v3""]],[""direct"",""v6"",""m3.2"",[""v5""]],[""move"",""v7"",""v6""],[""invoke"",null,""v7"",""q0"",[]],[""return"",null]]],[""m3.1"",""q2"",[""c0""],""c0"",[],[[""return"",""v1""]]],[""m3.2"",""q3"",[""c0""],""c0"",[],[[""return"",""v1""]]]]]],[[""s0"",""c3"",""c3""]],[[""e0"",""s0"",""q1"",[]]]]","[[""p0"",""p1"",""p2""],[[""c0"",null,[],[[""m0.0"",""q0"",[],null,[],[[""return"",null]]]]],[""c1"",""c0"",[],[[""m1.0"",""q0"",[],null,[],[[""check"",""p0""],[""return"",null]]]]],[""c2"",""c0"",[],[[""m2.0"",""q0"",[],null,[],[[""check"",""p1""],[""return"",null]]]]],[""c3"",null,[[""f3.0"",""c0""],[""f3.1"",""c0""],[""f3.2"",""c0""]],[[""m3.0"",""q1"",[],null,[""c0"",""c0"",""c0"",""c0"",""c0"",""c0"",""c0""],[[""new"",""v1"",""c1""],[""new"",""v2"",""c2""],[""store"",""v0"",""f3.0"",""v1""],[""store"",""v0"",""f3.1"",""v2""],[""new"",""v4"",""c1""],[""store"",""v0"",""f3.2"",""v4""],[""move"",""v4"",""v1""],[""load"",""v3"",""v0"",""f3.0""],[""direct"",""v5"",""m3.1"",[""v3""]],[""direct"",""v6"",""m3.2"",[""v5""]],[""move"",""v7"",""v6""],[""invoke"",null,""v7"",""q0"",[]],[""return"",null]]],[""m3.1"",""q2"",[""c0""],""c0"",[],[[""return"",""v1""]]],[""m3.2"",""q3"",[""c0""],""c0"",[],[[""return"",""v1""]]]]],[""c4"",null,[],[[""m4.0"",""q4"",[],null,[],[[""check"",""p0""],[""return"",null]]]]]],[[""s0"",""c3"",""c3""]],[[""e0"",""s0"",""q1"",[]]]]"
57,field,2,1,2,0,False,"[[""p0"",""p1"",""p2""],[[""c0"",null,[],[[""m0.0"",""q0"",[],null,[],[[""return"",null]]]]],[""c1"",""c0"",[],[[""m1.0"",""q0"",[],null,[],[[""check"",""p0""],[""return"",null]]]]],[""c2"",""c0"",[],[[""m2.0"",""q0"",[],null,[],[[""check"",""p1""],[""return"",null]]]]],[""c3"",null,[[""f3.0"",""c0""],[""f3.1"",""c0""],[""f3.2"",""c0""]],[[""m3.0"",""q1"",[],null,[""c0"",""c0"",""c0"",""c0"",""c0"",""c0"",""c0"",""c0""],[[""new"",""v1"",""c1""],[""new"",""v2"",""c2""],[""store"",""v0"",""f3.0"",""v1""],[""store"",""v0"",""f3.1"",""v2""],[""new"",""v4"",""c1""],[""store"",""v0"",""f3.2"",""v4""],[""move"",""v4"",""v1""],[""load"",""v3"",""v0"",""f3.0""],[""direct"",""v5"",""m3.1"",[""v3""]],[""direct"",""v6"",""m3.2"",[""v5""]],[""move"",""v7"",""v6""],[""move"",""v8"",""v7""],[""invoke"",null,""v8"",""q0"",[]],[""return"",null]]],[""m3.1"",""q2"",[""c0""],""c0"",[],[[""return"",""v1""]]],[""m3.2"",""q3"",[""c0""],""c0"",[],[[""return"",""v1""]]]]]],[[""s0"",""c3"",""c3""]],[[""e0"",""s0"",""q1"",[]]]]","[[""p0"",""p1"",""p2""],[[""c0"",null,[],[[""m0.0"",""q0"",[],null,[],[[""return"",null]]]]],[""c1"",""c0"",[],[[""m1.0"",""q0"",[],null,[],[[""check"",""p0""],[""return"",null]]]]],[""c2"",""c0"",[],[[""m2.0"",""q0"",[],null,[],[[""check"",""p1""],[""return"",null]]]]],[""c3"",null,[[""f3.0"",""c0""],[""f3.1"",""c0""],[""f3.2"",""c0""]],[[""m3.0"",""q1"",[],null,[""c0"",""c0"",""c0"",""c0"",""c0"",""c0"",""c0"",""c0""],[[""new"",""v1"",""c1""],[""new"",""v2"",""c2""],[""store"",""v0"",""f3.0"",""v1""],[""store"",""v0"",""f3.1"",""v2""],[""new"",""v4"",""c1""],[""store"",""v0"",""f3.2"",""v4""],[""move"",""v4"",""v1""],[""load"",""v3"",""v0"",""f3.1""],[""direct"",""v5"",""m3.1"",[""v3""]],[""direct"",""v6"",""m3.2"",[""v5""]],[""move"",""v7"",""v6""],[""move"",""v8"",""v7""],[""invoke"",null,""v8"",""q0"",[]],[""return"",null]]],[""m3.1"",""q2"",[""c0""],""c0"",[],[[""return"",""v1""]]],[""m3.2"",""q3"",[""c0""],""c0"",[],[[""return"",""v1""]]]]]],[[""s0"",""c3"",""c3""]],[[""e0"",""s0"",""q1"",[]]]]"
58,field,3,1,2,0,True,"[[""p0"",""p1"",""p2""],[[""c0"",null,[],[[""m0.0"",""q0"",[],null,[],[[""return"",null]]]]],[""c1"",""c0"",[],[[""m1.0"",""q0"",[],null,[],[[""check"",""p0""],[""return"",null]]]]],[""c2"",""c0"",[],[[""m2.0"",""q0"",[],null,[],[[""check"",""p1""],[""return"",null]]]]],[""c3"",null,[[""f3.0"",""c0""],[""f3.1"",""c0""],[""f3.2"",""c0""]],[[""m3.0"",""q1"",[],null,[""c0"",""c0"",""c0"",""c0"",""c0"",""c0"",""c0"",""c0"",""c0""],[[""new"",""v1"",""c1""],[""new"",""v2"",""c2""],[""store"",""v0"",""f3.0"",""v1""],[""store"",""v0"",""f3.1"",""v2""],[""new"",""v4"",""c1""],[""store"",""v0"",""f3.2"",""v4""],[""move"",""v4"",""v1""],[""load"",""v3"",""v0"",""f3.0""],[""direct"",""v5"",""m3.1"",[""v3""]],[""direct"",""v6"",""m3.2"",[""v5""]],[""move"",""v7"",""v6""],[""move"",""v8"",""v7""],[""move"",""v9"",""v8""],[""invoke"",null,""v9"",""q0"",[]],[""return"",null]]],[""m3.1"",""q2"",[""c0""],""c0"",[],[[""return"",""v1""]]],[""m3.2"",""q3"",[""c0""],""c0"",[],[[""return"",""v1""]]]]]],[[""s0"",""c3"",""c3""]],[[""e0"",""s0"",""q1"",[]]]]","[[""p0"",""p1"",""p2""],[[""c0"",null,[],[[""m0.0"",""q0"",[],null,[],[[""return"",null]]]]],[""c1"",""c0"",[],[[""m1.0"",""q0"",[],null,[],[[""check"",""p0""],[""return"",null]]]]],[""c2"",""c0"",[],[[""m2.0"",""q0"",[],null,[],[[""check"",""p1""],[""return"",null]]]]],[""c3"",null,[[""f3.0"",""c0""],[""f3.1"",""c0""],[""f3.2"",""c0""],[""f3.3"",""c0""]],[[""m3.0"",""q1"",[],null,[""c0"",""c0"",""c0"",""c0"",""c0"",""c0"",""c0"",""c0"",""c0""],[[""new"",""v1"",""c1""],[""new"",""v2"",""c2""],[""store"",""v0"",""f3.0"",""v1""],[""store"",""v0"",""f3.1"",""v2""],[""new"",""v4"",""c1""],[""store"",""v0"",""f3.2"",""v4""],[""move"",""v4"",""v1""],[""load"",""v3"",""v0"",""f3.0""],[""direct"",""v5"",""m3.1"",[""v3""]],[""direct"",""v6"",""m3.2"",[""v5""]],[""move"",""v7"",""v6""],[""move"",""v8"",""v7""],[""move"",""v9"",""v8""],[""invoke"",null,""v9"",""q0"",[]],[""return"",null]]],[""m3.1"",""q2"",[""c0""],""c0"",[],[[""return"",""v1""]]],[""m3.2"",""q3"",[""c0""],""c0"",[],[[""return"",""v1""]]]]]],[[""s0"",""c3"",""c3""]],[[""e0"",""s0"",""q1"",[]]]]"
59,field,4,1,2,0,False,"[[""p0"",""p1"",""p2""],[[""c0"",null,[],[[""m0.0"",""q0"",[],null,[],[[""return"",null]]]]],[""c1"",""c0"",[],[[""m1.0"",""q0"",[],null,[],[[""check"",""p0""],[""return"",null]]]]],[""c2"",""c0"",[],[[""m2.0"",""q0"",[],null,[],[[""check"",""p1""],[""return"",null]]]]],[""c3"",null,[[""f3.0"",""c0""],[""f3.1"",""c0""],[""f3.2"",""c0""]],[[""m3.0"",""q1"",[],null,[""c0"",""c0"",""c0"",""c0"",""c0"",""c0"",""c0"",""c0"",""c0"",""c0""],[[""new"",""v1"",""c1""],[""new"",""v2"",""c2""],[""store"",""v0"",""f3.0"",""v1""],[""store"",""v0"",""f3.1"",""v2""],[""new"",""v4"",""c1""],[""store"",""v0"",""f3.2"",""v4""],[""move"",""v4"",""v1""],[""load"",""v3"",""v0"",""f3.0""],[""direct"",""v5"",""m3.1"",[""v3""]],[""direct"",""v6"",""m3.2"",[""v5""]],[""move"",""v7"",""v6""],[""move"",""v8"",""v7""],[""move"",""v9"",""v8""],[""move"",""v10"",""v9""],[""invoke"",null,""v10"",""q0"",[]],[""return"",null]]],[""m3.1"",""q2"",[""c0""],""c0"",[],[[""return"",""v1""]]],[""m3.2"",""q3"",[""c0""],""c0"",[],[[""return"",""v1""]]]]]],[[""s0"",""c3"",""c3""]],[[""e0"",""s0"",""q1"",[]]]]","[[""p0"",""p1"",""p2""],[[""c0"",null,[],[[""m0.0"",""q0"",[],null,[],[[""return"",null]]]]],[""c1"",""c0"",[],[[""m1.0"",""q0"",[],null,[],[[""check"",""p0""],[""return"",null]]]]],[""c2"",""c0"",[],[[""m2.0"",""q0"",[],null,[],[[""check"",""p1""],[""return"",null]]]]],[""c3"",null,[[""f3.0"",""c0""],[""f3.1"",""c0""],[""f3.2"",""c0""]],[[""m3.0"",""q1"",[],null,[""c0"",""c0"",""c0"",""c0"",""c0"",""c0"",""c0"",""c0"",""c0"",""c0""],[[""new"",""v1"",""c1""],[""new"",""v2"",""c2""],[""store"",""v0"",""f3.0"",""v1""],[""store"",""v0"",""f3.1"",""v2""],[""new"",""v4"",""c1""],[""store"",""v0"",""f3.2"",""v4""],[""move"",""v4"",""v1""],[""load"",""v3"",""v0"",""f3.1""],[""direct"",""v5"",""m3.1"",[""v3""]],[""direct"",""v6"",""m3.2"",[""v5""]],[""move"",""v7"",""v6""],[""move"",""v8"",""v7""],[""move"",""v9"",""v8""],[""move"",""v10"",""v9""],[""invoke"",null,""v10"",""q0"",[]],[""return"",null]]],[""m3.1"",""q2"",[""c0""],""c0"",[],[[""return"",""v1""]]],[""m3.2"",""q3"",[""c0""],""c0"",[],[[""return"",""v1""]]]]]],[[""s0"",""c3"",""c3""]],[[""e0"",""s0"",""q1"",[]]]]"
60,field,0,2,2,2,True,"[[""p0"",""p1"",""p2""],[[""c0"",null,[],[[""m0.0"",""q0"",[],null,[],[[""return"",null]]]]],[""c1"",""c0"",[],[[""m1.0"",""q0"",[],null,[],[[""check"",""p0""],[""return"",null]]]]],[""c2"",""c0"",[],[[""m2.0"",""q0"",[],null,[],[[""check"",""p1""],[""return"",null]]]]],[""c3"",null,[[""f3.0"",""c0""],[""f3.1"",""c0""],[""f3.2"",""c0""],[""f3.3"",""c0""]],[[""m3.0"",""q1"",[],null,[""c0"",""c0"",""c0"",""c0"",""c0"",""c0"",""c0""],[[""new"",""v1"",""c1""],[""new"",""v2"",""c2""],[""store"",""v0"",""f3.0"",""v1""],[""store"",""v0"",""f3.1"",""v2""],[""new"",""v4"",""c1""],[""store"",""v0"",""f3.2"",""v4""],[""move"",""v4"",""v1""],[""new"",""v5"",""c2""],[""store"",""v0"",""f3.3"",""v5""],[""move"",""v5"",""v2""],[""load"",""v3"",""v0"",""f3.0""],[""direct"",""v6"",""m3.1"",[""v3""]],[""direct"",""v7"",""m3.2"",[""v6""]],[""invoke"",null,""v7"",""q0"",[]],[""opaque"",[[""direct"",null,""m3.3"",[]]]],[""return"",null]]],[""m3.1"",""q2"",[""c0""],""c0"",[],[[""return"",""v1""]]],[""m3.2"",""q3"",[""c0""],""c0"",[],[[""return"",""v1""]]],[""m3.3"",""q4"",[],null,[],[[""opaque"",[[""check"",""p2""]]],[""return"",null]]]]]],[[""s0"",""c3"",""c3""]],[[""e0"",""s0"",""q1"",[]]]]","[[""p0"",""p1"",""p2""],[[""c0"",null,[],[[""m0.0"",""q0"",[],null,[],[[""return"",null]]]]],[""c1"",""c0"",[],[[""m1.0"",""q0"",[],null,[],[[""check"",""p0""],[""return"",null]]]]],[""c2"",""c0"",[],[[""m2.0"",""q0"",[],null,[],[[""check"",""p1""],[""return"",null]]]]],[""c3"",null,[[""f3.0"",""c0""],[""f3.1"",""c0""],[""f3.2"",""c0""],[""f3.3"",""c0""]],[[""m3.0"",""q1"",[],null,[""c0"",""c0"",""c0"",""c0"",""c0"",""c0"",""c0"",""c0""],[[""new"",""v1"",""c1""],[""new"",""v2"",""c2""],[""store"",""v0"",""f3.0"",""v1""],[""store"",""v0"",""f3.1"",""v2""],[""new"",""v4"",""c1""],[""store"",""v0"",""f3.2"",""v4""],[""move"",""v4"",""v1""],[""new"",""v5"",""c2""],[""store"",""v0"",""f3.3"",""v5""],[""move"",""v5"",""v2""],[""load"",""v3"",""v0"",""f3.0""],[""direct"",""v6"",""m3.1"",[""v3""]],[""direct"",""v7"",""m3.2"",[""v6""]],[""move"",""v8"",""v7""],[""invoke"",null,""v8"",""q0"",[]],[""opaque"",[[""direct"",null,""m3.3"",[]]]],[""return"",null]]],[""m3.1"",""q2"",[""c0""],""c0"",[],[[""return"",""v1""]]],[""m3.2"",""q3"",[""c0""],""c0"",[],[[""return"",""v1""]]],[""m3.3"",""q4"",[],null,[],[[""opaque"",[[""check"",""p2""]]],[""return"",null]]]]]],[[""s0"",""c3"",""c3""]],[[""e0"",""s0"",""q1"",[]]]]"
61,field,1,2,2,0,False,"[[""p0"",""p1"",""p2""],[[""c0"",null,[],[[""m0.0"",""q0"",[],null,[],[[""return"",null]]]]],[""c1"",""c0"",[],[[""m1.0"",""q0"",[],null,[],[[""check"",""p0""],[""return"",null]]]]],[""c2"",""c0"",[],[[""m2.0"",""q0"",[],null,[],[[""check"",""p1""],[""return"",null]]]]],[""c3"",null,[[""f3.0"",""c0""],[""f3.1"",""c0""],[""f3.2"",""c0""],[""f3.3"",""c0""]],[[""m3.0"",""q1"",[],null,[""c0"",""c0"",""c0"",""c0"",""c0"",""c0"",""c0"",""c0""],[[""new"",""v1"",""c1""],[""new"",""v2"",""c2""],[""store"",""v0"",""f3.0"",""v1""],[""store"",""v0"",""f3.1"",""v2""],[""new"",""v4"",""c1""],[""store"",""v0"",""f3.2"",""v4""],[""move"",""v4"",""v1""],[""new"",""v5"",""c2""],[""store"",""v0"",""f3.3"",""v5""],[""move"",""v5"",""v2""],[""load"",""v3"",""v0"",""f3.0""],[""direct"",""v6"",""m3.1"",[""v3""]],[""direct"",""v7"",""m3.2"",[""v6""]],[""move"",""v8"",""v7""],[""invoke"",null,""v8"",""q0"",[]],[""return"",null]]],[""m3.1"",""q2"",[""c0""],""c0"",[],[[""return"",""v1""]]],[""m3.2"",""q3"",[""c0""],""c0"",[],[[""return"",""v1""]]]]]],[[""s0"",""c3"",""c3""]],[[""e0"",""s0"",""q1"",[]]]]","[[""p0"",""p1"",""p2""],[[""c0"",null,[],[[""m0.0"",""q0"",[],null,[],[[""return"",null]]]]],[""c1"",""c0"",[],[[""m1.0"",""q0"",[],null,[],[[""check"",""p0""],[""return"",null]]]]],[""c2"",""c0"",[],[[""m2.0"",""q0"",[],null,[],[[""check"",""p1""],[""return"",null]]]]],[""c3"",null,[[""f3.0"",""c0""],[""f3.1"",""c0""],[""f3.2"",""c0""],[""f3.3"",""c0""]],[[""m3.0"",""q1"",[],null,[""c0"",""c0"",""c0"",""c0"",""c0"",""c0"",""c0"",""c0""],[[""new"",""v1"",""c1""],[""new"",""v2"",""c2""],[""store"",""v0"",""f3.0"",""v1""],[""store"",""v0"",""f3.1"",""v2""],[""new"",""v4"",""c1""],[""store"",""v0"",""f3.2"",""v4""],[""move"",""v4"",""v1""],[""new"",""v5"",""c2""],[""store"",""v0"",""f3.3"",""v5""],[""move"",""v5"",""v2""],[""load"",""v3"",""v0"",""f3.1""],[""direct"",""v6"",""m3.1"",[""v3""]],[""direct"",""v7"",""m3.2"",[""v6""]],[""move"",""v8"",""v7""],[""invoke"",null,""v8"",""q0"",[]],[""return"",null]]],[""m3.1"",""q2"",[""c0""],""c0"",[],[[""return"",""v1""]]],[""m3.2"",""q3"",[""c0""],""c0"",[],[[""return"",""v1""]]]]]],[[""s0"",""c3"",""c3""]],[[""e0"",""s0"",""q1"",[]]]]"
62,field,2,2,2,0,True,"[[""p0"",""p1"",""p2""],[[""c0"",null,[],[[""m0.0"",""q0"",[],null,[],[[""return"",null]]]]],[""c1"",""c0"",[],[[""m1.0"",""q0"",[],null,[],[[""check"",""p0""],[""return"",null]]]]],[""c2"",""c0"",[],[[""m2.0"",""q0"",[],null,[],[[""check"",""p1""],[""return"",null]]]]],[""c3"",null,[[""f3.0"",""c0""],[""f3.1"",""c0""],[""f3.2"",""c0""],[""f3.3"",""c0""]],[[""m3.0"",""q1"",[],null,[""c0"",""c0"",""c0"",""c0"",""c0"",""c0"",""c0"",""c0"",""c0""],[[""new"",""v1"",""c1""],[""new"",""v2"",""c2""],[""store"",""v0"",""f3.0"",""v1""],[""store"",""v0"",""f3.1"",""v2""],[""new"",""v4"",""c1""],[""store"",""v0"",""f3.2"",""v4""],[""move"",""v4"",""v1""],[""new"",""v5"",""c2""],[""store"",""v0"",""f3.3"",""v5""],[""move"",""v5"",""v2""],[""load"",""v3"",""v0"",""f3.0""],[""direct"",""v6"",""m3.1"",[""v3""]],[""direct"",""v7"",""m3.2"",[""v6""]],[""move"",""v8"",""v7""],[""move"",""v9"",""v8""],[""invoke"",null,""v9"",""q0"",[]],[""return"",null]]],[""m3.1"",""q2"",[""c0""],""c0"",[],[[""return"",""v1""]]],[""m3.2"",""q3"",[""c0""],""c0"",[],[[""return"",""v1""]]]]]],[[""s0"",""c3"",""c3""]],[[""e0"",""s0"",""q1"",[]]]]","[[""p0"",""p1"",""p2""],[[""c0"",null,[],[[""m0.0"",""q0"",[],null,[],[[""return"",null]]]]],[""c1"",""c0"",[],[[""m1.0"",""q0"",[],null,[],[[""check"",""p0""],[""return"",null]]]]],[""c2"",""c0"",[],[[""m2.0"",""q0"",[],null,[],[[""check"",""p1""],[""return"",null]]]]],[""c3"",null,[[""f3.0"",""c0""],[""f3.1"",""c0""],[""f3.2"",""c0""],[""f3.3"",""c0""]],[[""m3.0"",""q1"",[],null,[""c0"",""c0"",""c0"",""c0"",""c0"",""c0"",""c0"",""c0"",""c0""],[[""new"",""v1"",""c1""],[""new"",""v2"",""c2""],[""store"",""v0"",""f3.0"",""v1""],[""store"",""v0"",""f3.1"",""v2""],[""new"",""v4"",""c1""],[""store"",""v0"",""f3.2"",""v4""],[""move"",""v4"",""v1""],[""new"",""v5"",""c2""],[""store"",""v0"",""f3.3"",""v5""],[""move"",""v5"",""v2""],[""load"",""v3"",""v0"",""f3.0""],[""direct"",""v6"",""m3.1"",[""v3""]],[""direct"",""v7"",""m3.2"",[""v6""]],[""move"",""v8"",""v7""],[""move"",""v9"",""v8""],[""invoke"",null,""v9"",""q0"",[]],[""return"",null]]],[""m3.1"",""q2"",[""c0""],""c0"",[],[[""return"",""v1""]]],[""m3.2"",""q3"",[""c0""],""c0"",[],[[""return"",""v1""]]]]],[""c4"",null,[],[[""m4.0"",""q4"",[],null,[],[[""check"",""p0""],[""return"",null]]]]]],[[""s0"",""c3"",""c3""]],[[""e0"",""s0"",""q1"",[]]]]"
63,field,3,2,2,0,False,"[[""p0"",""p1"",""p2""],[[""c0"",null,[],[[""m0.0"",""q0"",[],null,[],[[""return"",null]]]]],[""c1"",""c0"",[],[[""m1.0"",""q0"",[],null,[],[[""check"",""p0""],[""return"",null]]]]],[""c2"",""c0"",[],[[""m2.0"",""q0"",[],null,[],[[""check"",""p1""],[""return"",null]]]]],[""c3"",null,[[""f3.0"",""c0""],[""f3.1"",""c0""],[""f3.2"",""c0""],[""f3.3"",""c0""]],[[""m3.0"",""q1"",[],null,[""c0"",""c0"",""c0"",""c0"",""c0"",""c0"",""c0"",""c0"",""c0"",""c0""],[[""new"",""v1"",""c1""],[""new"",""v2"",""c2""],[""store"",""v0"",""f3.0"",""v1""],[""store"",""v0"",""f3.1"",""v2""],[""new"",""v4"",""c1""],[""store"",""v0"",""f3.2"",""v4""],[""move"",""v4"",""v1""],[""new"",""v5"",""c2""],[""store"",""v0"",""f3.3"",""v5""],[""move"",""v5"",""v2""],[""load"",""v3"",""v0"",""f3.0""],[""direct"",""v6"",""m3.1"",[""v3""]],[""direct"",""v7"",""m3.2"",[""v6""]],[""move"",""v8"",""v7""],[""move"",""v9"",""v8""],[""move"",""v10"",""v9""],[""invoke"",null,""v10"",""q0"",[]],[""return"",null]]],[""m3.1"",""q2"",[""c0""],""c0"",[],[[""return"",""v1""]]],[""m3.2"",""q3"",[""c0""],""c0"",[],[[""return"",""v1""]]]]]],[[""s0"",""c3"",""c3""]],[[""e0"",""s0"",""q1"",[]]]]","[[""p0"",""p1"",""p2""],[[""c0"",null,[],[[""m0.0"",""q0"",[],null,[],[[""return"",null]]]]],[""c1"",""c0"",[],[[""m1.0"",""q0"",[],null,[],[[""check"",""p0""],[""return"",null]]]]],[""c2"",""c0"",[],[[""m2.0"",""q0"",[],null,[],[[""check"",""p1""],[""return"",null]]]]],[""c3"",null,[[""f3.0"",""c0""],[""f3.1"",""c0""],[""f3.2"",""c0""],[""f3.3"",""c0""]],[[""m3.0"",""q1"",[],null,[""c0"",""c0"",""c0"",""c0"",""c0"",""c0"",""c0"",""c0"",""c0"",""c0""],[[""new"",""v1"",""c1""],[""new"",""v2"",""c2""],[""store"",""v0"",""f3.0"",""v1""],[""store"",""v0"",""f3.1"",""v2""],[""new"",""v4"",""c1""],[""store"",""v0"",""f3.2"",""v4""],[""move"",""v4"",""v1""],[""new"",""v5"",""c2""],[""store"",""v0"",""f3.3"",""v5""],[""move"",""v5"",""v2""],[""load"",""v3"",""v0"",""f3.1""],[""direct"",""v6"",""m3.1"",[""v3""]],[""direct"",""v7"",""m3.2"",[""v6""]],[""move"",""v8"",""v7""],[""move"",""v9"",""v8""],[""move"",""v10"",""v9""],[""invoke"",null,""v10"",""q0"",[]],[""return"",null]]],[""m3.1"",""q2"",[""c0""],""c0"",[],[[""return"",""v1""]]],[""m3.2"",""q3"",[""c0""],""c0"",[],[[""return"",""v1""]]]]]],[[""s0"",""c3"",""c3""]],[[""e0"",""s0"",""q1"",[]]]]"
64,field,4,2,2,0,True,"[[""p0"",""p1"",""p2""],[[""c0"",null,[],[[""m0.0"",""q0"",[],null,[],[[""return"",null]]]]],[""c1"",""c0"",[],[[""m1.0"",""q0"",[],null,[],[[""check"",""p0""],[""return"",null]]]]],[""c2"",""c0"",[],[[""m2.0"",""q0"",[],null,[],[[""check"",""p1""],[""return"",null]]]]],[""c3"",null,[[""f3.0"",""c0""],[""f3.1"",""c0""],[""f3.2"",""c0""],[""f3.3"",""c0""]],[[""m3.0"",""q1"",[],null,[""c0"",""c0"",""c0"",""c0"",""c0"",""c0"",""c0"",""c0"",""c0"",""c0"",""c0""],[[""new"",""v1"",""c1""],[""new"",""v2"",""c2""],[""store"",""v0"",""f3.0"",""v1""],[""store"",""v0"",""f3.1"",""v2""],[""new"",""v4"",""c1""],[""store"",""v0"",""f3.2"",""v4""],[""move"",""v4"",""v1""],[""new"",""v5"",""c2""],[""store"",""v0"",""f3.3"",""v5""],[""move"",""v5"",""v2""],[""load"",""v3"",""v0"",""f3.0""],[""direct"",""v6"",""m3.1"",[""v3""]],[""direct"",""v7"",""m3.2"",[""v6""]],[""move"",""v8"",""v7""],[""move"",""v9"",""v8""],[""move"",""v10"",""v9""],[""move"",""v11"",""v10""],[""invoke"",null,""v11"",""q0"",[]],[""return"",null]]],[""m3.1"",""q2"",[""c0""],""c0"",[],[[""return"",""v1""]]],[""m3.2"",""q3"",[""c0""],""c0"",[],[[""return"",""v1""]]]]]],[[""s0"",""c3"",""c3""]],[[""e0"",""s0"",""q1"",[]]]]","[[""p0"",""p1"",""p2""],[[""c0"",null,[],[[""m0.0"",""q0"",[],null,[],[[""return"",null]]]]],[""c1"",""c0"",[],[[""m1.0"",""q0"",[],null,[],[[""check"",""p0""],[""return"",null]]]]],[""c2"",""c0"",[],[[""m2.0"",""q0"",[],null,[],[[""check"",""p1""],[""return"",null]]]]],[""c3"",null,[[""f3.0"",""c0""],[""f3.1"",""c0""],[""f3.2"",""c0""],[""f3.3"",""c0""],[""f3.4"",""c0""]],[[""m3.0"",""q1"",[],null,[""c0"",""c0"",""c0"",""c0"",""c0"",""c0"",""c0"",""c0"",""c0"",""c0"",""c0""],[[""new"",""v1"",""c1""],[""new"",""v2"",""c2""],[""store"",""v0"",""f3.0"",""v1""],[""store"",""v0"",""f3.1"",""v2""],[""new"",""v4"",""c1""],[""store"",""v0"",""f3.2"",""v4""],[""move"",""v4"",""v1""],[""new"",""v5"",""c2""],[""store"",""v0"",""f3.3"",""v5""],[""move"",""v5"",""v2""],[""load"",""v3"",""v0"",""f3.0""],[""direct"",""v6"",""m3.1"",[""v3""]],[""direct"",""v7"",""m3.2"",[""v6""]],[""move"",""v8"",""v7""],[""move"",""v9"",""v8""],[""move"",""v10"",""v9""],[""move"",""v11"",""v10""],[""invoke"",null,""v11"",""q0"",[]],[""return"",null]]],[""m3.1"",""q2"",[""c0""],""c0"",[],[[""return"",""v1""]]],[""m3.2"",""q3"",[""c0""],""c0"",[],[[""return"",""v1""]]]]]],[[""s0"",""c3"",""c3""]],[[""e0"",""s0"",""q1"",[]]]]"
65,field,0,3,2,3,False,"[[""p0"",""p1"",""p2""],[[""c0"",null,[],[[""m0.0"",""q0"",[],null,[],[[""return"",null]]]]],[""c1"",""c0"",[],[[""m1.0"",""q0"",[],null,[],[[""check"",""p0""],[""return"",null]]]]],[""c2"",""c0"",[],[[""m2.0"",""q0"",[],null,[],[[""check"",""p1""],[""return"",null]]]]],[""c3"",null,[[""f3.0"",""c0""],[""f3.1"",""c0""],[""f3.2"",""c0""],[""f3.3"",""c0""],[""f3.4"",""c0""]],[[""m3.0"",""q1"",[],null,[""c0"",""c0"",""c0"",""c0"",""c0"",""c0"",""c0"",""c0""],[[""new"",""v1"",""c1""],[""new"",""v2"",""c2""],[""store"",""v0"",""f3.0"",""v1""],[""store"",""v0"",""f3.1"",""v2""],[""new"",""v4"",""c1""],[""store"",""v0"",""f3.2"",""v4""],[""move"",""v4"",""v1""],[""new"",""v5"",""c2""],[""store"",""v0"",""f3.3"",""v5""],[""move"",""v5"",""v2""],[""new"",""v6"",""c1""],[""store"",""v0"",""f3.4"",""v6""],[""move"",""v6"",""v1""],[""load"",""v3"",""v0"",""f3.0""],[""direct"",""v7"",""m3.1"",[""v3""]],[""direct"",""v8"",""m3.2"",[""v7""]],[""invoke"",null,""v8"",""q0"",[]],[""opaque"",[[""direct"",null,""m3.3"",[]]]],[""return"",null]]],[""m3.1"",""q2"",[""c0""],""c0"",[],[[""return"",""v1""]]],[""m3.2"",""q3"",[""c0""],""c0"",[],[[""return"",""v1""]]],[""m3.3"",""q4"",[],null,[],[[""opaque"",[[""direct"",null,""m3.4"",[]]]],[""return"",null]]],[""m3.4"",""q5"",[],null,[],[[""opaque"",[[""check"",""p2""]]],[""return"",null]]]]]],[[""s0"",""c3"",""c3""]],[[""e0"",""s0"",""q1"",[]]]]","[[""p0"",""p1"",""p2""],[[""c0"",null,[],[[""m0.0"",""q0"",[],null,[],[[""return"",null]]]]],[""c1"",""c0"",[],[[""m1.0"",""q0"",[],null,[],[[""check"",""p0""],[""return"",null]]]]],[""c2"",""c0"",[],[[""m2.0"",""q0"",[],null,[],[[""check"",""p1""],[""return"",null]]]]],[""c3"",null,[[""f3.0"",""c0""],[""f3.1"",""c0""],[""f3.2"",""c0""],[""f3.3"",""c0""],[""f3.4"",""c0""]],[[""m3.0"",""q1"",[],null,[""c0"",""c0"",""c0"",""c0"",""c0"",""c0"",""c0"",""c0""],[[""new"",""v1"",""c1""],[""new"",""v2"",""c2""],[""store"",""v0"",""f3.0"",""v1""],[""store"",""v0"",""f3.1"",""v2""],[""new"",""v4"",""c1""],[""store"",""v0"",""f3.2"",""v4""],[""move"",""v4"",""v1""],[""new"",""v5"",""c2""],[""store"",""v0"",""f3.3"",""v5""],[""move"",""v5"",""v2""],[""new"",""v6"",""c1""],[""store"",""v0"",""f3.4"",""v6""],[""move"",""v6"",""v1""],[""load"",""v3"",""v0"",""f3.1""],[""direct"",""v7"",""m3.1"",[""v3""]],[""direct"",""v8"",""m3.2"",[""v7""]],[""invoke"",null,""v8"",""q0"",[]],[""opaque"",[[""direct"",null,""m3.3"",[]]]],[""return"",null]]],[""m3.1"",""q2"",[""c0""],""c0"",[],[[""return"",""v1""]]],[""m3.2"",""q3"",[""c0""],""c0"",[],[[""return"",""v1""]]],[""m3.3"",""q4"",[],null,[],[[""opaque"",[[""direct"",null,""m3.4"",[]]]],[""return"",null]]],[""m3.4"",""q5"",[],null,[],[[""opaque"",[[""check"",""p2""]]],[""return"",null]]]]]],[[""s0"",""c3"",""c3""]],[[""e0"",""s0"",""q1"",[]]]]"
66,field,1,3,2,0,True,"[[""p0"",""p1"",""p2""],[[""c0"",null,[],[[""m0.0"",""q0"",[],null,[],[[""return"",null]]]]],[""c1"",""c0"",[],[[""m1.0"",""q0"",[],null,[],[[""check"",""p0""],[""return"",null]]]]],[""c2"",""c0"",[],[[""m2.0"",""q0"",[],null,[],[[""check"",""p1""],[""return"",null]]]]],[""c3"",null,[[""f3.0"",""c0""],[""f3.1"",""c0""],[""f3.2"",""c0""],[""f3.3"",""c0""],[""f3.4"",""c0""]],[[""m3.0"",""q1"",[],null,[""c0"",""c0"",""c0"",""c0"",""c0"",""c0"",""c0"",""c0"",""c0""],[[""new"",""v1"",""c1""],[""new"",""v2"",""c2""],[""store"",""v0"",""f3.0"",""v1""],[""store"",""v0"",""f3.1"",""v2""],[""new"",""v4"",""c1""],[""store"",""v0"",""f3.2"",""v4""],[""move"",""v4"",""v1""],[""new"",""v5"",""c2""],[""store"",""v0"",""f3.3"",""v5""],[""move"",""v5"",""v2""],[""new"",""v6"",""c1""],[""store"",""v0"",""f3.4"",""v6""],[""move"",""v6"",""v1""],[""load"",""v3"",""v0"",""f3.0""],[""direct"",""v7"",""m3.1"",[""v3""]],[""direct"",""v8"",""m3.2"",[""v7""]],[""move"",""v9"",""v8""],[""invoke"",null,""v9"",""q0"",[]],[""return"",null]]],[""m3.1"",""q2"",[""c0""],""c0"",[],[[""return"",""v1""]]],[""m3.2"",""q3"",[""c0""],""c0"",[],[[""return"",""v1""]]]]]],[[""s0"",""c3"",""c3""]],[[""e0"",""s0"",""q1"",[]]]]","[[""p0"",""p1"",""p2""],[[""c0"",null,[],[[""m0.0"",""q0"",[],null,[],[[""return"",null]]]]],[""c1"",""c0"",[],[[""m1.0"",""q0"",[],null,[],[[""check"",""p0""],[""return"",null]]]]],[""c2"",""c0"",[],[[""m2.0"",""q0"",[],null,[],[[""check"",""p1""],[""return"",null]]]]],[""c3"",null,[[""f3.0"",""c0""],[""f3.1"",""c0""],[""f3.2"",""c0""],[""f3.3"",""c0""],[""f3.4"",""c0""]],[[""m3.0"",""q1"",[],null,[""c0"",""c0"",""c0"",""c0"",""c0"",""c0"",""c0"",""c0"",""c0"",""c0""],[[""new"",""v1"",""c1""],[""new"",""v2"",""c2""],[""store"",""v0"",""f3.0"",""v1""],[""store"",""v0"",""f3.1"",""v2""],[""new"",""v4"",""c1""],[""store"",""v0"",""f3.2"",""v4""],[""move"",""v4"",""v1""],[""new"",""v5"",""c2""],[""store"",""v0"",""f3.3"",""v5""],[""move"",""v5"",""v2""],[""new"",""v6"",""c1""],[""store"",""v0"",""f3.4"",""v6""],[""move"",""v6"",""v1""],[""load"",""v3"",""v0"",""f3.0""],[""direct"",""v7"",""m3.1"",[""v3""]],[""direct"",""v8"",""m3.2"",[""v7""]],[""move"",""v9"",""v8""],[""move"",""v10"",""v9""],[""invoke"",null,""v10"",""q0"",[]],[""return"",null]]],[""m3.1"",""q2"",[""c0""],""c0"",[],[[""return"",""v1""]]],[""m3.2"",""q3"",[""c0""],""c0"",[],[[""return"",""v1""]]]]]],[[""s0"",""c3"",""c3""]],[[""e0"",""s0"",""q1"",[]]]]"
67,field,2,3,2,0,False,"[[""p0"",""p1"",""p2""],[[""c0"",null,[],[[""m0.0"",""q0"",[],null,[],[[""return"",null]]]]],[""c1"",""c0"",[],[[""m1.0"",""q0"",[],null,[],[[""check"",""p0""],[""return"",null]]]]],[""c2"",""c0"",[],[[""m2.0"",""q0"",[],null,[],[[""check"",""p1""],[""return"",null]]]]],[""c3"",null,[[""f3.0"",""c0""],[""f3.1"",""c0""],[""f3.2"",""c0""],[""f3.3"",""c0""],[""f3.4"",""c0""]],[[""m3.0"",""q1"",[],null,[""c0"",""c0"",""c0"",""c0"",""c0"",""c0"",""c0"",""c0"",""c0"",""c0""],[[""new"",""v1"",""c1""],[""new"",""v2"",""c2""],[""store"",""v0"",""f3.0"",""v1""],[""store"",""v0"",""f3.1"",""v2""],[""new"",""v4"",""c1""],[""store"",""v0"",""f3.2"",""v4""],[""move"",""v4"",""v1""],[""new"",""v5"",""c2""],[""store"",""v0"",""f3.3"",""v5""],[""move"",""v5"",""v2""],[""new"",""v6"",""c1""],[""store"",""v0"",""f3.4"",""v6""],[""move"",""v6"",""v1""],[""load"",""v3"",""v0"",""f3.0""],[""direct"",""v7"",""m3.1"",[""v3""]],[""direct"",""v8"",""m3.2"",[""v7""]],[""move"",""v9"",""v8""],[""move"",""v10"",""v9""],[""invoke"",null,""v10"",""q0"",[]],[""return"",null]]],[""m3.1"",""q2"",[""c0""],""c0"",[],[[""return"",""v1""]]],[""m3.2"",""q3"",[""c0""],""c0"",[],[[""return"",""v1""]]]]]],[[""s0"",""c3"",""c3""]],[[""e0"",""s0"",""q1"",[]]]]","[[""p0"",""p1"",""p2""],[[""c0"",null,[],[[""m0.0"",""q0"",[],null,[],[[""return"",null]]]]],[""c1"",""c0"",[],[[""m1.0"",""q0"",[],null,[],[[""check"",""p0""],[""return"",null]]]]],[""c2"",""c0"",[],[[""m2.0"",""q0"",[],null,[],[[""check"",""p1""],[""return"",null]]]]],[""c3"",null,[[""f3.0"",""c0""],[""f3.1"",""c0""],[""f3.2"",""c0""],[""f3.3"",""c0""],[""f3.4"",""c0""]],[[""m3.0"",""q1"",[],null,[""c0"",""c0"",""c0"",""c0"",""c0"",""c0"",""c0"",""c0"",""c0"",""c0""],[[""new"",""v1"",""c1""],[""new"",""v2"",""c2""],[""store"",""v0"",""f3.0"",""v1""],[""store"",""v0"",""f3.1"",""v2""],[""new"",""v4"",""c1""],[""store"",""v0"",""f3.2"",""v4""],[""move"",""v4"",""v1""],[""new"",""v5"",""c2""],[""store"",""v0"",""f3.3"",""v5""],[""move"",""v5"",""v2""],[""new"",""v6"",""c1""],[""store"",""v0"",""f3.4"",""v6""],[""move"",""v6"",""v1""],[""load"",""v3"",""v0"",""f3.1""],[""direct"",""v7"",""m3.1"",[""v3""]],[""direct"",""v8"",""m3.2"",[""v7""]],[""move"",""v9"",""v8""],[""move"",""v10"",""v9""],[""invoke"",null,""v10"",""q0"",[]],[""return"",null]]],[""m3.1"",""q2"",[""c0""],""c0"",[],[[""return"",""v1""]]],[""m3.2"",""q3"",[""c0""],""c0"",[],[[""return"",""v1""]]]]]],[[""s0"",""c3"",""c3""]],[[""e0"",""s0"",""q1"",[]]]]"
68,field,3,3,2,0,True,"[[""p0"",""p1"",""p2""],[[""c0"",null,[],[[""m0.0"",""q0"",[],null,[],[[""return"",null]]]]],[""c1"",""c0"",[],[[""m1.0"",""q0"",[],null,[],[[""check"",""p0""],[""return"",null]]]]],[""c2"",""c0"",[],[[""m2.0"",""q0"",[],null,[],[[""check"",""p1""],[""return"",null]]]]],[""c3"",null,[[""f3.0"",""c0""],[""f3.1"",""c0""],[""f3.2"",""c0""],[""f3.3"",""c0""],[""f3.4"",""c0""]],[[""m3.0"",""q1"",[],null,[""c0"",""c0"",""c0"",""c0"",""c0"",""c0"",""c0"",""c0"",""c0"",""c0"",""c0""],[[""new"",""v1"",""c1""],[""new"",""v2"",""c2""],[""store"",""v0"",""f3.0"",""v1""],[""store"",""v0"",""f3.1"",""v2""],[""new"",""v4"",""c1""],[""store"",""v0"",""f3.2"",""v4""],[""move"",""v4"",""v1""],[""new"",""v5"",""c2""],[""store"",""v0"",""f3.3"",""v5""],[""move"",""v5"",""v2""],[""new"",""v6"",""c1""],[""store"",""v0"",""f3.4"",""v6""],[""move"",""v6"",""v1""],[""load"",""v3"",""v0"",""f3.0""],[""direct"",""v7"",""m3.1"",[""v3""]],[""direct"",""v8"",""m3.2"",[""v7""]],[""move"",""v9"",""v8""],[""move"",""v10"",""v9""],[""move"",""v11"",""v10""],[""invoke"",null,""v11"",""q0"",[]],[""return"",null]]],[""m3.1"",""q2"",[""c0""],""c0"",[],[[""return"",""v1""]]],[""m3.2"",""q3"",[""c0""],""c0"",[],[[""return"",""v1""]]]]]],[[""s0"",""c3"",""c3""]],[[""e0"",""s0"",""q1"",[]]]]","[[""p0"",""p1"",""p2""],[[""c0"",null,[],[[""m0.0"",""q0"",[],null,[],[[""return"",null]]]]],[""c1"",""c0"",[],[[""m1.0"",""q0"",[],null,[],[[""check"",""p0""],[""return"",null]]]]],[""c2"",""c0"",[],[[""m2.0"",""q0"",[],null,[],[[""check"",""p1""],[""return"",null]]]]],[""c3"",null,[[""f3.0"",""c0""],[""f3.1"",""c0""],[""f3.2"",""c0""],[""f3.3"",""c0""],[""f3.4"",""c0""]],[[""m3.0"",""q1"",[],null,[""c0"",""c0"",""c0"",""c0"",""c0"",""c0"",""c0"",""c0"",""c0"",""c0"",""c0""],[[""new"",""v1"",""c1""],[""new"",""v2"",""c2""],[""store"",""v0"",""f3.0"",""v1""],[""store"",""v0"",""f3.1"",""v2""],[""new"",""v4"",""c1""],[""store"",""v0"",""f3.2"",""v4""],[""move"",""v4"",""v1""],[""new"",""v5"",""c2""],[""store"",""v0"",""f3.3"",""v5""],[""move"",""v5"",""v2""],[""new"",""v6"",""c1""],[""store"",""v0"",""f3.4"",""v6""],[""move"",""v6"",""v1""],[""load"",""v3"",""v0"",""f3.0""],[""direct"",""v7"",""m3.1"",[""v3""]],[""direct"",""v8"",""m3.2"",[""v7""]],[""move"",""v9"",""v8""],[""move"",""v10"",""v9""],[""move"",""v11"",""v10""],[""invoke"",null,""v11"",""q0"",[]],[""return"",null]]],[""m3.1"",""q2"",[""c0""],""c0"",[],[[""return"",""v1""]]],[""m3.2"",""q3"",[""c0""],""c0"",[],[[""return"",""v1""]]]]],[""c4"",null,[],[[""m4.0"",""q4"",[],null,[],[[""check"",""p0""],[""return"",null]]]]]],[[""s0"",""c3"",""c3""]],[[""e0"",""s0"",""q1"",[]]]]"
69,field,4,3,2,0,False,"[[""p0"",""p1"",""p2""],[[""c0"",null,[],[[""m0.0"",""q0"",[],null,[],[[""return"",null]]]]],[""c1"",""c0"",[],[[""m1.0"",""q0"",[],null,[],[[""check"",""p0""],[""return"",null]]]]],[""c2"",""c0"",[],[[""m2.0"",""q0"",[],null,[],[[""check"",""p1""],[""return"",null]]]]],[""c3"",null,[[""f3.0"",""c0""],[""f3.1"",""c0""],[""f3.2"",""c0""],[""f3.3"",""c0""],[""f3.4"",""c0""]],[[""m3.0"",""q1"",[],null,[""c0"",""c0"",""c0"",""c0"",""c0"",""c0"",""c0"",""c0"",""c0"",""c0"",""c0"",""c0""],[[""new"",""v1"",""c1""],[""new"",""v2"",""c2""],[""store"",""v0"",""f3.0"",""v1""],[""store"",""v0"",""f3.1"",""v2""],[""new"",""v4"",""c1""],[""store"",""v0"",""f3.2"",""v4""],[""move"",""v4"",""v1""],[""new"",""v5"",""c2""],[""store"",""v0"",""f3.3"",""v5""],[""move"",""v5"",""v2""],[""new"",""v6"",""c1""],[""store"",""v0"",""f3.4"",""v6""],[""move"",""v6"",""v1""],[""load"",""v3"",""v0"",""f3.0""],[""direct"",""v7"",""m3.1"",[""v3""]],[""direct"",""v8"",""m3.2"",[""v7""]],[""move"",""v9"",""v8""],[""move"",""v10"",""v9""],[""move"",""v11"",""v10""],[""move"",""v12"",""v11""],[""invoke"",null,""v12"",""q0"",[]],[""return"",null]]],[""m3.1"",""q2"",[""c0""],""c0"",[],[[""return"",""v1""]]],[""m3.2"",""q3"",[""c0""],""c0"",[],[[""return"",""v1""]]]]]],[[""s0"",""c3"",""c3""]],[[""e0"",""s0"",""q1"",[]]]]","[[""p0"",""p1"",""p2""],[[""c0"",null,[],[[""m0.0"",""q0"",[],null,[],[[""return"",null]]]]],[""c1"",""c0"",[],[[""m1.0"",""q0"",[],null,[],[[""check"",""p0""],[""return"",null]]]]],[""c2"",""c0"",[],[[""m2.0"",""q0"",[],null,[],[[""check"",""p1""],[""return"",null]]]]],[""c3"",null,[[""f3.0"",""c0""],[""f3.1"",""c0""],[""f3.2"",""c0""],[""f3.3"",""c0""],[""f3.4"",""c0""]],[[""m3.0"",""q1"",[],null,[""c0"",""c0"",""c0"",""c0"",""c0"",""c0"",""c0"",""c0"",""c0"",""c0"",""c0"",""c0""],[[""new"",""v1"",""c1""],[""new"",""v2"",""c2""],[""store"",""v0"",""f3.0"",""v1""],[""store"",""v0"",""f3.1"",""v2""],[""new"",""v4"",""c1""],[""store"",""v0"",""f3.2"",""v4""],[""move"",""v4"",""v1""],[""new"",""v5"",""c2""],[""store"",""v0"",""f3.3"",""v5""],[""move"",""v5"",""v2""],[""new"",""v6"",""c1""],[""store"",""v0"",""f3.4"",""v6""],[""move"",""v6"",""v1""],[""load"",""v3"",""v0"",""f3.1""],[""direct"",""v7"",""m3.1"",[""v3""]],[""direct"",""v8"",""m3.2"",[""v7""]],[""move"",""v9"",""v8""],[""move"",""v10"",""v9""],[""move"",""v11"",""v10""],[""move"",""v12"",""v11""],[""invoke"",null,""v12"",""q0"",[]],[""return"",null]]],[""m3.1"",""q2"",[""c0""],""c0"",[],[[""return"",""v1""]]],[""m3.2"",""q3"",[""c0""],""c0"",[],[[""return"",""v1""]]]]]],[[""s0"",""c3"",""c3""]],[[""e0"",""s0"",""q1"",[]]]]"
70,field,0,4,2,1,True,"[[""p0"",""p1"",""p2""],[[""c0"",null,[],[[""m0.0"",""q0"",[],null,[],[[""return"",null]]]]],[""c1"",""c0"",[],[[""m1.0"",""q0"",[],null,[],[[""check"",""p0""],[""return"",null]]]]],[""c2"",""c0"",[],[[""m2.0"",""q0"",[],null,[],[[""check"",""p1""],[""return"",null]]]]],[""c3"",null,[[""f3.0"",""c0""],[""f3.1"",""c0""],[""f3.2"",""c0""],[""f3.3"",""c0""],[""f3.4"",""c0""],[""f3.5"",""c0""]],[[""m3.0"",""q1"",[],null,[""c0"",""c0"",""c0"",""c0"",""c0"",""c0"",""c0"",""c0"",""c0""],[[""new"",""v1"",""c1""],[""new"",""v2"",""c2""],[""store"",""v0"",""f3.0"",""v1""],[""store"",""v0"",""f3.1"",""v2""],[""new"",""v4"",""c1""],[""store"",""v0"",""f3.2"",""v4""],[""move"",""v4"",""v1""],[""new"",""v5"",""c2""],[""store"",""v0"",""f3.3"",""v5""],[""move"",""v5"",""v2""],[""new"",""v6"",""c1""],[""store"",""v0"",""f3.4"",""v6""],[""move"",""v6"",""v1""],[""new"",""v7"",""c2""],[""store"",""v0"",""f3.5"",""v7""],[""move"",""v7"",""v2""],[""load"",""v3"",""v0"",""f3.0""],[""direct"",""v8"",""m3.1"",[""v3""]],[""direct"",""v9"",""m3.2"",[""v8""]],[""invoke"",null,""v9"",""q0"",[]],[""opaque"",[[""check"",""p2""]]],[""return"",null]]],[""m3.1"",""q2"",[""c0""],""c0"",[],[[""return"",""v1""]]],[""m3.2"",""q3"",[""c0""],""c0"",[],[[""return"",""v1""]]]]]],[[""s0"",""c3"",""c3""]],[[""e0"",""s0"",""q1"",[]]]]","[[""p0"",""p1"",""p2""],[[""c0"",null,[],[[""m0.0"",""q0"",[],null,[],[[""return"",null]]]]],[""c1"",""c0"",[],[[""m1.0"",""q0"",[],null,[],[[""check"",""p0""],[""return"",null]]]]],[""c2"",""c0"",[],[[""m2.0"",""q0"",[],null,[],[[""check"",""p1""],[""return"",null]]]]],[""c3"",null,[[""f3.0"",""c0""],[""f3.1"",""c0""],[""f3.2"",""c0""],[""f3.3"",""c0""],[""f3.4"",""c0""],[""f3.5"",""c0""],[""f3.6"",""c0""]],[[""m3.0"",""q1"",[],null,[""c0"",""c0"",""c0"",""c0"",""c0"",""c0"",""c0"",""c0"",""c0""],[[""new"",""v1"",""c1""],[""new"",""v2"",""c2""],[""store"",""v0"",""f3.0"",""v1""],[""store"",""v0"",""f3.1"",""v2""],[""new"",""v4"",""c1""],[""store"",""v0"",""f3.2"",""v4""],[""move"",""v4"",""v1""],[""new"",""v5"",""c2""],[""store"",""v0"",""f3.3"",""v5""],[""move"",""v5"",""v2""],[""new"",""v6"",""c1""],[""store"",""v0"",""f3.4"",""v6""],[""move"",""v6"",""v1""],[""new"",""v7"",""c2""],[""store"",""v0"",""f3.5"",""v7""],[""move"",""v7"",""v2""],[""load"",""v3"",""v0"",""f3.0""],[""direct"",""v8"",""m3.1"",[""v3""]],[""direct"",""v9"",""m3.2"",[""v8""]],[""invoke"",null,""v9"",""q0"",[]],[""opaque"",[[""check"",""p2""]]],[""return"",null]]],[""m3.1"",""q2"",[""c0""],""c0"",[],[[""return"",""v1""]]],[""m3.2"",""q3"",[""c0""],""c0"",[],[[""return"",""v1""]]]]]],[[""s0"",""c3"",""c3""]],[[""e0"",""s0"",""q1"",[]]]]"
71,field,1,4,2,0,False,"[[""p0"",""p1"",""p2""],[[""c0"",null,[],[[""m0.0"",""q0"",[],null,[],[[""return"",null]]]]],[""c1"",""c0"",[],[[""m1.0"",""q0"",[],null,[],[[""check"",""p0""],[""return"",null]]]]],[""c2"",""c0"",[],[[""m2.0"",""q0"",[],null,[],[[""check"",""p1""],[""return"",null]]]]],[""c3"",null,[[""f3.0"",""c0""],[""f3.1"",""c0""],[""f3.2"",""c0""],[""f3.3"",""c0""],[""f3.4"",""c0""],[""f3.5"",""c0""]],[[""m3.0"",""q1"",[],null,[""c0"",""c0"",""c0"",""c0"",""c0"",""c0"",""c0"",""c0"",""c0"",""c0""],[[""new"",""v1"",""c1""],[""new"",""v2"",""c2""],[""store"",""v0"",""f3.0"",""v1""],[""store"",""v0"",""f3.1"",""v2""],[""new"",""v4"",""c1""],[""store"",""v0"",""f3.2"",""v4""],[""move"",""v4"",""v1""],[""new"",""v5"",""c2""],[""store"",""v0"",""f3.3"",""v5""],[""move"",""v5"",""v2""],[""new"",""v6"",""c1""],[""store"",""v0"",""f3.4"",""v6""],[""move"",""v6"",""v1""],[""new"",""v7"",""c2""],[""store"",""v0"",""f3.5"",""v7""],[""move"",""v7"",""v2""],[""load"",""v3"",""v0"",""f3.0""],[""direct"",""v8"",""m3.1"",[""v3""]],[""direct"",""v9"",""m3.2"",[""v8""]],[""move"",""v10"",""v9""],[""invoke"",null,""v10"",""q0"",[]],[""return"",null]]],[""m3.1"",""q2"",[""c0""],""c0"",[],[[""return"",""v1""]]],[""m3.2"",""q3"",[""c0""],""c0"",[],[[""return"",""v1""]]]]]],[[""s0"",""c3"",""c3""]],[[""e0"",""s0"",""q1"",[]]]]","[[""p0"",""p1"",""p2""],[[""c0"",null,[],[[""m0.0"",""q0"",[],null,[],[[""return"",null]]]]],[""c1"",""c0"",[],[[""m1.0"",""q0"",[],null,[],[[""check"",""p0""],[""return"",null]]]]],[""c2"",""c0"",[],[[""m2.0"",""q0"",[],null,[],[[""check"",""p1""],[""return"",null]]]]],[""c3"",null,[[""f3.0"",""c0""],[""f3.1"",""c0""],[""f3.2"",""c0""],[""f3.3"",""c0""],[""f3.4"",""c0""],[""f3.5"",""c0""]],[[""m3.0"",""q1"",[],null,[""c0"",""c0"",""c0"",""c0"",""c0"",""c0"",""c0"",""c0"",""c0"",""c0""],[[""new"",""v1"",""c1""],[""new"",""v2"",""c2""],[""store"",""v0"",""f3.0"",""v1""],[""store"",""v0"",""f3.1"",""v2""],[""new"",""v4"",""c1""],[""store"",""v0"",""f3.2"",""v4""],[""move"",""v4"",""v1""],[""new"",""v5"",""c2""],[""store"",""v0"",""f3.3"",""v5""],[""move"",""v5"",""v2""],[""new"",""v6"",""c1""],[""store"",""v0"",""f3.4"",""v6""],[""move"",""v6"",""v1""],[""new"",""v7"",""c2""],[""store"",""v0"",""f3.5"",""v7""],[""move"",""v7"",""v2""],[""load"",""v3"",""v0"",""f3.1""],[""direct"",""v8"",""m3.1"",[""v3""]],[""direct"",""v9"",""m3.2"",[""v8""]],[""move"",""v10"",""v9""],[""invoke"",null,""v10"",""q0"",[]],[""return"",null]]],[""m3.1"",""q2"",[""c0""],""c0"",[],[[""return"",""v1""]]],[""m3.2"",""q3"",[""c0""],""c0"",[],[[""return"",""v1""]]]]]],[[""s0"",""c3"",""c3""]],[[""e0"",""s0"",""q1"",[]]]]"
72,field,2,4,2,0,True,"[[""p0"",""p1"",""p2""],[[""c0"",null,[],[[""m0.0"",""q0"",[],null,[],[[""return"",null]]]]],[""c1"",""c0"",[],[[""m1.0"",""q0"",[],null,[],[[""check"",""p0""],[""return"",null]]]]],[""c2"",""c0"",[],[[""m2.0"",""q0"",[],null,[],[[""check"",""p1""],[""return"",null]]]]],[""c3"",null,[[""f3.0"",""c0""],[""f3.1"",""c0""],[""f3.2"",""c0""],[""f3.3"",""c0""],[""f3.4"",""c0""],[""f3.5"",""c0""]],[[""m3.0"",""q1"",[],null,[""c0"",""c0"",""c0"",""c0"",""c0"",""c0"",""c0"",""c0"",""c0"",""c0"",""c0""],[[""new"",""v1"",""c1""],[""new"",""v2"",""c2""],[""store"",""v0"",""f3.0"",""v1""],[""store"",""v0"",""f3.1"",""v2""],[""new"",""v4"",""c1""],[""store"",""v0"",""f3.2"",""v4""],[""move"",""v4"",""v1""],[""new"",""v5"",""c2""],[""store"",""v0"",""f3.3"",""v5""],[""move"",""v5"",""v2""],[""new"",""v6"",""c1""],[""store"",""v0"",""f3.4"",""v6""],[""move"",""v6"",""v1""],[""new"",""v7"",""c2""],[""store"",""v0"",""f3.5"",""v7""],[""move"",""v7"",""v2""],[""load"",""v3"",""v0"",""f3.0""],[""direct"",""v8"",""m3.1"",[""v3""]],[""direct"",""v9"",""m3.2"",[""v8""]],[""move"",""v10"",""v9""],[""move"",""v11"",""v10""],[""invoke"",null,""v11"",""q0"",[]],[""return"",null]]],[""m3.1"",""q2"",[""c0""],""c0"",[],[[""return"",""v1""]]],[""m3.2"",""q3"",[""c0""],""c0"",[],[[""return"",""v1""]]]]]],[[""s0"",""c3"",""c3""]],[[""e0"",""s0"",""q1"",[]]]]","[[""p0"",""p1"",""p2""],[[""c0"",null,[],[[""m0.0"",""q0"",[],null,[],[[""return"",null]]]]],[""c1"",""c0"",[],[[""m1.0"",""q0"",[],null,[],[[""check"",""p0""],[""return"",null]]]]],[""c2"",""c0"",[],[[""m2.0"",""q0"",[],null,[],[[""check"",""p1""],[""return"",null]]]]],[""c3"",null,[[""f3.0"",""c0""],[""f3.1"",""c0""],[""f3.2"",""c0""],[""f3.3"",""c0""],[""f3.4"",""c0""],[""f3.5"",""c0""]],[[""m3.0"",""q1"",[],null,[""c0"",""c0"",""c0"",""c0"",""c0"",""c0"",""c0"",""c0"",""c0"",""c0"",""c0"",""c0""],[[""new"",""v1"",""c1""],[""new"",""v2"",""c2""],[""store"",""v0"",""f3.0"",""v1""],[""store"",""v0"",""f3.1"",""v2""],[""new"",""v4"",""c1""],[""store"",""v0"",""f3.2"",""v4""],[""move"",""v4"",""v1""],[""new"",""v5"",""c2""],[""store"",""v0"",""f3.3"",""v5""],[""move"",""v5"",""v2""],[""new"",""v6"",""c1""],[""store"",""v0"",""f3.4"",""v6""],[""move"",""v6"",""v1""],[""new"",""v7"",""c2""],[""store"",""v0"",""f3.5"",""v7""],[""move"",""v7"",""v2""],[""load"",""v3"",""v0"",""f3.0""],[""direct"",""v8"",""m3.1"",[""v3""]],[""direct"",""v9"",""m3.2"",[""v8""]],[""move"",""v10"",""v9""],[""move"",""v11"",""v10""],[""move"",""v12"",""v11""],[""invoke"",null,""v12"",""q0"",[]],[""return"",null]]],[""m3.1"",""q2"",[""c0""],""c0"",[],[[""return"",""v1""]]],[""m3.2"",""q3"",[""c0""],""c0"",[],[[""return"",""v1""]]]]]],[[""s0"",""c3"",""c3""]],[[""e0"",""s0"",""q1"",[]]]]"
73,field,3,4,2,0,False,"[[""p0"",""p1"",""p2""],[[""c0"",null,[],[[""m0.0"",""q0"",[],null,[],[[""return"",null]]]]],[""c1"",""c0"",[],[[""m1.0"",""q0"",[],null,[],[[""check"",""p0""],[""return"",null]]]]],[""c2"",""c0"",[],[[""m2.0"",""q0"",[],null,[],[[""check"",""p1""],[""return"",null]]]]],[""c3"",null,[[""f3.0"",""c0""],[""f3.1"",""c0""],[""f3.2"",""c0""],[""f3.3"",""c0""],[""f3.4"",""c0""],[""f3.5"",""c0""]],[[""m3.0"",""q1"",[],null,[""c0"",""c0"",""c0"",""c0"",""c0"",""c0"",""c0"",""c0"",""c0"",""c0"",""c0"",""c0""],[[""new"",""v1"",""c1""],[""new"",""v2"",""c2""],[""store"",""v0"",""f3.0"",""v1""],[""store"",""v0"",""f3.1"",""v2""],[""new"",""v4"",""c1""],[""store"",""v0"",""f3.2"",""v4""],[""move"",""v4"",""v1""],[""new"",""v5"",""c2""],[""store"",""v0"",""f3.3"",""v5""],[""move"",""v5"",""v2""],[""new"",""v6"",""c1""],[""store"",""v0"",""f3.4"",""v6""],[""move"",""v6"",""v1""],[""new"",""v7"",""c2""],[""store"",""v0"",""f3.5"",""v7""],[""move"",""v7"",""v2""],[""load"",""v3"",""v0"",""f3.0""],[""direct"",""v8"",""m3.1"",[""v3""]],[""direct"",""v9"",""m3.2"",[""v8""]],[""move"",""v10"",""v9""],[""move"",""v11"",""v10""],[""move"",""v12"",""v11""],[""invoke"",null,""v12"",""q0"",[]],[""return"",null]]],[""m3.1"",""q2"",[""c0""],""c0"",[],[[""return"",""v1""]]],[""m3.2"",""q3"",[""c0""],""c0"",[],[[""return"",""v1""]]]]]],[[""s0"",""c3"",""c3""]],[[""e0"",""s0"",""q1"",[]]]]","[[""p0"",""p1"",""p2""],[[""c0"",null,[],[[""m0.0"",""q0"",[],null,[],[[""return"",null]]]]],[""c1"",""c0"",[],[[""m1.0"",""q0"",[],null,[],[[""check"",""p0""],[""return"",null]]]]],[""c2"",""c0"",[],[[""m2.0"",""q0"",[],null,[],[[""check"",""p1""],[""return"",null]]]]],[""c3"",null,[[""f3.0"",""c0""],[""f3.1"",""c0""],[""f3.2"",""c0""],[""f3.3"",""c0""],[""f3.4"",""c0""],[""f3.5"",""c0""]],[[""m3.0"",""q1"",[],null,[""c0"",""c0"",""c0"",""c0"",""c0"",""c0"",""c0"",""c0"",""c0"",""c0"",""c0"",""c0""],[[""new"",""v1"",""c1""],[""new"",""v2"",""c2""],[""store"",""v0"",""f3.0"",""v1""],[""store"",""v0"",""f3.1"",""v2""],[""new"",""v4"",""c1""],[""store"",""v0"",""f3.2"",""v4""],[""move"",""v4"",""v1""],[""new"",""v5"",""c2""],[""store"",""v0"",""f3.3"",""v5""],[""move"",""v5"",""v2""],[""new"",""v6"",""c1""],[""store"",""v0"",""f3.4"",""v6""],[""move"",""v6"",""v1""],[""new"",""v7"",""c2""],[""store"",""v0"",""f3.5"",""v7""],[""move"",""v7"",""v2""],[""load"",""v3"",""v0"",""f3.1""],[""direct"",""v8"",""m3.1"",[""v3""]],[""direct"",""v9"",""m3.2"",[""v8""]],[""move"",""v10"",""v9""],[""move"",""v11"",""v10""],[""move"",""v12"",""v11""],[""invoke"",null,""v12"",""q0"",[]],[""return"",null]]],[""m3.1"",""q2"",[""c0""],""c0"",[],[[""return"",""v1""]]],[""m3.2"",""q3"",[""c0""],""c0"",[],[[""return"",""v1""]]]]]],[[""s0"",""c3"",""c3""]],[[""e0"",""s0"",""q1"",[]]]]"
74,field,4,4,2,0,True,"[[""p0"",""p1"",""p2""],[[""c0"",null,[],[[""m0.0"",""q0"",[],null,[],[[""return"",null]]]]],[""c1"",""c0"",[],[[""m1.0"",""q0"",[],null,[],[[""check"",""p0""],[""return"",null]]]]],[""c2"",""c0"",[],[[""m2.0"",""q0"",[],null,[],[[""check"",""p1""],[""return"",null]]]]],[""c3"",null,[[""f3.0"",""c0""],[""f3.1"",""c0""],[""f3.2"",""c0""],[""f3.3"",""c0""],[""f3.4"",""c0""],[""f3.5"",""c0""]],[[""m3.0"",""q1"",[],null,[""c0"",""c0"",""c0"",""c0"",""c0"",""c0"",""c0"",""c0"",""c0"",""c0"",""c0"",""c0"",""c0""],[[""new"",""v1"",""c1""],[""new"",""v2"",""c2""],[""store"",""v0"",""f3.0"",""v1""],[""store"",""v0"",""f3.1"",""v2""],[""new"",""v4"",""c1""],[""store"",""v0"",""f3.2"",""v4""],[""move"",""v4"",""v1""],[""new"",""v5"",""c2""],[""store"",""v0"",""f3.3"",""v5""],[""move"",""v5"",""v2""],[""new"",""v6"",""c1""],[""store"",""v0"",""f3.4"",""v6""],[""move"",""v6"",""v1""],[""new"",""v7"",""c2""],[""store"",""v0"",""f3.5"",""v7""],[""move"",""v7"",""v2""],[""load"",""v3"",""v0"",""f3.0""],[""direct"",""v8"",""m3.1"",[""v3""]],[""direct"",""v9"",""m3.2"",[""v8""]],[""move"",""v10"",""v9""],[""move"",""v11"",""v10""],[""move"",""v12"",""v11""],[""move"",""v13"",""v12""],[""invoke"",null,""v13"",""q0"",[]],[""return"",null]]],[""m3.1"",""q2"",[""c0""],""c0"",[],[[""return"",""v1""]]],[""m3.2"",""q3"",[""c0""],""c0"",[],[[""return"",""v1""]]]]]],[[""s0"",""c3"",""c3""]],[[""e0"",""s0"",""q1"",[]]]]","[[""p0"",""p1"",""p2""],[[""c0"",null,[],[[""m0.0"",""q0"",[],null,[],[[""return"",null]]]]],[""c1"",""c0"",[],[[""m1.0"",""q0"",[],null,[],[[""check"",""p0""],[""return"",null]]]]],[""c2"",""c0"",[],[[""m2.0"",""q0"",[],null,[],[[""check"",""p1""],[""return"",null]]]]],[""c3"",null,[[""f3.0"",""c0""],[""f3.1"",""c0""],[""f3.2"",""c0""],[""f3.3"",""c0""],[""f3.4"",""c0""],[""f3.5"",""c0""]],[[""m3.0"",""q1"",[],null,[""c0"",""c0"",""c0"",""c0"",""c0"",""c0"",""c0"",""c0"",""c0"",""c0"",""c0"",""c0"",""c0""],[[""new"",""v1"",""c1""],[""new"",""v2"",""c2""],[""store"",""v0"",""f3.0"",""v1""],[""store"",""v0"",""f3.1"",""v2""],[""new"",""v4"",""c1""],[""store"",""v0"",""f3.2"",""v4""],[""move"",""v4"",""v1""],[""new"",""v5"",""c2""],[""store"",""v0"",""f3.3"",""v5""],[""move"",""v5"",""v2""],[""new"",""v6"",""c1""],[""store"",""v0"",""f3.4"",""v6""],[""move"",""v6"",""v1""],[""new"",""v7"",""c2""],[""store"",""v0"",""f3.5"",""v7""],[""move"",""v7"",""v2""],[""load"",""v3"",""v0"",""f3.0""],[""direct"",""v8"",""m3.1"",[""v3""]],[""direct"",""v9"",""m3.2"",[""v8""]],[""move"",""v10"",""v9""],[""move"",""v11"",""v10""],[""move"",""v12"",""v11""],[""move"",""v13"",""v12""],[""invoke"",null,""v13"",""q0"",[]],[""return"",null]]],[""m3.1"",""q2"",[""c0""],""c0"",[],[[""return"",""v1""]]],[""m3.2"",""q3"",[""c0""],""c0"",[],[[""return"",""v1""]]]]],[""c4"",null,[],[[""m4.0"",""q4"",[],null,[],[[""check"",""p0""],[""return"",null]]]]]],[[""s0"",""c3"",""c3""]],[[""e0"",""s0"",""q1"",[]]]]"
75,field,0,0,3,2,False,"[[""p0"",""p1"",""p2""],[[""c0"",null,[],[[""m0.0"",""q0"",[],null,[],[[""return"",null]]]]],[""c1"",""c0"",[],[[""m1.0"",""q0"",[],null,[],[[""check"",""p0""],[""return"",null]]]]],[""c2"",""c0"",[],[[""m2.0"",""q0"",[],null,[],[[""check"",""p1""],[""return"",null]]]]],[""c3"",null,[[""f3.0"",""c0""],[""f3.1"",""c0""]],[[""m3.0"",""q1"",[],null,[""c0"",""c0"",""c0"",""c0"",""c0"",""c0""],[[""new"",""v1"",""c1""],[""new"",""v2"",""c2""],[""store"",""v0"",""f3.0"",""v1""],[""store"",""v0"",""f3.1"",""v2""],[""load"",""v3"",""v0"",""f3.0""],[""direct"",""v4"",""m3.1"",[""v3""]],[""direct"",""v5"",""m3.2"",[""v4""]],[""direct"",""v6"",""m3.3"",[""v5""]],[""invoke"",null,""v6"",""q0"",[]],[""opaque"",[[""direct"",null,""m3.4"",[]]]],[""return"",null]]],[""m3.1"",""q2"",[""c0""],""c0"",[],[[""return"",""v1""]]],[""m3.2"",""q3"",[""c0""],""c0"",[],[[""return"",""v1""]]],[""m3.3"",""q4"",[""c0""],""c0"",[],[[""return"",""v1""]]],[""m3.4"",""q5"",[],null,[],[[""opaque"",[[""check"",""p2""]]],[""return"",null]]]]]],[[""s0"",""c3"",""c3""]],[[""e0"",""s0"",""q1"",[]]]]","[[""p0"",""p1"",""p2""],[[""c0"",null,[],[[""m0.0"",""q0"",[],null,[],[[""return"",null]]]]],[""c1"",""c0"",[],[[""m1.0"",""q0"",[],null,[],[[""check"",""p0""],[""return"",null]]]]],[""c2"",""c0"",[],[[""m2.0"",""q0"",[],null,[],[[""check"",""p1""],[""return"",null]]]]],[""c3"",null,[[""f3.0"",""c0""],[""f3.1"",""c0""]],[[""m3.0"",""q1"",[],null,[""c0"",""c0"",""c0"",""c0"",""c0"",""c0""],[[""new"",""v1"",""c1""],[""new"",""v2"",""c2""],[""store"",""v0"",""f3.0"",""v1""],[""store"",""v0"",""f3.1"",""v2""],[""load"",""v3"",""v0"",""f3.1""],[""direct"",""v4"",""m3.1"",[""v3""]],[""direct"",""v5"",""m3.2"",[""v4""]],[""direct"",""v6"",""m3.3"",[""v5""]],[""invoke"",null,""v6"",""q0"",[]],[""opaque"",[[""direct"",null,""m3.4"",[]]]],[""return"",null]]],[""m3.1"",""q2"",[""c0""],""c0"",[],[[""return"",""v1""]]],[""m3.2"",""q3"",[""c0""],""c0"",[],[[""return"",""v1""]]],[""m3.3"",""q4"",[""c0""],""c0"",[],[[""return"",""v1""]]],[""m3.4"",""q5"",[],null,[],[[""opaque"",[[""check"",""p2""]]],[""return"",null]]]]]],[[""s0"",""c3"",""c3""]],[[""e0"",""s0"",""q1"",[]]]]"
76,field,1,0,3,0,True,"[[""p0"",""p1"",""p2""],[[""c0"",null,[],[[""m0.0"",""q0"",[],null,[],[[""return"",null]]]]],[""c1"",""c0"",[],[[""m1.0"",""q0"",[],null,[],[[""check"",""p0""],[""return"",null]]]]],[""c2"",""c0"",[],[[""m2.0"",""q0"",[],null,[],[[""check"",""p1""],[""return"",null]]]]],[""c3"",null,[[""f3.0"",""c0""],[""f3.1"",""c0""]],[[""m3.0"",""q1"",[],null,[""c0"",""c0"",""c0"",""c0"",""c0"",""c0"",""c0""],[[""new"",""v1"",""c1""],[""new"",""v2"",""c2""],[""store"",""v0"",""f3.0"",""v1""],[""store"",""v0"",""f3.1"",""v2""],[""load"",""v3"",""v0"",""f3.0""],[""direct"",""v4"",""m3.1"",[""v3""]],[""direct"",""v5"",""m3.2"",[""v4""]],[""direct"",""v6"",""m3.3"",[""v5""]],[""move"",""v7"",""v6""],[""invoke"",null,""v7"",""q0"",[]],[""return"",null]]],[""m3.1"",""q2"",[""c0""],""c0"",[],[[""return"",""v1""]]],[""m3.2"",""q3"",[""c0""],""c0"",[],[[""return"",""v1""]]],[""m3.3"",""q4"",[""c0""],""c0"",[],[[""return"",""v1""]]]]]],[[""s0"",""c3"",""c3""]],[[""e0"",""s0"",""q1"",[]]]]","[[""p0"",""p1"",""p2""],[[""c0"",null,[],[[""m0.0"",""q0"",[],null,[],[[""return"",null]]]]],[""c1"",""c0"",[],[[""m1.0"",""q0"",[],null,[],[[""check"",""p0""],[""return"",null]]]]],[""c2"",""c0"",[],[[""m2.0"",""q0"",[],null,[],[[""check"",""p1""],[""return"",null]]]]],[""c3"",null,[[""f3.0"",""c0""],[""f3.1"",""c0""],[""f3.2"",""c0""]],[[""m3.0"",""q1"",[],null,[""c0"",""c0"",""c0"",""c0"",""c0"",""c0"",""c0""],[[""new"",""v1"",""c1""],[""new"",""v2"",""c2""],[""store"",""v0"",""f3.0"",""v1""],[""store"",""v0"",""f3.1"",""v2""],[""load"",""v3"",""v0"",""f3.0""],[""direct"",""v4"",""m3.1"",[""v3""]],[""direct"",""v5"",""m3.2"",[""v4""]],[""direct"",""v6"",""m3.3"",[""v5""]],[""move"",""v7"",""v6""],[""invoke"",null,""v7"",""q0"",[]],[""return"",null]]],[""m3.1"",""q2"",[""c0""],""c0"",[],[[""return"",""v1""]]],[""m3.2"",""q3"",[""c0""],""c0"",[],[[""return"",""v1""]]],[""m3.3"",""q4"",[""c0""],""c0"",[],[[""return"",""v1""]]]]]],[[""s0"",""c3"",""c3""]],[[""e0"",""s0"",""q1"",[]]]]"
77,field,2,0,3,0,False,"[[""p0"",""p1"",""p2""],[[""c0"",null,[],[[""m0.0"",""q0"",[],null,[],[[""return"",null]]]]],[""c1"",""c0"",[],[[""m1.0"",""q0"",[],null,[],[[""check"",""p0""],[""return"",null]]]]],[""c2"",""c0"",[],[[""m2.0"",""q0"",[],null,[],[[""check"",""p1""],[""return"",null]]]]],[""c3"",null,[[""f3.0"",""c0""],[""f3.1"",""c0""]],[[""m3.0"",""q1"",[],null,[""c0"",""c0"",""c0"",""c0"",""c0"",""c0"",""c0"",""c0""],[[""new"",""v1"",""c1""],[""new"",""v2"",""c2""],[""store"",""v0"",""f3.0"",""v1""],[""store"",""v0"",""f3.1"",""v2""],[""load"",""v3"",""v0"",""f3.0""],[""direct"",""v4"",""m3.1"",[""v3""]],[""direct"",""v5"",""m3.2"",[""v4""]],[""direct"",""v6"",""m3.3"",[""v5""]],[""move"",""v7"",""v6""],[""move"",""v8"",""v7""],[""invoke"",null,""v8"",""q0"",[]],[""return"",null]]],[""m3.1"",""q2"",[""c0""],""c0"",[],[[""return"",""v1""]]],[""m3.2"",""q3"",[""c0""],""c0"",[],[[""return"",""v1""]]],[""m3.3"",""q4"",[""c0""],""c0"",[],[[""return"",""v1""]]]]]],[[""s0"",""c3"",""c3""]],[[""e0"",""s0"",""q1"",[]]]]","[[""p0"",""p1"",""p2""],[[""c0"",null,[],[[""m0.0"",""q0"",[],null,[],[[""return"",null]]]]],[""c1"",""c0"",[],[[""m1.0"",""q0"",[],null,[],[[""check"",""p0""],[""return"",null]]]]],[""c2"",""c0"",[],[[""m2.0"",""q0"",[],null,[],[[""check"",""p1""],[""return"",null]]]]],[""c3"",null,[[""f3.0"",""c0""],[""f3.1"",""c0""]],[[""m3.0"",""q1"",[],null,[""c0"",""c0"",""c0"",""c0"",""c0"",""c0"",""c0"",""c0""],[[""new"",""v1"",""c1""],[""new"",""v2"",""c2""],[""store"",""v0"",""f3.0"",""v1""],[""store"",""v0"",""f3.1"",""v2""],[""load"",""v3"",""v0"",""f3.1""],[""direct"",""v4"",""m3.1"",[""v3""]],[""direct"",""v5"",""m3.2"",[""v4""]],[""direct"",""v6"",""m3.3"",[""v5""]],[""move"",""v7"",""v6""],[""move"",""v8"",""v7""],[""invoke"",null,""v8"",""q0"",[]],[""return"",null]]],[""m3.1"",""q2"",[""c0""],""c0"",[],[[""return"",""v1""]]],[""m3.2"",""q3"",[""c0""],""c0"",[],[[""return"",""v1""]]],[""m3.3"",""q4"",[""c0""],""c0"",[],[[""return"",""v1""]]]]]],[[""s0"",""c3"",""c3""]],[[""e0"",""s0"",""q1"",[]]]]"
78,field,3,0,3,0,True,"[[""p0"",""p1"",""p2""],[[""c0"",null,[],[[""m0.0"",""q0"",[],null,[],[[""return"",null]]]]],[""c1"",""c0"",[],[[""m1.0"",""q0"",[],null,[],[[""check"",""p0""],[""return"",null]]]]],[""c2"",""c0"",[],[[""m2.0"",""q0"",[],null,[],[[""check"",""p1""],[""return"",null]]]]],[""c3"",null,[[""f3.0"",""c0""],[""f3.1"",""c0""]],[[""m3.0"",""q1"",[],null,[""c0"",""c0"",""c0"",""c0"",""c0"",""c0"",""c0"",""c0"",""c0""],[[""new"",""v1"",""c1""],[""new"",""v2"",""c2""],[""store"",""v0"",""f3.0"",""v1""],[""store"",""v0"",""f3.1"",""v2""],[""load"",""v3"",""v0"",""f3.0""],[""direct"",""v4"",""m3.1"",[""v3""]],[""direct"",""v5"",""m3.2"",[""v4""]],[""direct"",""v6"",""m3.3"",[""v5""]],[""move"",""v7"",""v6""],[""move"",""v8"",""v7""],[""move"",""v9"",""v8""],[""invoke"",null,""v9"",""q0"",[]],[""return"",null]]],[""m3.1"",""q2"",[""c0""],""c0"",[],[[""return"",""v1""]]],[""m3.2"",""q3"",[""c0""],""c0"",[],[[""return"",""v1""]]],[""m3.3"",""q4"",[""c0""],""c0"",[],[[""return"",""v1""]]]]]],[[""s0"",""c3"",""c3""]],[[""e0"",""s0"",""q1"",[]]]]","[[""p0"",""p1"",""p2""],[[""c0"",null,[],[[""m0.0"",""q0"",[],null,[],[[""return"",null]]]]],[""c1"",""c0"",[],[[""m1.0"",""q0"",[],null,[],[[""check"",""p0""],[""return"",null]]]]],[""c2"",""c0"",[],[[""m2.0"",""q0"",[],null,[],[[""check"",""p1""],[""return"",null]]]]],[""c3"",null,[[""f3.0"",""c0""],[""f3.1"",""c0""]],[[""m3.0"",""q1"",[],null,[""c0"",""c0"",""c0"",""c0"",""c0"",""c0"",""c0"",""c0"",""c0"",""c0""],[[""new"",""v1"",""c1""],[""new"",""v2"",""c2""],[""store"",""v0"",""f3.0"",""v1""],[""store"",""v0"",""f3.1"",""v2""],[""load"",""v3"",""v0"",""f3.0""],[""direct"",""v4"",""m3.1"",[""v3""]],[""direct"",""v5"",""m3.2"",[""v4""]],[""direct"",""v6"",""m3.3"",[""v5""]],[""move"",""v7"",""v6""],[""move"",""v8"",""v7""],[""move"",""v9"",""v8""],[""move"",""v10"",""v9""],[""invoke"",null,""v10"",""q0"",[]],[""return"",null]]],[""m3.1"",""q2"",[""c0""],""c0"",[],[[""return"",""v1""]]],[""m3.2"",""q3"",[""c0""],""c0"",[],[[""return"",""v1""]]],[""m3.3"",""q4"",[""c0""],""c0"",[],[[""return"",""v1""]]]]]],[[""s0"",""c3"",""c3""]],[[""e0"",""s0"",""q1"",[]]]]"
79,field,4,0,3,0,False,"[[""p0"",""p1"",""p2""],[[""c0"",null,[],[[""m0.0"",""q0"",[],null,[],[[""return"",null]]]]],[""c1"",""c0"",[],[[""m1.0"",""q0"",[],null,[],[[""check"",""p0""],[""return"",null]]]]],[""c2"",""c0"",[],[[""m2.0"",""q0"",[],null,[],[[""check"",""p1""],[""return"",null]]]]],[""c3"",null,[[""f3.0"",""c0""],[""f3.1"",""c0""]],[[""m3.0"",""q1"",[],null,[""c0"",""c0"",""c0"",""c0"",""c0"",""c0"",""c0"",""c0"",""c0"",""c0""],[[""new"",""v1"",""c1""],[""new"",""v2"",""c2""],[""store"",""v0"",""f3.0"",""v1""],[""store"",""v0"",""f3.1"",""v2""],[""load"",""v3"",""v0"",""f3.0""],[""direct"",""v4"",""m3.1"",[""v3""]],[""direct"",""v5"",""m3.2"",[""v4""]],[""direct"",""v6"",""m3.3"",[""v5""]],[""move"",""v7"",""v6""],[""move"",""v8"",""v7""],[""move"",""v9"",""v8""],[""move"",""v10"",""v9""],[""invoke"",null,""v10"",""q0"",[]],[""return"",null]]],[""m3.1"",""q2"",[""c0""],""c0"",[],[[""return"",""v1""]]],[""m3.2"",""q3"",[""c0""],""c0"",[],[[""return"",""v1""]]],[""m3.3"",""q4"",[""c0""],""c0"",[],[[""return"",""v1""]]]]]],[[""s0"",""c3"",""c3""]],[[""e0"",""s0"",""q1"",[]]]]","[[""p0"",""p1"",""p2""],[[""c0"",null,[],[[""m0.0"",""q0"",[],null,[],[[""return"",null]]]]],[""c1"",""c0"",[],[[""m1.0"",""q0"",[],null,[],[[""check"",""p0""],[""return"",null]]]]],[""c2"",""c0"",[],[[""m2.0"",""q0"",[],null,[],[[""check"",""p1""],[""return"",null]]]]],[""c3"",null,[[""f3.0"",""c0""],[""f3.1"",""c0""]],[[""m3.0"",""q1"",[],null,[""c0"",""c0"",""c0"",""c0"",""c0"",""c0"",""c0"",""c0"",""c0"",""c0""],[[""new"",""v1"",""c1""],[""new"",""v2"",""c2""],[""store"",""v0"",""f3.0"",""v1""],[""store"",""v0"",""f3.1"",""v2""],[""load"",""v3"",""v0"",""f3.1""],[""direct"",""v4"",""m3.1"",[""v3""]],[""direct"",""v5"",""m3.2"",[""v4""]],[""direct"",""v6"",""m3.3"",[""v5""]],[""move"",""v7"",""v6""],[""move"",""v8"",""v7""],[""move"",""v9"",""v8""],[""move"",""v10"",""v9""],[""invoke"",null,""v10"",""q0"",[]],[""return"",null]]],[""m3.1"",""q2"",[""c0""],""c0"",[],[[""return"",""v1""]]],[""m3.2"",""q3"",[""c0""],""c0"",[],[[""return"",""v1""]]],[""m3.3"",""q4"",[""c0""],""c0"",[],[[""return"",""v1""]]]]]],[[""s0"",""c3"",""c3""]],[[""e0"",""s0"",""q1"",[]]]]"
80,field,0,1,3,3,True,"[[""p0"",""p1"",""p2""],[[""c0"",null,[],[[""m0.0"",""q0"",[],null,[],[[""return"",null]]]]],[""c1"",""c0"",[],[[""m1.0"",""q0"",[],null,[],[[""check"",""p0""],[""return"",null]]]]],[""c2"",""c0"",[],[[""m2.0"",""q0"",[],null,[],[[""check"",""p1""],[""return"",null]]]]],[""c3"",null,[[""f3.0"",""c0""],[""f3.1"",""c0""],[""f3.2"",""c0""]],[[""m3.0"",""q1"",[],null,[""c0"",""c0"",""c0"",""c0"",""c0"",""c0"",""c0""],[[""new"",""v1"",""c1""],[""new"",""v2"",""c2""],[""store"",""v0"",""f3.0"",""v1""],[""store"",""v0"",""f3.1"",""v2""],[""new"",""v4"",""c1""],[""store"",""v0"",""f3.2"",""v4""],[""move"",""v4"",""v1""],[""load"",""v3"",""v0"",""f3.0""],[""direct"",""v5"",""m3.1"",[""v3""]],[""direct"",""v6"",""m3.2"",[""v5""]],[""direct"",""v7"",""m3.3"",[""v6""]],[""invoke"",null,""v7"",""q0"",[]],[""opaque"",[[""direct"",null,""m3.4"",[]]]],[""return"",null]]],[""m3.1"",""q2"",[""c0""],""c0"",[],[[""return"",""v1""]]],[""m3.2"",""q3"",[""c0""],""c0"",[],[[""return"",""v1""]]],[""m3.3"",""q4"",[""c0""],""c0"",[],[[""return"",""v1""]]],[""m3.4"",""q5"",[],null,[],[[""opaque"",[[""direct"",null,""m3.5"",[]]]],[""return"",null]]],[""m3.5"",""q6"",[],null,[],[[""opaque"",[[""check"",""p2""]]],[""return"",null]]]]]],[[""s0"",""c3"",""c3""]],[[""e0"",""s0"",""q1"",[]]]]","[[""p0"",""p1"",""p2""],[[""c0"",null,[],[[""m0.0"",""q0"",[],null,[],[[""return"",null]]]]],[""c1"",""c0"",[],[[""m1.0"",""q0"",[],null,[],[[""check"",""p0""],[""return"",null]]]]],[""c2"",""c0"",[],[[""m2.0"",""q0"",[],null,[],[[""check"",""p1""],[""return"",null]]]]],[""c3"",null,[[""f3.0"",""c0""],[""f3.1"",""c0""],[""f3.2"",""c0""]],[[""m3.0"",""q1"",[],null,[""c0"",""c0"",""c0"",""c0"",""c0"",""c0"",""c0""],[[""new"",""v1"",""c1""],[""new"",""v2"",""c2""],[""store"",""v0"",""f3.0"",""v1""],[""store"",""v0"",""f3.1"",""v2""],[""new"",""v4"",""c1""],[""store"",""v0"",""f3.2"",""v4""],[""move"",""v4"",""v1""],[""load"",""v3"",""v0"",""f3.0""],[""direct"",""v5"",""m3.1"",[""v3""]],[""direct"",""v6"",""m3.2"",[""v5""]],[""direct"",""v7"",""m3.3"",[""v6""]],[""invoke"",null,""v7"",""q0"",[]],[""opaque"",[[""direct"",null,""m3.4"",[]]]],[""return"",null]]],[""m3.1"",""q2"",[""c0""],""c0"",[],[[""return"",""v1""]]],[""m3.2"",""q3"",[""c0""],""c0"",[],[[""return"",""v1""]]],[""m3.3"",""q4"",[""c0""],""c0"",[],[[""return"",""v1""]]],[""m3.4"",""q5"",[],null,[],[[""opaque"",[[""direct"",null,""m3.5"",[]]]],[""return"",null]]],[""m3.5"",""q6"",[],null,[],[[""opaque"",[[""check"",""p2""]]],[""return"",null]]]]],[""c4"",null,[],[[""m4.0"",""q7"",[],null,[],[[""check"",""p0""],[""return"",null]]]]]],[[""s0"",""c3"",""c3""]],[[""e0"",""s0"",""q1"",[]]]]"
81,field,1,1,3,0,False,"[[""p0"",""p1"",""p2""],[[""c0"",null,[],[[""m0.0"",""q0"",[],null,[],[[""return"",null]]]]],[""c1"",""c0"",[],[[""m1.0"",""q0"",[],null,[],[[""check"",""p0""],[""return"",null]]]]],[""c2"",""c0"",[],[[""m2.0"",""q0"",[],null,[],[[""check"",""p1""],[""return"",null]]]]],[""c3"",null,[[""f3.0"",""c0""],[""f3.1"",""c0""],[""f3.2"",""c0""]],[[""m3.0"",""q1"",[],null,[""c0"",""c0"",""c0"",""c0"",""c0"",""c0"",""c0"",""c0""],[[""new"",""v1"",""c1""],[""new"",""v2"",""c2""],[""store"",""v0"",""f3.0"",""v1""],[""store"",""v0"",""f3.1"",""v2""],[""new"",""v4"",""c1""],[""store"",""v0"",""f3.2"",""v4""],[""move"",""v4"",""v1""],[""load"",""v3"",""v0"",""f3.0""],[""direct"",""v5"",""m3.1"",[""v3""]],[""direct"",""v6"",""m3.2"",[""v5""]],[""direct"",""v7"",""m3.3"",[""v6""]],[""move"",""v8"",""v7""],[""invoke"",null,""v8"",""q0"",[]],[""return"",null]]],[""m3.1"",""q2"",[""c0""],""c0"",[],[[""return"",""v1""]]],[""m3.2"",""q3"",[""c0""],""c0"",[],[[""return"",""v1""]]],[""m3.3"",""q4"",[""c0""],""c0"",[],[[""return"",""v1""]]]]]],[[""s0"",""c3"",""c3""]],[[""e0"",""s0"",""q1"",[]]]]","[[""p0"",""p1"",""p2""],[[""c0"",null,[],[[""m0.0"",""q0"",[],null,[],[[""return"",null]]]]],[""c1"",""c0"",[],[[""m1.0"",""q0"",[],null,[],[[""check"",""p0""],[""return"",null]]]]],[""c2"",""c0"",[],[[""m2.0"",""q0"",[],null,[],[[""check"",""p1""],[""return"",null]]]]],[""c3"",null,[[""f3.0"",""c0""],[""f3.1"",""c0""],[""f3.2"",""c0""]],[[""m3.0"",""q1"",[],null,[""c0"",""c0"",""c0"",""c0"",""c0"",""c0"",""c0"",""c0""],[[""new"",""v1"",""c1""],[""new"",""v2"",""c2""],[""store"",""v0"",""f3.0"",""v1""],[""store"",""v0"",""f3.1"",""v2""],[""new"",""v4"",""c1""],[""store"",""v0"",""f3.2"",""v4""],[""move"",""v4"",""v1""],[""load"",""v3"",""v0"",""f3.1""],[""direct"",""v5"",""m3.1"",[""v3""]],[""direct"",""v6"",""m3.2"",[""v5""]],[""direct"",""v7"",""m3.3"",[""v6""]],[""move"",""v8"",""v7""],[""invoke"",null,""v8"",""q0"",[]],[""return"",null]]],[""m3.1"",""q2"",[""c0""],""c0"",[],[[""return"",""v1""]]],[""m3.2"",""q3"",[""c0""],""c0"",[],[[""return"",""v1""]]],[""m3.3"",""q4"",[""c0""],""c0"",[],[[""return"",""v1""]]]]]],[[""s0"",""c3"",""c3""]],[[""e0"",""s0"",""q1"",[]]]]"
82,field,2,1,3,0,True,"[[""p0"",""p1"",""p2""],[[""c0"",null,[],[[""m0.0"",""q0"",[],null,[],[[""return"",null]]]]],[""c1"",""c0"",[],[[""m1.0"",""q0"",[],null,[],[[""check"",""p0""],[""return"",null]]]]],[""c2"",""c0"",[],[[""m2.0"",""q0"",[],null,[],[[""check"",""p1""],[""return"",null]]]]],[""c3"",null,[[""f3.0"",""c0""],[""f3.1"",""c0""],[""f3.2"",""c0""]],[[""m3.0"",""q1"",[],null,[""c0"",""c0"",""c0"",""c0"",""c0"",""c0"",""c0"",""c0"",""c0""],[[""new"",""v1"",""c1""],[""new"",""v2"",""c2""],[""store"",""v0"",""f3.0"",""v1""],[""store"",""v0"",""f3.1"",""v2""],[""new"",""v4"",""c1""],[""store"",""v0"",""f3.2"",""v4""],[""move"",""v4"",""v1""],[""load"",""v3"",""v0"",""f3.0""],[""direct"",""v5"",""m3.1"",[""v3""]],[""direct"",""v6"",""m3.2"",[""v5""]],[""direct"",""v7"",""m3.3"",[""v6""]],[""move"",""v8"",""v7""],[""move"",""v9"",""v8""],[""invoke"",null,""v9"",""q0"",[]],[""return"",null]]],[""m3.1"",""q2"",[""c0""],""c0"",[],[[""return"",""v1""]]],[""m3.2"",""q3"",[""c0""],""c0"",[],[[""return"",""v1""]]],[""m3.3"",""q4"",[""c0""],""c0"",[],[[""return"",""v1""]]]]]],[[""s0"",""c3"",""c3""]],[[""e0"",""s0"",""q1"",[]]]]","[[""p0"",""p1"",""p2""],[[""c0"",null,[],[[""m0.0"",""q0"",[],null,[],[[""return"",null]]]]],[""c1"",""c0"",[],[[""m1.0"",""q0"",[],null,[],[[""check"",""p0""],[""return"",null]]]]],[""c2"",""c0"",[],[[""m2.0"",""q0"",[],null,[],[[""check"",""p1""],[""return"",null]]]]],[""c3"",null,[[""f3.0"",""c0""],[""f3.1"",""c0""],[""f3.2"",""c0""],[""f3.3"",""c0""]],[[""m3.0"",""q1"",[],null,[""c0"",""c0"",""c0"",""c0"",""c0"",""c0"",""c0"",""c0"",""c0""],[[""new"",""v1"",""c1""],[""new"",""v2"",""c2""],[""store"",""v0"",""f3.0"",""v1""],[""store"",""v0"",""f3.1"",""v2""],[""new"",""v4"",""c1""],[""store"",""v0"",""f3.2"",""v4""],[""move"",""v4"",""v1""],[""load"",""v3"",""v0"",""f3.0""],[""direct"",""v5"",""m3.1"",[""v3""]],[""direct"",""v6"",""m3.2"",[""v5""]],[""direct"",""v7"",""m3.3"",[""v6""]],[""move"",""v8"",""v7""],[""move"",""v9"",""v8""],[""invoke"",null,""v9"",""q0"",[]],[""return"",null]]],[""m3.1"",""q2"",[""c0""],""c0"",[],[[""return"",""v1""]]],[""m3.2"",""q3"",[""c0""],""c0"",[],[[""return"",""v1""]]],[""m3.3"",""q4"",[""c0""],""c0"",[],[[""return"",""v1""]]]]]],[[""s0"",""c3"",""c3""]],[[""e0"",""s0"",""q1"",[]]]]"
83,field,3,1,3,0,False,"[[""p0"",""p1"",""p2""],[[""c0"",null,[],[[""m0.0"",""q0"",[],null,[],[[""return"",null]]]]],[""c1"",""c0"",[],[[""m1.0"",""q0"",[],null,[],[[""check"",""p0""],[""return"",null]]]]],[""c2"",""c0"",[],[[""m2.0"",""q0"",[],null,[],[[""check"",""p1""],[""return"",null]]]]],[""c3"",null,[[""f3.0"",""c0""],[""f3.1"",""c0""],[""f3.2"",""c0""]],[[""m3.0"",""q1"",[],null,[""c0"",""c0"",""c0"",""c0"",""c0"",""c0"",""c0"",""c0"",""c0"",""c0""],[[""new"",""v1"",""c1""],[""new"",""v2"",""c2""],[""store"",""v0"",""f3.0"",""v1""],[""store"",""v0"",""f3.1"",""v2""],[""new"",""v4"",""c1""],[""store"",""v0"",""f3.2"",""v4""],[""move"",""v4"",""v1""],[""load"",""v3"",""v0"",""f3.0""],[""direct"",""v5"",""m3.1"",[""v3""]],[""direct"",""v6"",""m3.2"",[""v5""]],[""direct"",""v7"",""m3.3"",[""v6""]],[""move"",""v8"",""v7""],[""move"",""v9"",""v8""],[""move"",""v10"",""v9""],[""invoke"",null,""v10"",""q0"",[]],[""return"",null]]],[""m3.1"",""q2"",[""c0""],""c0"",[],[[""return"",""v1""]]],[""m3.2"",""q3"",[""c0""],""c0"",[],[[""return"",""v1""]]],[""m3.3"",""q4"",[""c0""],""c0"",[],[[""return"",""v1""]]]]]],[[""s0"",""c3"",""c3""]],[[""e0"",""s0"",""q1"",[]]]]","[[""p0"",""p1"",""p2""],[[""c0"",null,[],[[""m0.0"",""q0"",[],null,[],[[""return"",null]]]]],[""c1"",""c0"",[],[[""m1.0"",""q0"",[],null,[],[[""check"",""p0""],[""return"",null]]]]],[""c2"",""c0"",[],[[""m2.0"",""q0"",[],null,[],[[""check"",""p1""],[""return"",null]]]]],[""c3"",null,[[""f3.0"",""c0""],[""f3.1"",""c0""],[""f3.2"",""c0""]],[[""m3.0"",""q1"",[],null,[""c0"",""c0"",""c0"",""c0"",""c0"",""c0"",""c0"",""c0"",""c0"",""c0""],[[""new"",""v1"",""c1""],[""new"",""v2"",""c2""],[""store"",""v0"",""f3.0"",""v1""],[""store"",""v0"",""f3.1"",""v2""],[""new"",""v4"",""c1""],[""store"",""v0"",""f3.2"",""v4""],[""move"",""v4"",""v1""],[""load"",""v3"",""v0"",""f3.1""],[""direct"",""v5"",""m3.1"",[""v3""]],[""direct"",""v6"",""m3.2"",[""v5""]],[""direct"",""v7"",""m3.3"",[""v6""]],[""move"",""v8"",""v7""],[""move"",""v9"",""v8""],[""move"",""v10"",""v9""],[""invoke"",null,""v10"",""q0"",[]],[""return"",null]]],[""m3.1"",""q2"",[""c0""],""c0"",[],[[""return"",""v1""]]],[""m3.2"",""q3"",[""c0""],""c0"",[],[[""return"",""v1""]]],[""m3.3"",""q4"",[""c0""],""c0"",[],[[""return"",""v1""]]]]]],[[""s0"",""c3"",""c3""]],[[""e0"",""s0"",""q1"",[]]]]"
84,field,4,1,3,0,True,"[[""p0"",""p1"",""p2""],[[""c0"",null,[],[[""m0.0"",""q0"",[],null,[],[[""return"",null]]]]],[""c1"",""c0"",[],[[""m1.0"",""q0"",[],null,[],[[""check"",""p0""],[""return"",null]]]]],[""c2"",""c0"",[],[[""m2.0"",""q0"",[],null,[],[[""check"",""p1""],[""return"",null]]]]],[""c3"",null,[[""f3.0"",""c0""],[""f3.1"",""c0""],[""f3.2"",""c0""]],[[""m3.0"",""q1"",[],null,[""c0"",""c0"",""c0"",""c0"",""c0"",""c0"",""c0"",""c0"",""c0"",""c0"",""c0""],[[""new"",""v1"",""c1""],[""new"",""v2"",""c2""],[""store"",""v0"",""f3.0"",""v1""],[""store"",""v0"",""f3.1"",""v2""],[""new"",""v4"",""c1""],[""store"",""v0"",""f3.2"",""v4""],[""move"",""v4"",""v1""],[""load"",""v3"",""v0"",""f3.0""],[""direct"",""v5"",""m3.1"",[""v3""]],[""direct"",""v6"",""m3.2"",[""v5""]],[""direct"",""v7"",""m3.3"",[""v6""]],[""move"",""v8"",""v7""],[""move"",""v9"",""v8""],[""move"",""v10"",""v9""],[""move"",""v11"",""v10""],[""invoke"",null,""v11"",""q0"",[]],[""return"",null]]],[""m3.1"",""q2"",[""c0""],""c0"",[],[[""return"",""v1""]]],[""m3.2"",""q3"",[""c0""],""c0"",[],[[""return"",""v1""]]],[""m3.3"",""q4"",[""c0""],""c0"",[],[[""return"",""v1""]]]]]],[[""s0"",""c3"",""c3""]],[[""e0"",""s0"",""q1"",[]]]]","[[""p0"",""p1"",""p2""],[[""c0"",null,[],[[""m0.0"",""q0"",[],null,[],[[""return"",null]]]]],[""c1"",""c0"",[],[[""m1.0"",""q0"",[],null,[],[[""check"",""p0""],[""return"",null]]]]],[""c2"",""c0"",[],[[""m2.0"",""q0"",[],null,[],[[""check"",""p1""],[""return"",null]]]]],[""c3"",null,[[""f3.0"",""c0""],[""f3.1"",""c0""],[""f3.2"",""c0""]],[[""m3.0"",""q1"",[],null,[""c0"",""c0"",""c0"",""c0"",""c0"",""c0"",""c0"",""c0"",""c0"",""c0"",""c0"",""c0""],[[""new"",""v1"",""c1""],[""new"",""v2"",""c2""],[""store"",""v0"",""f3.0"",""v1""],[""store"",""v0"",""f3.1"",""v2""],[""new"",""v4"",""c1""],[""store"",""v0"",""f3.2"",""v4""],[""move"",""v4"",""v1""],[""load"",""v3"",""v0"",""f3.0""],[""direct"",""v5"",""m3.1"",[""v3""]],[""direct"",""v6"",""m3.2"",[""v5""]],[""direct"",""v7"",""m3.3"",[""v6""]],[""move"",""v8"",""v7""],[""move"",""v9"",""v8""],[""move"",""v10"",""v9""],[""move"",""v11"",""v10""],[""move"",""v12"",""v11""],[""invoke"",null,""v12"",""q0"",[]],[""return"",null]]],[""m3.1"",""q2"",[""c0""],""c0"",[],[[""return"",""v1""]]],[""m3.2"",""q3"",[""c0""],""c0"",[],[[""return"",""v1""]]],[""m3.3"",""q4"",[""c0""],""c0"",[],[[""return"",""v1""]]]]]],[[""s0"",""c3"",""c3""]],[[""e0"",""s0"",""q1"",[]]]]"
85,field,0,2,3,1,False,"[[""p0"",""p1"",""p2""],[[""c0"",null,[],[[""m0.0"",""q0"",[],null,[],[[""return"",null]]]]],[""c1"",""c0"",[],[[""m1.0"",""q0"",[],null,[],[[""check"",""p0""],[""return"",null]]]]],[""c2"",""c0"",[],[[""m2.0"",""q0"",[],null,[],[[""check"",""p1""],[""return"",null]]]]],[""c3"",null,[[""f3.0"",""c0""],[""f3.1"",""c0""],[""f3.2"",""c0""],[""f3.3"",""c0""]],[[""m3.0"",""q1"",[],null,[""c0"",""c0"",""c0"",""c0"",""c0"",""c0"",""c0"",""c0""],[[""new"",""v1"",""c1""],[""new"",""v2"",""c2""],[""store"",""v0"",""f3.0"",""v1""],[""store"",""v0"",""f3.1"",""v2""],[""new"",""v4"",""c1""],[""store"",""v0"",""f3.2"",""v4""],[""move"",""v4"",""v1""],[""new"",""v5"",""c2""],[""store"",""v0"",""f3.3"",""v5""],[""move"",""v5"",""v2""],[""load"",""v3"",""v0"",""f3.0""],[""direct"",""v6"",""m3.1"",[""v3""]],[""direct"",""v7"",""m3.2"",[""v6""]],[""direct"",""v8"",""m3.3"",[""v7""]],[""invoke"",null,""v8"",""q0"",[]],[""opaque"",[[""check"",""p2""]]],[""return"",null]]],[""m3.1"",""q2"",[""c0""],""c0"",[],[[""return"",""v1""]]],[""m3.2"",""q3"",[""c0""],""c0"",[],[[""return"",""v1""]]],[""m3.3"",""q4"",[""c0""],""c0"",[],[[""return"",""v1""]]]]]],[[""s0"",""c3"",""c3""]],[[""e0"",""s0"",""q1"",[]]]]","[[""p0"",""p1"",""p2""],[[""c0"",null,[],[[""m0.0"",""q0"",[],null,[],[[""return"",null]]]]],[""c1"",""c0"",[],[[""m1.0"",""q0"",[],null,[],[[""check"",""p0""],[""return"",null]]]]],[""c2"",""c0"",[],[[""m2.0"",""q0"",[],null,[],[[""check"",""p1""],[""return"",null]]]]],[""c3"",null,[[""f3.0"",""c0""],[""f3.1"",""c0""],[""f3.2"",""c0""],[""f3.3"",""c0""]],[[""m3.0"",""q1"",[],null,[""c0"",""c0"",""c0"",""c0"",""c0"",""c0"",""c0"",""c0""],[[""new"",""v1"",""c1""],[""new"",""v2"",""c2""],[""store"",""v0"",""f3.0"",""v1""],[""store"",""v0"",""f3.1"",""v2""],[""new"",""v4"",""c1""],[""store"",""v0"",""f3.2"",""v4""],[""move"",""v4"",""v1""],[""new"",""v5"",""c2""],[""store"",""v0"",""f3.3"",""v5""],[""move"",""v5"",""v2""],[""load"",""v3"",""v0"",""f3.1""],[""direct"",""v6"",""m3.1"",[""v3""]],[""direct"",""v7"",""m3.2"",[""v6""]],[""direct"",""v8"",""m3.3"",[""v7""]],[""invoke"",null,""v8"",""q0"",[]],[""opaque"",[[""check"",""p2""]]],[""return"",null]]],[""m3.1"",""q2"",[""c0""],""c0"",[],[[""return"",""v1""]]],[""m3.2"",""q3"",[""c0""],""c0"",[],[[""return"",""v1""]]],[""m3.3"",""q4"",[""c0""],""c0"",[],[[""return"",""v1""]]]]]],[[""s0"",""c3"",""c3""]],[[""e0"",""s0"",""q1"",[]]]]"
86,field,1,2,3,0,True,"[[""p0"",""p1"",""p2""],[[""c0"",null,[],[[""m0.0"",""q0"",[],null,[],[[""return"",null]]]]],[""c1"",""c0"",[],[[""m1.0"",""q0"",[],null,[],[[""check"",""p0""],[""return"",null]]]]],[""c2"",""c0"",[],[[""m2.0"",""q0"",[],null,[],[[""check"",""p1""],[""return"",null]]]]],[""c3"",null,[[""f3.0"",""c0""],[""f3.1"",""c0""],[""f3.2"",""c0""],[""f3.3"",""c0""]],[[""m3.0"",""q1"",[],null,[""c0"",""c0"",""c0"",""c0"",""c0"",""c0"",""c0"",""c0"",""c0""],[[""new"",""v1"",""c1""],[""new"",""v2"",""c2""],[""store"",""v0"",""f3.0"",""v1""],[""store"",""v0"",""f3.1"",""v2""],[""new"",""v4"",""c1""],[""store"",""v0"",""f3.2"",""v4""],[""move"",""v4"",""v1""],[""new"",""v5"",""c2""],[""store"",""v0"",""f3.3"",""v5""],[""move"",""v5"",""v2""],[""load"",""v3"",""v0"",""f3.0""],[""direct"",""v6"",""m3.1"",[""v3""]],[""direct"",""v7"",""m3.2"",[""v6""]],[""direct"",""v8"",""m3.3"",[""v7""]],[""move"",""v9"",""v8""],[""invoke"",null,""v9"",""q0"",[]],[""return"",null]]],[""m3.1"",""q2"",[""c0""],""c0"",[],[[""return"",""v1""]]],[""m3.2"",""q3"",[""c0""],""c0"",[],[[""return"",""v1""]]],[""m3.3"",""q4"",[""c0""],""c0"",[],[[""return"",""v1""]]]]]],[[""s0"",""c3"",""c3""]],[[""e0"",""s0"",""q1"",[]]]]","[[""p0"",""p1"",""p2""],[[""c0"",null,[],[[""m0.0"",""q0"",[],null,[],[[""return"",null]]]]],[""c1"",""c0"",[],[[""m1.0"",""q0"",[],null,[],[[""check"",""p0""],[""return"",null]]]]],[""c2"",""c0"",[],[[""m2.0"",""q0"",[],null,[],[[""check"",""p1""],[""return"",null]]]]],[""c3"",null,[[""f3.0"",""c0""],[""f3.1"",""c0""],[""f3.2"",""c0""],[""f3.3"",""c0""]],[[""m3.0"",""q1"",[],null,[""c0"",""c0"",""c0"",""c0"",""c0"",""c0"",""c0"",""c0"",""c0""],[[""new"",""v1"",""c1""],[""new"",""v2"",""c2""],[""store"",""v0"",""f3.0"",""v1""],[""store"",""v0"",""f3.1"",""v2""],[""new"",""v4"",""c1""],[""store"",""v0"",""f3.2"",""v4""],[""move"",""v4"",""v1""],[""new"",""v5"",""c2""],[""store"",""v0"",""f3.3"",""v5""],[""move"",""v5"",""v2""],[""load"",""v3"",""v0"",""f3.0""],[""direct"",""v6"",""m3.1"",[""v3""]],[""direct"",""v7"",""m3.2"",[""v6""]],[""direct"",""v8"",""m3.3"",[""v7""]],[""move"",""v9"",""v8""],[""invoke"",null,""v9"",""q0"",[]],[""return"",null]]],[""m3.1"",""q2"",[""c0""],""c0"",[],[[""return"",""v1""]]],[""m3.2"",""q3"",[""c0""],""c0"",[],[[""return"",""v1""]]],[""m3.3"",""q4"",[""c0""],""c0"",[],[[""return"",""v1""]]]]],[""c4"",null,[],[[""m4.0"",""q5"",[],null,[],[[""check"",""p0""],[""return"",null]]]]]],[[""s0"",""c3"",""c3""]],[[""e0"",""s0"",""q1"",[]]]]"
87,field,2,2,3,0,False,"[[""p0"",""p1"",""p2""],[[""c0"",null,[],[[""m0.0"",""q0"",[],null,[],[[""return"",null]]]]],[""c1"",""c0"",[],[[""m1.0"",""q0"",[],null,[],[[""check"",""p0""],[""return"",null]]]]],[""c2"",""c0"",[],[[""m2.0"",""q0"",[],null,[],[[""check"",""p1""],[""return"",null]]]]],[""c3"",null,[[""f3.0"",""c0""],[""f3.1"",""c0""],[""f3.2"",""c0""],[""f3.3"",""c0""]],[[""m3.0"",""q1"",[],null,[""c0"",""c0"",""c0"",""c0"",""c0"",""c0"",""c0"",""c0"",""c0"",""c0""],[[""new"",""v1"",""c1""],[""new"",""v2"",""c2""],[""store"",""v0"",""f3.0"",""v1""],[""store"",""v0"",""f3.1"",""v2""],[""new"",""v4"",""c1""],[""store"",""v0"",""f3.2"",""v4""],[""move"",""v4"",""v1""],[""new"",""v5"",""c2""],[""store"",""v0"",""f3.3"",""v5""],[""move"",""v5"",""v2""],[""load"",""v3"",""v0"",""f3.0""],[""direct"",""v6"",""m3.1"",[""v3""]],[""direct"",""v7"",""m3.2"",[""v6""]],[""direct"",""v8"",""m3.3"",[""v7""]],[""move"",""v9"",""v8""],[""move"",""v10"",""v9""],[""invoke"",null,""v10"",""q0"",[]],[""return"",null]]],[""m3.1"",""q2"",[""c0""],""c0"",[],[[""return"",""v1""]]],[""m3.2"",""q3"",[""c0""],""c0"",[],[[""return"",""v1""]]],[""m3.3"",""q4"",[""c0""],""c0"",[],[[""return"",""v1""]]]]]],[[""s0"",""c3"",""c3""]],[[""e0"",""s0"",""q1"",[]]]]","[[""p0"",""p1"",""p2""],[[""c0"",null,[],[[""m0.0"",""q0"",[],null,[],[[""return"",null]]]]],[""c1"",""c0"",[],[[""m1.0"",""q0"",[],null,[],[[""check"",""p0""],[""return"",null]]]]],[""c2"",""c0"",[],[[""m2.0"",""q0"",[],null,[],[[""check"",""p1""],[""return"",null]]]]],[""c3"",null,[[""f3.0"",""c0""],[""f3.1"",""c0""],[""f3.2"",""c0""],[""f3.3"",""c0""]],[[""m3.0"",""q1"",[],null,[""c0"",""c0"",""c0"",""c0"",""c0"",""c0"",""c0"",""c0"",""c0"",""c0""],[[""new"",""v1"",""c1""],[""new"",""v2"",""c2""],[""store"",""v0"",""f3.0"",""v1""],[""store"",""v0"",""f3.1"",""v2""],[""new"",""v4"",""c1""],[""store"",""v0"",""f3.2"",""v4""],[""move"",""v4"",""v1""],[""new"",""v5"",""c2""],[""store"",""v0"",""f3.3"",""v5""],[""move"",""v5"",""v2""],[""load"",""v3"",""v0"",""f3.1""],[""direct"",""v6"",""m3.1"",[""v3""]],[""direct"",""v7"",""m3.2"",[""v6""]],[""direct"",""v8"",""m3.3"",[""v7""]],[""move"",""v9"",""v8""],[""move"",""v10"",""v9""],[""invoke"",null,""v10"",""q0"",[]],[""return"",null]]],[""m3.1"",""q2"",[""c0""],""c0"",[],[[""return"",""v1""]]],[""m3.2"",""q3"",[""c0""],""c0"",[],[[""return"",""v1""]]],[""m3.3"",""q4"",[""c0""],""c0"",[],[[""return"",""v1""]]]]]],[[""s0"",""c3"",""c3""]],[[""e0"",""s0"",""q1"",[]]]]"
88,field,3,2,3,0,True,"[[""p0"",""p1"",""p2""],[[""c0"",null,[],[[""m0.0"",""q0"",[],null,[],[[""return"",null]]]]],[""c1"",""c0"",[],[[""m1.0"",""q0"",[],null,[],[[""check"",""p0""],[""return"",null]]]]],[""c2"",""c0"",[],[[""m2.0"",""q0"",[],null,[],[[""check"",""p1""],[""return"",null]]]]],[""c3"",null,[[""f3.0"",""c0""],[""f3.1"",""c0""],[""f3.2"",""c0""],[""f3.3"",""c0""]],[[""m3.0"",""q1"",[],null,[""c0"",""c0"",""c0"",""c0"",""c0"",""c0"",""c0"",""c0"",""c0"",""c0"",""c0""],[[""new"",""v1"",""c1""],[""new"",""v2"",""c2""],[""store"",""v0"",""f3.0"",""v1""],[""store"",""v0"",""f3.1"",""v2""],[""new"",""v4"",""c1""],[""store"",""v0"",""f3.2"",""v4""],[""move"",""v4"",""v1""],[""new"",""v5"",""c2""],[""store"",""v0"",""f3.3"",""v5""],[""move"",""v5"",""v2""],[""load"",""v3"",""v0"",""f3.0""],[""direct"",""v6"",""m3.1"",[""v3""]],[""direct"",""v7"",""m3.2"",[""v6""]],[""direct"",""v8"",""m3.3"",[""v7""]],[""move"",""v9"",""v8""],[""move"",""v10"",""v9""],[""move"",""v11"",""v10""],[""invoke"",null,""v11"",""q0"",[]],[""return"",null]]],[""m3.1"",""q2"",[""c0""],""c0"",[],[[""return"",""v1""]]],[""m3.2"",""q3"",[""c0""],""c0"",[],[[""return"",""v1""]]],[""m3.3"",""q4"",[""c0""],""c0"",[],[[""return"",""v1""]]]]]],[[""s0"",""c3"",""c3""]],[[""e0"",""s0"",""q1"",[]]]]","[[""p0"",""p1"",""p2""],[[""c0"",null,[],[[""m0.0"",""q0"",[],null,[],[[""return"",null]]]]],[""c1"",""c0"",[],[[""m1.0"",""q0"",[],null,[],[[""check"",""p0""],[""return"",null]]]]],[""c2"",""c0"",[],[[""m2.0"",""q0"",[],null,[],[[""check"",""p1""],[""return"",null]]]]],[""c3"",null,[[""f3.0"",""c0""],[""f3.1"",""c0""],[""f3.2"",""c0""],[""f3.3"",""c0""],[""f3.4"",""c0""]],[[""m3.0"",""q1"",[],null,[""c0"",""c0"",""c0"",""c0"",""c0"",""c0"",""c0"",""c0"",""c0"",""c0"",""c0""],[[""new"",""v1"",""c1""],[""new"",""v2"",""c2""],[""store"",""v0"",""f3.0"",""v1""],[""store"",""v0"",""f3.1"",""v2""],[""new"",""v4"",""c1""],[""store"",""v0"",""f3.2"",""v4""],[""move"",""v4"",""v1""],[""new"",""v5"",""c2""],[""store"",""v0"",""f3.3"",""v5""],[""move"",""v5"",""v2""],[""load"",""v3"",""v0"",""f3.0""],[""direct"",""v6"",""m3.1"",[""v3""]],[""direct"",""v7"",""m3.2"",[""v6""]],[""direct"",""v8"",""m3.3"",[""v7""]],[""move"",""v9"",""v8""],[""move"",""v10"",""v9""],[""move"",""v11"",""v10""],[""invoke"",null,""v11"",""q0"",[]],[""return"",null]]],[""m3.1"",""q2"",[""c0""],""c0"",[],[[""return"",""v1""]]],[""m3.2"",""q3"",[""c0""],""c0"",[],[[""return"",""v1""]]],[""m3.3"",""q4"",[""c0""],""c0"",[],[[""return"",""v1""]]]]]],[[""s0"",""c3"",""c3""]],[[""e0"",""s0"",""q1"",[]]]]"
89,field,4,2,3,0,False,"[[""p0"",""p1"",""p2""],[[""c0"",null,[],[[""m0.0"",""q0"",[],null,[],[[""return"",null]]]]],[""c1"",""c0"",[],[[""m1.0"",""q0"",[],null,[],[[""check"",""p0""],[""return"",null]]]]],[""c2"",""c0"",[],[[""m2.0"",""q0"",[],null,[],[[""check"",""p1""],[""return"",null]]]]],[""c3"",null,[[""f3.0"",""c0""],[""f3.1"",""c0""],[""f3.2"",""c0""],[""f3.3"",""c0""]],[[""m3.0"",""q1"",[],null,[""c0"",""c0"",""c0"",""c0"",""c0"",""c0"",""c0"",""c0"",""c0"",""c0"",""c0"",""c0""],[[""new"",""v1"",""c1""],[""new"",""v2"",""c2""],[""store"",""v0"",""f3.0"",""v1""],[""store"",""v0"",""f3.1"",""v2""],[""new"",""v4"",""c1""],[""store"",""v0"",""f3.2"",""v4""],[""move"",""v4"",""v1""],[""new"",""v5"",""c2""],[""store"",""v0"",""f3.3"",""v5""],[""move"",""v5"",""v2""],[""load"",""v3"",""v0"",""f3.0""],[""direct"",""v6"",""m3.1"",[""v3""]],[""direct"",""v7"",""m3.2"",[""v6""]],[""direct"",""v8"",""m3.3"",[""v7""]],[""move"",""v9"",""v8""],[""move"",""v10"",""v9""],[""move"",""v11"",""v10""],[""move"",""v12"",""v11""],[""invoke"",null,""v12"",""q0"",[]],[""return"",null]]],[""m3.1"",""q2"",[""c0""],""c0"",[],[[""return"",""v1""]]],[""m3.2"",""q3"",[""c0""],""c0"",[],[[""return"",""v1""]]],[""m3.3"",""q4"",[""c0""],""c0"",[],[[""return"",""v1""]]]]]],[[""s0"",""c3"",""c3""]],[[""e0"",""s0"",""q1"",[]]]]","[[""p0"",""p1"",""p2""],[[""c0"",null,[],[[""m0.0"",""q0"",[],null,[],[[""return"",null]]]]],[""c1"",""c0"",[],[[""m1.0"",""q0"",[],null,[],[[""check"",""p0""],[""return"",null]]]]],[""c2"",""c0"",[],[[""m2.0"",""q0"",[],null,[],[[""check"",""p1""],[""return"",null]]]]],[""c3"",null,[[""f3.0"",""c0""],[""f3.1"",""c0""],[""f3.2"",""c0""],[""f3.3"",""c0""]],[[""m3.0"",""q1"",[],null,[""c0"",""c0"",""c0"",""c0"",""c0"",""c0"",""c0"",""c0"",""c0"",""c0"",""c0"",""c0""],[[""new"",""v1"",""c1""],[""new"",""v2"",""c2""],[""store"",""v0"",""f3.0"",""v1""],[""store"",""v0"",""f3.1"",""v2""],[""new"",""v4"",""c1""],[""store"",""v0"",""f3.2"",""v4""],[""move"",""v4"",""v1""],[""new"",""v5"",""c2""],[""store"",""v0"",""f3.3"",""v5""],[""move"",""v5"",""v2""],[""load"",""v3"",""v0"",""f3.1""],[""direct"",""v6"",""m3.1"",[""v3""]],[""direct"",""v7"",""m3.2"",[""v6""]],[""direct"",""v8"",""m3.3"",[""v7""]],[""move"",""v9"",""v8""],[""move"",""v10"",""v9""],[""move"",""v11"",""v10""],[""move"",""v12"",""v11""],[""invoke"",null,""v12"",""q0"",[]],[""return"",null]]],[""m3.1"",""q2"",[""c0""],""c0"",[],[[""return"",""v1""]]],[""m3.2"",""q3"",[""c0""],""c0"",[],[[""return"",""v1""]]],[""m3.3"",""q4"",[""c0""],""c0"",[],[[""return"",""v1""]]]]]],[[""s0"",""c3"",""c3""]],[[""e0"",""s0"",""q1"",[]]]]"
90,field,0,3,3,2,True,"[[""p0"",""p1"",""p2""],[[""c0"",null,[],[[""m0.0"",""q0"",[],null,[],[[""return"",null]]]]],[""c1"",""c0"",[],[[""m1.0"",""q0"",[],null,[],[[""check"",""p0""],[""return"",null]]]]],[""c2"",""c0"",[],[[""m2.0"",""q0"",[],null,[],[[""check"",""p1""],[""return"",null]]]]],[""c3"",null,[[""f3.0"",""c0""],[""f3.1"",""c0""],[""f3.2"",""c0""],[""f3.3"",""c0""],[""f3.4"",""c0""]],[[""m3.0"",""q1"",[],null,[""c0"",""c0"",""c0"",""c0"",""c0"",""c0"",""c0"",""c0"",""c0""],[[""new"",""v1"",""c1""],[""new"",""v2"",""c2""],[""store"",""v0"",""f3.0"",""v1""],[""store"",""v0"",""f3.1"",""v2""],[""new"",""v4"",""c1""],[""store"",""v0"",""f3.2"",""v4""],[""move"",""v4"",""v1""],[""new"",""v5"",""c2""],[""store"",""v0"",""f3.3"",""v5""],[""move"",""v5"",""v2""],[""new"",""v6"",""c1""],[""store"",""v0"",""f3.4"",""v6""],[""move"",""v6"",""v1""],[""load"",""v3"",""v0"",""f3.0""],[""direct"",""v7"",""m3.1"",[""v3""]],[""direct"",""v8"",""m3.2"",[""v7""]],[""direct"",""v9"",""m3.3"",[""v8""]],[""invoke"",null,""v9"",""q0"",[]],[""opaque"",[[""direct"",null,""m3.4"",[]]]],[""return"",null]]],[""m3.1"",""q2"",[""c0""],""c0"",[],[[""return"",""v1""]]],[""m3.2"",""q3"",[""c0""],""c0"",[],[[""return"",""v1""]]],[""m3.3"",""q4"",[""c0""],""c0"",[],[[""return"",""v1""]]],[""m3.4"",""q5"",[],null,[],[[""opaque"",[[""check"",""p2""]]],[""return"",null]]]]]],[[""s0"",""c3"",""c3""]],[[""e0"",""s0"",""q1"",[]]]]","[[""p0"",""p1"",""p2""],[[""c0"",null,[],[[""m0.0"",""q0"",[],null,[],[[""return"",null]]]]],[""c1"",""c0"",[],[[""m1.0"",""q0"",[],null,[],[[""check"",""p0""],[""return"",null]]]]],[""c2"",""c0"",[],[[""m2.0"",""q0"",[],null,[],[[""check"",""p1""],[""return"",null]]]]],[""c3"",null,[[""f3.0"",""c0""],[""f3.1"",""c0""],[""f3.2"",""c0""],[""f3.3"",""c0""],[""f3.4"",""c0""]],[[""m3.0"",""q1"",[],null,[""c0"",""c0"",""c0"",""c0"",""c0"",""c0"",""c0"",""c0"",""c0"",""c0""],[[""new"",""v1"",""c1""],[""new"",""v2"",""c2""],[""store"",""v0"",""f3.0"",""v1""],[""store"",""v0"",""f3.1"",""v2""],[""new"",""v4"",""c1""],[""store"",""v0"",""f3.2"",""v4""],[""move"",""v4"",""v1""],[""new"",""v5"",""c2""],[""store"",""v0"",""f3.3"",""v5""],[""move"",""v5"",""v2""],[""new"",""v6"",""c1""],[""store"",""v0"",""f3.4"",""v6""],[""move"",""v6"",""v1""],[""load"",""v3"",""v0"",""f3.0""],[""direct"",""v7"",""m3.1"",[""v3""]],[""direct"",""v8"",""m3.2"",[""v7""]],[""direct"",""v9"",""m3.3"",[""v8""]],[""move"",""v10"",""v9""],[""invoke"",null,""v10"",""q0"",[]],[""opaque"",[[""direct"",null,""m3.4"",[]]]],[""return"",null]]],[""m3.1"",""q2"",[""c0""],""c0"",[],[[""return"",""v1""]]],[""m3.2"",""q3"",[""c0""],""c0"",[],[[""return"",""v1""]]],[""m3.3"",""q4"",[""c0""],""c0"",[],[[""return"",""v1""]]],[""m3.4"",""q5"",[],null,[],[[""opaque"",[[""check"",""p2""]]],[""return"",null]]]]]],[[""s0"",""c3"",""c3""]],[[""e0"",""s0"",""q1"",[]]]]"
91,field,1,3,3,0,False,"[[""p0"",""p1"",""p2""],[[""c0"",null,[],[[""m0.0"",""q0"",[],null,[],[[""return"",null]]]]],[""c1"",""c0"",[],[[""m1.0"",""q0"",[],null,[],[[""check"",""p0""],[""return"",null]]]]],[""c2"",""c0"",[],[[""m2.0"",""q0"",[],null,[],[[""check"",""p1""],[""return"",null]]]]],[""c3"",null,[[""f3.0"",""c0""],[""f3.1"",""c0""],[""f3.2"",""c0""],[""f3.3"",""c0""],[""f3.4"",""c0""]],[[""m3.0"",""q1"",[],null,[""c0"",""c0"",""c0"",""c0"",""c0"",""c0"",""c0"",""c0"",""c0"",""c0""],[[""new"",""v1"",""c1""],[""new"",""v2"",""c2""],[""store"",""v0"",""f3.0"",""v1""],[""store"",""v0"",""f3.1"",""v2""],[""new"",""v4"",""c1""],[""store"",""v0"",""f3.2"",""v4""],[""move"",""v4"",""v1""],[""new"",""v5"",""c2""],[""store"",""v0"",""f3.3"",""v5""],[""move"",""v5"",""v2""],[""new"",""v6"",""c1""],[""store"",""v0"",""f3.4"",""v6""],[""move"",""v6"",""v1""],[""load"",""v3"",""v0"",""f3.0""],[""direct"",""v7"",""m3.1"",[""v3""]],[""direct"",""v8"",""m3.2"",[""v7""]],[""direct"",""v9"",""m3.3"",[""v8""]],[""move"",""v10"",""v9""],[""invoke"",null,""v10"",""q0"",[]],[""return"",null]]],[""m3.1"",""q2"",[""c0""],""c0"",[],[[""return"",""v1""]]],[""m3.2"",""q3"",[""c0""],""c0"",[],[[""return"",""v1""]]],[""m3.3"",""q4"",[""c0""],""c0"",[],[[""return"",""v1""]]]]]],[[""s0"",""c3"",""c3""]],[[""e0"",""s0"",""q1"",[]]]]","[[""p0"",""p1"",""p2""],[[""c0"",null,[],[[""m0.0"",""q0"",[],null,[],[[""return"",null]]]]],[""c1"",""c0"",[],[[""m1.0"",""q0"",[],null,[],[[""check"",""p0""],[""return"",null]]]]],[""c2"",""c0"",[],[[""m2.0"",""q0"",[],null,[],[[""check"",""p1""],[""return"",null]]]]],[""c3"",null,[[""f3.0"",""c0""],[""f3.1"",""c0""],[""f3.2"",""c0""],[""f3.3"",""c0""],[""f3.4"",""c0""]],[[""m3.0"",""q1"",[],null,[""c0"",""c0"",""c0"",""c0"",""c0"",""c0"",""c0"",""c0"",""c0"",""c0""],[[""new"",""v1"",""c1""],[""new"",""v2"",""c2""],[""store"",""v0"",""f3.0"",""v1""],[""store"",""v0"",""f3.1"",""v2""],[""new"",""v4"",""c1""],[""store"",""v0"",""f3.2"",""v4""],[""move"",""v4"",""v1""],[""new"",""v5"",""c2""],[""store"",""v0"",""f3.3"",""v5""],[""move"",""v5"",""v2""],[""new"",""v6"",""c1""],[""store"",""v0"",""f3.4"",""v6""],[""move"",""v6"",""v1""],[""load"",""v3"",""v0"",""f3.1""],[""direct"",""v7"",""m3.1"",[""v3""]],[""direct"",""v8"",""m3.2"",[""v7""]],[""direct"",""v9"",""m3.3"",[""v8""]],[""move"",""v10"",""v9""],[""invoke"",null,""v10"",""q0"",[]],[""return"",null]]],[""m3.1"",""q2"",[""c0""],""c0"",[],[[""return"",""v1""]]],[""m3.2"",""q3"",[""c0""],""c0"",[],[[""return"",""v1""]]],[""m3.3"",""q4"",[""c0""],""c0"",[],[[""return"",""v1""]]]]]],[[""s0"",""c3"",""c3""]],[[""e0"",""s0"",""q1"",[]]]]"
92,field,2,3,3,0,True,"[[""p0"",""p1"",""p2""],[[""c0"",null,[],[[""m0.0"",""q0"",[],null,[],[[""return"",null]]]]],[""c1"",""c0"",[],[[""m1.0"",""q0"",[],null,[],[[""check"",""p0""],[""return"",null]]]]],[""c2"",""c0"",[],[[""m2.0"",""q0"",[],null,[],[[""check"",""p1""],[""return"",null]]]]],[""c3"",null,[[""f3.0"",""c0""],[""f3.1"",""c0""],[""f3.2"",""c0""],[""f3.3"",""c0""],[""f3.4"",""c0""]],[[""m3.0"",""q1"",[],null,[""c0"",""c0"",""c0"",""c0"",""c0"",""c0"",""c0"",""c0"",""c0"",""c0"",""c0""],[[""new"",""v1"",""c1""],[""new"",""v2"",""c2""],[""store"",""v0"",""f3.0"",""v1""],[""store"",""v0"",""f3.1"",""v2""],[""new"",""v4"",""c1""],[""store"",""v0"",""f3.2"",""v4""],[""move"",""v4"",""v1""],[""new"",""v5"",""c2""],[""store"",""v0"",""f3.3"",""v5""],[""move"",""v5"",""v2""],[""new"",""v6"",""c1""],[""store"",""v0"",""f3.4"",""v6""],[""move"",""v6"",""v1""],[""load"",""v3"",""v0"",""f3.0""],[""direct"",""v7"",""m3.1"",[""v3""]],[""direct"",""v8"",""m3.2"",[""v7""]],[""direct"",""v9"",""m3.3"",[""v8""]],[""move"",""v10"",""v9""],[""move"",""v11"",""v10""],[""invoke"",null,""v11"",""q0"",[]],[""return"",null]]],[""m3.1"",""q2"",[""c0""],""c0"",[],[[""return"",""v1""]]],[""m3.2"",""q3"",[""c0""],""c0"",[],[[""return"",""v1""]]],[""m3.3"",""q4"",[""c0""],""c0"",[],[[""return"",""v1""]]]]]],[[""s0"",""c3"",""c3""]],[[""e0"",""s0"",""q1"",[]]]]","[[""p0"",""p1"",""p2""],[[""c0"",null,[],[[""m0.0"",""q0"",[],null,[],[[""return"",null]]]]],[""c1"",""c0"",[],[[""m1.0"",""q0"",[],null,[],[[""check"",""p0""],[""return"",null]]]]],[""c2"",""c0"",[],[[""m2.0"",""q0"",[],null,[],[[""check"",""p1""],[""return"",null]]]]],[""c3"",null,[[""f3.0"",""c0""],[""f3.1"",""c0""],[""f3.2"",""c0""],[""f3.3"",""c0""],[""f3.4"",""c0""]],[[""m3.0"",""q1"",[],null,[""c0"",""c0"",""c0"",""c0"",""c0"",""c0"",""c0"",""c0"",""c0"",""c0"",""c0""],[[""new"",""v1"",""c1""],[""new"",""v2"",""c2""],[""store"",""v0"",""f3.0"",""v1""],[""store"",""v0"",""f3.1"",""v2""],[""new"",""v4"",""c1""],[""store"",""v0"",""f3.2"",""v4""],[""move"",""v4"",""v1""],[""new"",""v5"",""c2""],[""store"",""v0"",""f3.3"",""v5""],[""move"",""v5"",""v2""],[""new"",""v6"",""c1""],[""store"",""v0"",""f3.4"",""v6""],[""move"",""v6"",""v1""],[""load"",""v3"",""v0"",""f3.0""],[""direct"",""v7"",""m3.1"",[""v3""]],[""direct"",""v8"",""m3.2"",[""v7""]],[""direct"",""v9"",""m3.3"",[""v8""]],[""move"",""v10"",""v9""],[""move"",""v11"",""v10""],[""invoke"",null,""v11"",""q0"",[]],[""return"",null]]],[""m3.1"",""q2"",[""c0""],""c0"",[],[[""return"",""v1""]]],[""m3.2"",""q3"",[""c0""],""c0"",[],[[""return"",""v1""]]],[""m3.3"",""q4"",[""c0""],""c0"",[],[[""return"",""v1""]]]]],[""c4"",null,[],[[""m4.0"",""q5"",[],null,[],[[""check"",""p0""],[""return"",null]]]]]],[[""s0"",""c3"",""c3""]],[[""e0"",""s0"",""q1"",[]]]]"
93,field,3,3,3,0,False,"[[""p0"",""p1"",""p2""],[[""c0"",null,[],[[""m0.0"",""q0"",[],null,[],[[""return"",null]]]]],[""c1"",""c0"",[],[[""m1.0"",""q0"",[],null,[],[[""check"",""p0""],[""return"",null]]]]],[""c2"",""c0"",[],[[""m2.0"",""q0"",[],null,[],[[""check"",""p1""],[""return"",null]]]]],[""c3"",null,[[""f3.0"",""c0""],[""f3.1"",""c0""],[""f3.2"",""c0""],[""f3.3"",""c0""],[""f3.4"",""c0""]],[[""m3.0"",""q1"",[],null,[""c0"",""c0"",""c0"",""c0"",""c0"",""c0"",""c0"",""c0"",""c0"",""c0"",""c0"",""c0""],[[""new"",""v1"",""c1""],[""new"",""v2"",""c2""],[""store"",""v0"",""f3.0"",""v1""],[""store"",""v0"",""f3.1"",""v2""],[""new"",""v4"",""c1""],[""store"",""v0"",""f3.2"",""v4""],[""move"",""v4"",""v1""],[""new"",""v5"",""c2""],[""store"",""v0"",""f3.3"",""v5""],[""move"",""v5"",""v2""],[""new"",""v6"",""c1""],[""store"",""v0"",""f3.4"",""v6""],[""move"",""v6"",""v1""],[""load"",""v3"",""v0"",""f3.0""],[""direct"",""v7"",""m3.1"",[""v3""]],[""direct"",""v8"",""m3.2"",[""v7""]],[""direct"",""v9"",""m3.3"",[""v8""]],[""move"",""v10"",""v9""],[""move"",""v11"",""v10""],[""move"",""v12"",""v11""],[""invoke"",null,""v12"",""q0"",[]],[""return"",null]]],[""m3.1"",""q2"",[""c0""],""c0"",[],[[""return"",""v1""]]],[""m3.2"",""q3"",[""c0""],""c0"",[],[[""return"",""v1""]]],[""m3.3"",""q4"",[""c0""],""c0"",[],[[""return"",""v1""]]]]]],[[""s0"",""c3"",""c3""]],[[""e0"",""s0"",""q1"",[]]]]","[[""p0"",""p1"",""p2""],[[""c0"",null,[],[[""m0.0"",""q0"",[],null,[],[[""return"",null]]]]],[""c1"",""c0"",[],[[""m1.0"",""q0"",[],null,[],[[""check"",""p0""],[""return"",null]]]]],[""c2"",""c0"",[],[[""m2.0"",""q0"",[],null,[],[[""check"",""p1""],[""return"",null]]]]],[""c3"",null,[[""f3.0"",""c0""],[""f3.1"",""c0""],[""f3.2"",""c0""],[""f3.3"",""c0""],[""f3.4"",""c0""]],[[""m3.0"",""q1"",[],null,[""c0"",""c0"",""c0"",""c0"",""c0"",""c0"",""c0"",""c0"",""c0"",""c0"",""c0"",""c0""],[[""new"",""v1"",""c1""],[""new"",""v2"",""c2""],[""store"",""v0"",""f3.0"",""v1""],[""store"",""v0"",""f3.1"",""v2""],[""new"",""v4"",""c1""],[""store"",""v0"",""f3.2"",""v4""],[""move"",""v4"",""v1""],[""new"",""v5"",""c2""],[""store"",""v0"",""f3.3"",""v5""],[""move"",""v5"",""v2""],[""new"",""v6"",""c1""],[""store"",""v0"",""f3.4"",""v6""],[""move"",""v6"",""v1""],[""load"",""v3"",""v0"",""f3.1""],[""direct"",""v7"",""m3.1"",[""v3""]],[""direct"",""v8"",""m3.2"",[""v7""]],[""direct"",""v9"",""m3.3"",[""v8""]],[""move"",""v10"",""v9""],[""move"",""v11"",""v10""],[""move"",""v12"",""v11""],[""invoke"",null,""v12"",""q0"",[]],[""return"",null]]],[""m3.1"",""q2"",[""c0""],""c0"",[],[[""return"",""v1""]]],[""m3.2"",""q3"",[""c0""],""c0"",[],[[""return"",""v1""]]],[""m3.3"",""q4"",[""c0""],""c0"",[],[[""return"",""v1""]]]]]],[[""s0"",""c3"",""c3""]],[[""e0"",""s0"",""q1"",[]]]]"
94,field,4,3,3,0,True,"[[""p0"",""p1"",""p2""],[[""c0"",null,[],[[""m0.0"",""q0"",[],null,[],[[""return"",null]]]]],[""c1"",""c0"",[],[[""m1.0"",""q0"",[],null,[],[[""check"",""p0""],[""return"",null]]]]],[""c2"",""c0"",[],[[""m2.0"",""q0"",[],null,[],[[""check"",""p1""],[""return"",null]]]]],[""c3"",null,[[""f3.0"",""c0""],[""f3.1"",""c0""],[""f3.2"",""c0""],[""f3.3"",""c0""],[""f3.4"",""c0""]],[[""m3.0"",""q1"",[],null,[""c0"",""c0"",""c0"",""c0"",""c0"",""c0"",""c0"",""c0"",""c0"",""c0"",""c0"",""c0"",""c0""],[[""new"",""v1"",""c1""],[""new"",""v2"",""c2""],[""store"",""v0"",""f3.0"",""v1""],[""store"",""v0"",""f3.1"",""v2""],[""new"",""v4"",""c1""],[""store"",""v0"",""f3.2"",""v4""],[""move"",""v4"",""v1""],[""new"",""v5"",""c2""],[""store"",""v0"",""f3.3"",""v5""],[""move"",""v5"",""v2""],[""new"",""v6"",""c1""],[""store"",""v0"",""f3.4"",""v6""],[""move"",""v6"",""v1""],[""load"",""v3"",""v0"",""f3.0""],[""direct"",""v7"",""m3.1"",[""v3""]],[""direct"",""v8"",""m3.2"",[""v7""]],[""direct"",""v9"",""m3.3"",[""v8""]],[""move"",""v10"",""v9""],[""move"",""v11"",""v10""],[""move"",""v12"",""v11""],[""move"",""v13"",""v12""],[""invoke"",null,""v13"",""q0"",[]],[""return"",null]]],[""m3.1"",""q2"",[""c0""],""c0"",[],[[""return"",""v1""]]],[""m3.2"",""q3"",[""c0""],""c0"",[],[[""return"",""v1""]]],[""m3.3"",""q4"",[""c0""],""c0"",[],[[""return"",""v1""]]]]]],[[""s0"",""c3"",""c3""]],[[""e0"",""s0"",""q1"",[]]]]","[[""p0"",""p1"",""p2""],[[""c0"",null,[],[[""m0.0"",""q0"",[],null,[],[[""return"",null]]]]],[""c1"",""c0"",[],[[""m1.0"",""q0"",[],null,[],[[""check"",""p0""],[""return"",null]]]]],[""c2"",""c0"",[],[[""m2.0"",""q0"",[],null,[],[[""check"",""p1""],[""return"",null]]]]],[""c3"",null,[[""f3.0"",""c0""],[""f3.1"",""c0""],[""f3.2"",""c0""],[""f3.3"",""c0""],[""f3.4"",""c0""],[""f3.5"",""c0""]],[[""m3.0"",""q1"",[],null,[""c0"",""c0"",""c0"",""c0"",""c0"",""c0"",""c0"",""c0"",""c0"",""c0"",""c0"",""c0"",""c0""],[[""new"",""v1"",""c1""],[""new"",""v2"",""c2""],[""store"",""v0"",""f3.0"",""v1""],[""store"",""v0"",""f3.1"",""v2""],[""new"",""v4"",""c1""],[""store"",""v0"",""f3.2"",""v4""],[""move"",""v4"",""v1""],[""new"",""v5"",""c2""],[""store"",""v0"",""f3.3"",""v5""],[""move"",""v5"",""v2""],[""new"",""v6"",""c1""],[""store"",""v0"",""f3.4"",""v6""],[""move"",""v6"",""v1""],[""load"",""v3"",""v0"",""f3.0""],[""direct"",""v7"",""m3.1"",[""v3""]],[""direct"",""v8"",""m3.2"",[""v7""]],[""direct"",""v9"",""m3.3"",[""v8""]],[""move"",""v10"",""v9""],[""move"",""v11"",""v10""],[""move"",""v12"",""v11""],[""move"",""v13"",""v12""],[""invoke"",null,""v13"",""q0"",[]],[""return"",null]]],[""m3.1"",""q2"",[""c0""],""c0"",[],[[""return"",""v1""]]],[""m3.2"",""q3"",[""c0""],""c0"",[],[[""return"",""v1""]]],[""m3.3"",""q4"",[""c0""],""c0"",[],[[""return"",""v1""]]]]]],[[""s0"",""c3"",""c3""]],[[""e0"",""s0"",""q1"",[]]]]"
95,field,0,4,3,3,False,"[[""p0"",""p1"",""p2""],[[""c0"",null,[],[[""m0.0"",""q0"",[],null,[],[[""return"",null]]]]],[""c1"",""c0"",[],[[""m1.0"",""q0"",[],null,[],[[""check"",""p0""],[""return"",null]]]]],[""c2"",""c0"",[],[[""m2.0"",""q0"",[],null,[],[[""check"",""p1""],[""return"",null]]]]],[""c3"",null,[[""f3.0"",""c0""],[""f3.1"",""c0""],[""f3.2"",""c0""],[""f3.3"",""c0""],[""f3.4"",""c0""],[""f3.5"",""c0""]],[[""m3.0"",""q1"",[],null,[""c0"",""c0"",""c0"",""c0"",""c0"",""c0"",""c0"",""c0"",""c0"",""c0""],[[""new"",""v1"",""c1""],[""new"",""v2"",""c2""],[""store"",""v0"",""f3.0"",""v1""],[""store"",""v0"",""f3.1"",""v2""],[""new"",""v4"",""c1""],[""store"",""v0"",""f3.2"",""v4""],[""move"",""v4"",""v1""],[""new"",""v5"",""c2""],[""store"",""v0"",""f3.3"",""v5""],[""move"",""v5"",""v2""],[""new"",""v6"",""c1""],[""store"",""v0"",""f3.4"",""v6""],[""move"",""v6"",""v1""],[""new"",""v7"",""c2""],[""store"",""v0"",""f3.5"",""v7""],[""move"",""v7"",""v2""],[""load"",""v3"",""v0"",""f3.0""],[""direct"",""v8"",""m3.1"",[""v3""]],[""direct"",""v9"",""m3.2"",[""v8""]],[""direct"",""v10"",""m3.3"",[""v9""]],[""invoke"",null,""v10"",""q0"",[]],[""opaque"",[[""direct"",null,""m3.4"",[]]]],[""return"",null]]],[""m3.1"",""q2"",[""c0""],""c0"",[],[[""return"",""v1""]]],[""m3.2"",""q3"",[""c0""],""c0"",[],[[""return"",""v1""]]],[""m3.3"",""q4"",[""c0""],""c0"",[],[[""return"",""v1""]]],[""m3.4"",""q5"",[],null,[],[[""opaque"",[[""direct"",null,""m3.5"",[]]]],[""return"",null]]],[""m3.5"",""q6"",[],null,[],[[""opaque"",[[""check"",""p2""]]],[""return"",null]]]]]],[[""s0"",""c3"",""c3""]],[[""e0"",""s0"",""q1"",[]]]]","[[""p0"",""p1"",""p2""],[[""c0"",null,[],[[""m0.0"",""q0"",[],null,[],[[""return"",null]]]]],[""c1"",""c0"",[],[[""m1.0"",""q0"",[],null,[],[[""check"",""p0""],[""return"",null]]]]],[""c2"",""c0"",[],[[""m2.0"",""q0"",[],null,[],[[""check"",""p1""],[""return"",null]]]]],[""c3"",null,[[""f3.0"",""c0""],[""f3.1"",""c0""],[""f3.2"",""c0""],[""f3.3"",""c0""],[""f3.4"",""c0""],[""f3.5"",""c0""]],[[""m3.0"",""q1"",[],null,[""c0"",""c0"",""c0"",""c0"",""c0"",""c0"",""c0"",""c0"",""c0"",""c0""],[[""new"",""v1"",""c1""],[""new"",""v2"",""c2""],[""store"",""v0"",""f3.0"",""v1""],[""store"",""v0"",""f3.1"",""v2""],[""new"",""v4"",""c1""],[""store"",""v0"",""f3.2"",""v4""],[""move"",""v4"",""v1""],[""new"",""v5"",""c2""],[""store"",""v0"",""f3.3"",""v5""],[""move"",""v5"",""v2""],[""new"",""v6"",""c1""],[""store"",""v0"",""f3.4"",""v6""],[""move"",""v6"",""v1""],[""new"",""v7"",""c2""],[""store"",""v0"",""f3.5"",""v7""],[""move"",""v7"",""v2""],[""load"",""v3"",""v0"",""f3.1""],[""direct"",""v8"",""m3.1"",[""v3""]],[""direct"",""v9"",""m3.2"",[""v8""]],[""direct"",""v10"",""m3.3"",[""v9""]],[""invoke"",null,""v10"",""q0"",[]],[""opaque"",[[""direct"",null,""m3.4"",[]]]],[""return"",null]]],[""m3.1"",""q2"",[""c0""],""c0"",[],[[""return"",""v1""]]],[""m3.2"",""q3"",[""c0""],""c0"",[],[[""return"",""v1""]]],[""m3.3"",""q4"",[""c0""],""c0"",[],[[""return"",""v1""]]],[""m3.4"",""q5"",[],null,[],[[""opaque"",[[""direct"",null,""m3.5"",[]]]],[""return"",null]]],[""m3.5"",""q6"",[],null,[],[[""opaque"",[[""check"",""p2""]]],[""return"",null]]]]]],[[""s0"",""c3"",""c3""]],[[""e0"",""s0"",""q1"",[]]]]"
96,field,1,4,3,0,True,"[[""p0"",""p1"",""p2""],[[""c0"",null,[],[[""m0.0"",""q0"",[],null,[],[[""return"",null]]]]],[""c1"",""c0"",[],[[""m1.0"",""q0"",[],null,[],[[""check"",""p0""],[""return"",null]]]]],[""c2"",""c0"",[],[[""m2.0"",""q0"",[],null,[],[[""check"",""p1""],[""return"",null]]]]],[""c3"",null,[[""f3.0"",""c0""],[""f3.1"",""c0""],[""f3.2"",""c0""],[""f3.3"",""c0""],[""f3.4"",""c0""],[""f3.5"",""c0""]],[[""m3.0"",""q1"",[],null,[""c0"",""c0"",""c0"",""c0"",""c0"",""c0"",""c0"",""c0"",""c0"",""c0"",""c0""],[[""new"",""v1"",""c1""],[""new"",""v2"",""c2""],[""store"",""v0"",""f3.0"",""v1""],[""store"",""v0"",""f3.1"",""v2""],[""new"",""v4"",""c1""],[""store"",""v0"",""f3.2"",""v4""],[""move"",""v4"",""v1""],[""new"",""v5"",""c2""],[""store"",""v0"",""f3.3"",""v5""],[""move"",""v5"",""v2""],[""new"",""v6"",""c1""],[""store"",""v0"",""f3.4"",""v6""],[""move"",""v6"",""v1""],[""new"",""v7"",""c2""],[""store"",""v0"",""f3.5"",""v7""],[""move"",""v7"",""v2""],[""load"",""v3"",""v0"",""f3.0""],[""direct"",""v8"",""m3.1"",[""v3""]],[""direct"",""v9"",""m3.2"",[""v8""]],[""direct"",""v10"",""m3.3"",[""v9""]],[""move"",""v11"",""v10""],[""invoke"",null,""v11"",""q0"",[]],[""return"",null]]],[""m3.1"",""q2"",[""c0""],""c0"",[],[[""return"",""v1""]]],[""m3.2"",""q3"",[""c0""],""c0"",[],[[""return"",""v1""]]],[""m3.3"",""q4"",[""c0""],""c0"",[],[[""return"",""v1""]]]]]],[[""s0"",""c3"",""c3""]],[[""e0"",""s0"",""q1"",[]]]]","[[""p0"",""p1"",""p2""],[[""c0"",null,[],[[""m0.0"",""q0"",[],null,[],[[""return"",null]]]]],[""c1"",""c0"",[],[[""m1.0"",""q0"",[],null,[],[[""check"",""p0""],[""return"",null]]]]],[""c2"",""c0"",[],[[""m2.0"",""q0"",[],null,[],[[""check"",""p1""],[""return"",null]]]]],[""c3"",null,[[""f3.0"",""c0""],[""f3.1"",""c0""],[""f3.2"",""c0""],[""f3.3"",""c0""],[""f3.4"",""c0""],[""f3.5"",""c0""]],[[""m3.0"",""q1"",[],null,[""c0"",""c0"",""c0"",""c0"",""c0"",""c0"",""c0"",""c0"",""c0"",""c0"",""c0"",""c0""],[[""new"",""v1"",""c1""],[""new"",""v2"",""c2""],[""store"",""v0"",""f3.0"",""v1""],[""store"",""v0"",""f3.1"",""v2""],[""new"",""v4"",""c1""],[""store"",""v0"",""f3.2"",""v4""],[""move"",""v4"",""v1""],[""new"",""v5"",""c2""],[""store"",""v0"",""f3.3"",""v5""],[""move"",""v5"",""v2""],[""new"",""v6"",""c1""],[""store"",""v0"",""f3.4"",""v6""],[""move"",""v6"",""v1""],[""new"",""v7"",""c2""],[""store"",""v0"",""f3.5"",""v7""],[""move"",""v7"",""v2""],[""load"",""v3"",""v0"",""f3.0""],[""direct"",""v8"",""m3.1"",[""v3""]],[""direct"",""v9"",""m3.2"",[""v8""]],[""direct"",""v10"",""m3.3"",[""v9""]],[""move"",""v11"",""v10""],[""move"",""v12"",""v11""],[""invoke"",null,""v12"",""q0"",[]],[""return"",null]]],[""m3.1"",""q2"",[""c0""],""c0"",[],[[""return"",""v1""]]],[""m3.2"",""q3"",[""c0""],""c0"",[],[[""return"",""v1""]]],[""m3.3"",""q4"",[""c0""],""c0"",[],[[""return"",""v1""]]]]]],[[""s0"",""c3"",""c3""]],[[""e0"",""s0"",""q1"",[]]]]"
97,field,2,4,3,0,False,"[[""p0"",""p1"",""p2""],[[""c0"",null,[],[[""m0.0"",""q0"",[],null,[],[[""return"",null]]]]],[""c1"",""c0"",[],[[""m1.0"",""q0"",[],null,[],[[""check"",""p0""],[""return"",null]]]]],[""c2"",""c0"",[],[[""m2.0"",""q0"",[],null,[],[[""check"",""p1""],[""return"",null]]]]],[""c3"",null,[[""f3.0"",""c0""],[""f3.1"",""c0""],[""f3.2"",""c0""],[""f3.3"",""c0""],[""f3.4"",""c0""],[""f3.5"",""c0""]],[[""m3.0"",""q1"",[],null,[""c0"",""c0"",""c0"",""c0"",""c0"",""c0"",""c0"",""c0"",""c0"",""c0"",""c0"",""c0""],[[""new"",""v1"",""c1""],[""new"",""v2"",""c2""],[""store"",""v0"",""f3.0"",""v1""],[""store"",""v0"",""f3.1"",""v2""],[""new"",""v4"",""c1""],[""store"",""v0"",""f3.2"",""v4""],[""move"",""v4"",""v1""],[""new"",""v5"",""c2""],[""store"",""v0"",""f3.3"",""v5""],[""move"",""v5"",""v2""],[""new"",""v6"",""c1""],[""store"",""v0"",""f3.4"",""v6""],[""move"",""v6"",""v1""],[""new"",""v7"",""c2""],[""store"",""v0"",""f3.5"",""v7""],[""move"",""v7"",""v2""],[""load"",""v3"",""v0"",""f3.0""],[""direct"",""v8"",""m3.1"",[""v3""]],[""direct"",""v9"",""m3.2"",[""v8""]],[""direct"",""v10"",""m3.3"",[""v9""]],[""move"",""v11"",""v10""],[""move"",""v12"",""v11""],[""invoke"",null,""v12"",""q0"",[]],[""return"",null]]],[""m3.1"",""q2"",[""c0""],""c0"",[],[[""return"",""v1""]]],[""m3.2"",""q3"",[""c0""],""c0"",[],[[""return"",""v1""]]],[""m3.3"",""q4"",[""c0""],""c0"",[],[[""return"",""v1""]]]]]],[[""s0"",""c3"",""c3""]],[[""e0"",""s0"",""q1"",[]]]]","[[""p0"",""p1"",""p2""],[[""c0"",null,[],[[""m0.0"",""q0"",[],null,[],[[""return"",null]]]]],[""c1"",""c0"",[],[[""m1.0"",""q0"",[],null,[],[[""check"",""p0""],[""return"",null]]]]],[""c2"",""c0"",[],[[""m2.0"",""q0"",[],null,[],[[""check"",""p1""],[""return"",null]]]]],[""c3"",null,[[""f3.0"",""c0""],[""f3.1"",""c0""],[""f3.2"",""c0""],[""f3.3"",""c0""],[""f3.4"",""c0""],[""f3.5"",""c0""]],[[""m3.0"",""q1"",[],null,[""c0"",""c0"",""c0"",""c0"",""c0"",""c0"",""c0"",""c0"",""c0"",""c0"",""c0"",""c0""],[[""new"",""v1"",""c1""],[""new"",""v2"",""c2""],[""store"",""v0"",""f3.0"",""v1""],[""store"",""v0"",""f3.1"",""v2""],[""new"",""v4"",""c1""],[""store"",""v0"",""f3.2"",""v4""],[""move"",""v4"",""v1""],[""new"",""v5"",""c2""],[""store"",""v0"",""f3.3"",""v5""],[""move"",""v5"",""v2""],[""new"",""v6"",""c1""],[""store"",""v0"",""f3.4"",""v6""],[""move"",""v6"",""v1""],[""new"",""v7"",""c2""],[""store"",""v0"",""f3.5"",""v7""],[""move"",""v7"",""v2""],[""load"",""v3"",""v0"",""f3.1""],[""direct"",""v8"",""m3.1"",[""v3""]],[""direct"",""v9"",""m3.2"",[""v8""]],[""direct"",""v10"",""m3.3"",[""v9""]],[""move"",""v11"",""v10""],[""move"",""v12"",""v11""],[""invoke"",null,""v12"",""q0"",[]],[""return"",null]]],[""m3.1"",""q2"",[""c0""],""c0"",[],[[""return"",""v1""]]],[""m3.2"",""q3"",[""c0""],""c0"",[],[[""return"",""v1""]]],[""m3.3"",""q4"",[""c0""],""c0"",[],[[""return"",""v1""]]]]]],[[""s0"",""c3"",""c3""]],[[""e0"",""s0"",""q1"",[]]]]"
98,field,3,4,3,0,True,"[[""p0"",""p1"",""p2""],[[""c0"",null,[],[[""m0.0"",""q0"",[],null,[],[[""return"",null]]]]],[""c1"",""c0"",[],[[""m1.0"",""q0"",[],null,[],[[""check"",""p0""],[""return"",null]]]]],[""c2"",""c0"",[],[[""m2.0"",""q0"",[],null,[],[[""check"",""p1""],[""return"",null]]]]],[""c3"",null,[[""f3.0"",""c0""],[""f3.1"",""c0""],[""f3.2"",""c0""],[""f3.3"",""c0""],[""f3.4"",""c0""],[""f3.5"",""c0""]],[[""m3.0"",""q1"",[],null,[""c0"",""c0"",""c0"",""c0"",""c0"",""c0"",""c0"",""c0"",""c0"",""c0"",""c0"",""c0"",""c0""],[[""new"",""v1"",""c1""],[""new"",""v2"",""c2""],[""store"",""v0"",""f3.0"",""v1""],[""store"",""v0"",""f3.1"",""v2""],[""new"",""v4"",""c1""],[""store"",""v0"",""f3.2"",""v4""],[""move"",""v4"",""v1""],[""new"",""v5"",""c2""],[""store"",""v0"",""f3.3"",""v5""],[""move"",""v5"",""v2""],[""new"",""v6"",""c1""],[""store"",""v0"",""f3.4"",""v6""],[""move"",""v6"",""v1""],[""new"",""v7"",""c2""],[""store"",""v0"",""f3.5"",""v7""],[""move"",""v7"",""v2""],[""load"",""v3"",""v0"",""f3.0""],[""direct"",""v8"",""m3.1"",[""v3""]],[""direct"",""v9"",""m3.2"",[""v8""]],[""direct"",""v10"",""m3.3"",[""v9""]],[""move"",""v11"",""v10""],[""move"",""v12"",""v11""],[""move"",""v13"",""v12""],[""invoke"",null,""v13"",""q0"",[]],[""return"",null]]],[""m3.1"",""q2"",[""c0""],""c0"",[],[[""return"",""v1""]]],[""m3.2"",""q3"",[""c0""],""c0"",[],[[""return"",""v1""]]],[""m3.3"",""q4"",[""c0""],""c0"",[],[[""return"",""v1""]]]]]],[[""s0"",""c3"",""c3""]],[[""e0"",""s0"",""q1"",[]]]]","[[""p0"",""p1"",""p2""],[[""c0"",null,[],[[""m0.0"",""q0"",[],null,[],[[""return"",null]]]]],[""c1"",""c0"",[],[[""m1.0"",""q0"",[],null,[],[[""check"",""p0""],[""return"",null]]]]],[""c2"",""c0"",[],[[""m2.0"",""q0"",[],null,[],[[""check"",""p1""],[""return"",null]]]]],[""c3"",null,[[""f3.0"",""c0""],[""f3.1"",""c0""],[""f3.2"",""c0""],[""f3.3"",""c0""],[""f3.4"",""c0""],[""f3.5"",""c0""]],[[""m3.0"",""q1"",[],null,[""c0"",""c0"",""c0"",""c0"",""c0"",""c0"",""c0"",""c0"",""c0"",""c0"",""c0"",""c0"",""c0""],[[""new"",""v1"",""c1""],[""new"",""v2"",""c2""],[""store"",""v0"",""f3.0"",""v1""],[""store"",""v0"",""f3.1"",""v2""],[""new"",""v4"",""c1""],[""store"",""v0"",""f3.2"",""v4""],[""move"",""v4"",""v1""],[""new"",""v5"",""c2""],[""store"",""v0"",""f3.3"",""v5""],[""move"",""v5"",""v2""],[""new"",""v6"",""c1""],[""store"",""v0"",""f3.4"",""v6""],[""move"",""v6"",""v1""],[""new"",""v7"",""c2""],[""store"",""v0"",""f3.5"",""v7""],[""move"",""v7"",""v2""],[""load"",""v3"",""v0"",""f3.0""],[""direct"",""v8"",""m3.1"",[""v3""]],[""direct"",""v9"",""m3.2"",[""v8""]],[""direct"",""v10"",""m3.3"",[""v9""]],[""move"",""v11"",""v10""],[""move"",""v12"",""v11""],[""move"",""v13"",""v12""],[""invoke"",null,""v13"",""q0"",[]],[""return"",null]]],[""m3.1"",""q2"",[""c0""],""c0"",[],[[""return"",""v1""]]],[""m3.2"",""q3"",[""c0""],""c0"",[],[[""return"",""v1""]]],[""m3.3"",""q4"",[""c0""],""c0"",[],[[""return"",""v1""]]]]],[""c4"",null,[],[[""m4.0"",""q5"",[],null,[],[[""check"",""p0""],[""return"",null]]]]]],[[""s0"",""c3"",""c3""]],[[""e0"",""s0"",""q1"",[]]]]"
99,field,4,4,3,0,False,"[[""p0"",""p1"",""p2""],[[""c0"",null,[],[[""m0.0"",""q0"",[],null,[],[[""return"",null]]]]],[""c1"",""c0"",[],[[""m1.0"",""q0"",[],null,[],[[""check"",""p0""],[""return"",null]]]]],[""c2"",""c0"",[],[[""m2.0"",""q0"",[],null,[],[[""check"",""p1""],[""return"",null]]]]],[""c3"",null,[[""f3.0"",""c0""],[""f3.1"",""c0""],[""f3.2"",""c0""],[""f3.3"",""c0""],[""f3.4"",""c0""],[""f3.5"",""c0""]],[[""m3.0"",""q1"",[],null,[""c0"",""c0"",""c0"",""c0"",""c0"",""c0"",""c0"",""c0"",""c0"",""c0"",""c0"",""c0"",""c0"",""c0""],[[""new"",""v1"",""c1""],[""new"",""v2"",""c2""],[""store"",""v0"",""f3.0"",""v1""],[""store"",""v0"",""f3.1"",""v2""],[""new"",""v4"",""c1""],[""store"",""v0"",""f3.2"",""v4""],[""move"",""v4"",""v1""],[""new"",""v5"",""c2""],[""store"",""v0"",""f3.3"",""v5""],[""move"",""v5"",""v2""],[""new"",""v6"",""c1""],[""store"",""v0"",""f3.4"",""v6""],[""move"",""v6"",""v1""],[""new"",""v7"",""c2""],[""store"",""v0"",""f3.5"",""v7""],[""move"",""v7"",""v2""],[""load"",""v3"",""v0"",""f3.0""],[""direct"",""v8"",""m3.1"",[""v3""]],[""direct"",""v9"",""m3.2"",[""v8""]],[""direct"",""v10"",""m3.3"",[""v9""]],[""move"",""v11"",""v10""],[""move"",""v12"",""v11""],[""move"",""v13"",""v12""],[""move"",""v14"",""v13""],[""invoke"",null,""v14"",""q0"",[]],[""return"",null]]],[""m3.1"",""q2"",[""c0""],""c0"",[],[[""return"",""v1""]]],[""m3.2"",""q3"",[""c0""],""c0"",[],[[""return"",""v1""]]],[""m3.3"",""q4"",[""c0""],""c0"",[],[[""return"",""v1""]]]]]],[[""s0"",""c3"",""c3""]],[[""e0"",""s0"",""q1"",[]]]]","[[""p0"",""p1"",""p2""],[[""c0"",null,[],[[""m0.0"",""q0"",[],null,[],[[""return"",null]]]]],[""c1"",""c0"",[],[[""m1.0"",""q0"",[],null,[],[[""check"",""p0""],[""return"",null]]]]],[""c2"",""c0"",[],[[""m2.0"",""q0"",[],null,[],[[""check"",""p1""],[""return"",null]]]]],[""c3"",null,[[""f3.0"",""c0""],[""f3.1"",""c0""],[""f3.2"",""c0""],[""f3.3"",""c0""],[""f3.4"",""c0""],[""f3.5"",""c0""]],[[""m3.0"",""q1"",[],null,[""c0"",""c0"",""c0"",""c0"",""c0"",""c0"",""c0"",""c0"",""c0"",""c0"",""c0"",""c0"",""c0"",""c0""],[[""new"",""v1"",""c1""],[""new"",""v2"",""c2""],[""store"",""v0"",""f3.0"",""v1""],[""store"",""v0"",""f3.1"",""v2""],[""new"",""v4"",""c1""],[""store"",""v0"",""f3.2"",""v4""],[""move"",""v4"",""v1""],[""new"",""v5"",""c2""],[""store"",""v0"",""f3.3"",""v5""],[""move"",""v5"",""v2""],[""new"",""v6"",""c1""],[""store"",""v0"",""f3.4"",""v6""],[""move"",""v6"",""v1""],[""new"",""v7"",""c2""],[""store"",""v0"",""f3.5"",""v7""],[""move"",""v7"",""v2""],[""load"",""v3"",""v0"",""f3.1""],[""direct"",""v8"",""m3.1"",[""v3""]],[""direct"",""v9"",""m3.2"",[""v8""]],[""direct"",""v10"",""m3.3"",[""v9""]],[""move"",""v11"",""v10""],[""move"",""v12"",""v11""],[""move"",""v13"",""v12""],[""move"",""v14"",""v13""],[""invoke"",null,""v14"",""q0"",[]],[""return"",null]]],[""m3.1"",""q2"",[""c0""],""c0"",[],[[""return"",""v1""]]],[""m3.2"",""q3"",[""c0""],""c0"",[],[[""return"",""v1""]]],[""m3.3"",""q4"",[""c0""],""c0"",[],[[""return"",""v1""]]]]]],[[""s0"",""c3"",""c3""]],[[""e0"",""s0"",""q1"",[]]]]"
100,context,0,0,0,2,True,"[[""p0"",""p1"",""p2""],[[""c0"",null,[],[[""m0.0"",""q0"",[],null,[],[[""return"",null]]]]],[""c1"",""c0"",[],[[""m1.0"",""q0"",[],null,[],[[""check"",""p0""],[""return"",null]]]]],[""c2"",""c0"",[],[[""m2.0"",""q0"",[],null,[],[[""check"",""p1""],[""return"",null]]]]],[""c3"",null,[],[[""m3.0"",""q1"",[""c0""],""c0"",[],[[""return"",""v1""]]]]],[""c4"",null,[],[[""m4.0"",""q2"",[],null,[""c3"",""c0"",""c0"",""c0"",""c0""],[[""new"",""v1"",""c3""],[""new"",""v2"",""c1""],[""new"",""v3"",""c2""],[""invoke"",""v4"",""v1"",""q1"",[""v2""]],[""invoke"",""v5"",""v1"",""q1"",[""v3""]],[""invoke"",null,""v4"",""q0"",[]],[""opaque"",[[""direct"",null,""m4.1"",[]]]],[""return"",null]]],[""m4.1"",""q3"",[],null,[],[[""opaque"",[[""check"",""p2""]]],[""return"",null]]]]]],[[""s0"",""c4"",""c4""]],[[""e0"",""s0"",""q2"",[]]]]","[[""p0"",""p1"",""p2""],[[""c0"",null,[],[[""m0.0"",""q0"",[],null,[],[[""return"",null]]]]],[""c1"",""c0"",[],[[""m1.0"",""q0"",[],null,[],[[""check"",""p0""],[""return"",null]]]]],[""c2"",""c0"",[],[[""m2.0"",""q0"",[],null,[],[[""check"",""p1""],[""return"",null]]]]],[""c3"",null,[],[[""m3.0"",""q1"",[""c0""],""c0"",[],[[""return"",""v1""]]]]],[""c4"",null,[],[[""m4.0"",""q2"",[],null,[""c3"",""c0"",""c0"",""c0"",""c0"",""c0""],[[""new"",""v1"",""c3""],[""new"",""v2"",""c1""],[""new"",""v3"",""c2""],[""invoke"",""v4"",""v1"",""q1"",[""v2""]],[""invoke"",""v5"",""v1"",""q1"",[""v3""]],[""move"",""v6"",""v4""],[""invoke"",null,""v6"",""q0"",[]],[""opaque"",[[""direct"",null,""m4.1"",[]]]],[""return"",null]]],[""m4.1"",""q3"",[],null,[],[[""opaque"",[[""check"",""p2""]]],[""return"",null]]]]]],[[""s0"",""c4"",""c4""]],[[""e0"",""s0"",""q2"",[]]]]"
101,context,1,0,0,0,False,"[[""p0"",""p1"",""p2""],[[""c0"",null,[],[[""m0.0"",""q0"",[],null,[],[[""return"",null]]]]],[""c1"",""c0"",[],[[""m1.0"",""q0"",[],null,[],[[""check"",""p0""],[""return"",null]]]]],[""c2"",""c0"",[],[[""m2.0"",""q0"",[],null,[],[[""check"",""p1""],[""return"",null]]]]],[""c3"",null,[],[[""m3.0"",""q1"",[""c0""],""c0"",[],[[""return"",""v1""]]]]],[""c4"",null,[],[[""m4.0"",""q2"",[],null,[""c3"",""c0"",""c0"",""c0"",""c0"",""c0""],[[""new"",""v1"",""c3""],[""new"",""v2"",""c1""],[""new"",""v3"",""c2""],[""invoke"",""v4"",""v1"",""q1"",[""v2""]],[""invoke"",""v5"",""v1"",""q1"",[""v3""]],[""move"",""v6"",""v4""],[""invoke"",null,""v6"",""q0"",[]],[""return"",null]]]]]],[[""s0"",""c4"",""c4""]],[[""e0"",""s0"",""q2"",[]]]]","[[""p0"",""p1"",""p2""],[[""c0"",null,[],[[""m0.0"",""q0"",[],null,[],[[""return"",null]]]]],[""c1"",""c0"",[],[[""m1.0"",""q0"",[],null,[],[[""check"",""p0""],[""return"",null]]]]],[""c2"",""c0"",[],[[""m2.0"",""q0"",[],null,[],[[""check"",""p1""],[""return"",null]]]]],[""c3"",null,[],[[""m3.0"",""q1"",[""c0""],""c0"",[],[[""return"",""v1""]]]]],[""c4"",null,[],[[""m4.0"",""q2"",[],null,[""c3"",""c0"",""c0"",""c0"",""c0"",""c0""],[[""new"",""v1"",""c3""],[""new"",""v2"",""c1""],[""new"",""v3"",""c2""],[""invoke"",""v4"",""v1"",""q1"",[""v2""]],[""invoke"",""v5"",""v1"",""q1"",[""v3""]],[""move"",""v6"",""v5""],[""invoke"",null,""v6"",""q0"",[]],[""return"",null]]]]]],[[""s0"",""c4"",""c4""]],[[""e0"",""s0"",""q2"",[]]]]"
102,context,2,0,0,0,True,"[[""p0"",""p1"",""p2""],[[""c0"",null,[],[[""m0.0"",""q0"",[],null,[],[[""return"",null]]]]],[""c1"",""c0"",[],[[""m1.0"",""q0"",[],null,[],[[""check"",""p0""],[""return"",null]]]]],[""c2"",""c0"",[],[[""m2.0"",""q0"",[],null,[],[[""check"",""p1""],[""return"",null]]]]],[""c3"",null,[],[[""m3.0"",""q1"",[""c0""],""c0"",[],[[""return"",""v1""]]]]],[""c4"",null,[],[[""m4.0"",""q2"",[],null,[""c3"",""c0"",""c0"",""c0"",""c0"",""c0"",""c0""],[[""new"",""v1"",""c3""],[""new"",""v2"",""c1""],[""new"",""v3"",""c2""],[""invoke"",""v4"",""v1"",""q1"",[""v2""]],[""invoke"",""v5"",""v1"",""q1"",[""v3""]],[""move"",""v6"",""v4""],[""move"",""v7"",""v6""],[""invoke"",null,""v7"",""q0"",[]],[""return"",null]]]]]],[[""s0"",""c4"",""c4""]],[[""e0"",""s0"",""q2"",[]]]]","[[""p0"",""p1"",""p2""],[[""c0"",null,[],[[""m0.0"",""q0"",[],null,[],[[""return"",null]]]]],[""c1"",""c0"",[],[[""m1.0"",""q0"",[],null,[],[[""check"",""p0""],[""return"",null]]]]],[""c2"",""c0"",[],[[""m2.0"",""q0"",[],null,[],[[""check"",""p1""],[""return"",null]]]]],[""c3"",null,[],[[""m3.0"",""q1"",[""c0""],""c0"",[],[[""return"",""v1""]]]]],[""c4"",null,[],[[""m4.0"",""q2"",[],null,[""c3"",""c0"",""c0"",""c0"",""c0"",""c0"",""c0""],[[""new"",""v1"",""c3""],[""new"",""v2"",""c1""],[""new"",""v3"",""c2""],[""invoke"",""v4"",""v1"",""q1"",[""v2""]],[""invoke"",""v5"",""v1"",""q1"",[""v3""]],[""move"",""v6"",""v4""],[""move"",""v7"",""v6""],[""invoke"",null,""v7"",""q0"",[]],[""return"",null]]]]],[""c5"",null,[],[[""m5.0"",""q3"",[],null,[],[[""check"",""p0""],[""return"",null]]]]]],[[""s0"",""c4"",""c4""]],[[""e0"",""s0"",""q2"",[]]]]"
103,context,3,0,0,0,False,"[[""p0"",""p1"",""p2""],[[""c0"",null,[],[[""m0.0"",""q0"",[],null,[],[[""return"",null]]]]],[""c1"",""c0"",[],[[""m1.0"",""q0"",[],null,[],[[""check"",""p0""],[""return"",null]]]]],[""c2"",""c0"",[],[[""m2.0"",""q0"",[],null,[],[[""check"",""p1""],[""return"",null]]]]],[""c3"",null,[],[[""m3.0"",""q1"",[""c0""],""c0"",[],[[""return"",""v1""]]]]],[""c4"",null,[],[[""m4.0"",""q2"",[],null,[""c3"",""c0"",""c0"",""c0"",""c0"",""c0"",""c0"",""c0""],[[""new"",""v1"",""c3""],[""new"",""v2"",""c1""],[""new"",""v3"",""c2""],[""invoke"",""v4"",""v1"",""q1"",[""v2""]],[""invoke"",""v5"",""v1"",""q1"",[""v3""]],[""move"",""v6"",""v4""],[""move"",""v7"",""v6""],[""move"",""v8"",""v7""],[""invoke"",null,""v8"",""q0"",[]],[""return"",null]]]]]],[[""s0"",""c4"",""c4""]],[[""e0"",""s0"",""q2"",[]]]]","[[""p0"",""p1"",""p2""],[[""c0"",null,[],[[""m0.0"",""q0"",[],null,[],[[""return"",null]]]]],[""c1"",""c0"",[],[[""m1.0"",""q0"",[],null,[],[[""check"",""p0""],[""return"",null]]]]],[""c2"",""c0"",[],[[""m2.0"",""q0"",[],null,[],[[""check"",""p1""],[""return"",null]]]]],[""c3"",null,[],[[""m3.0"",""q1"",[""c0""],""c0"",[],[[""return"",""v1""]]]]],[""c4"",null,[],[[""m4.0"",""q2"",[],null,[""c3"",""c0"",""c0"",""c0"",""c0"",""c0"",""c0"",""c0""],[[""new"",""v1"",""c3""],[""new"",""v2"",""c1""],[""new"",""v3"",""c2""],[""invoke"",""v4"",""v1"",""q1"",[""v2""]],[""invoke"",""v5"",""v1"",""q1"",[""v3""]],[""move"",""v6"",""v5""],[""move"",""v7"",""v6""],[""move"",""v8"",""v7""],[""invoke"",null,""v8"",""q0"",[]],[""return"",null]]]]]],[[""s0"",""c4"",""c4""]],[[""e0"",""s0"",""q2"",[]]]]"
104,context,4,0,0,0,True,"[[""p0"",""p1"",""p2""],[[""c0"",null,[],[[""m0.0"",""q0"",[],null,[],[[""return"",null]]]]],[""c1"",""c0"",[],[[""m1.0"",""q0"",[],null,[],[[""check"",""p0""],[""return"",null]]]]],[""c2"",""c0"",[],[[""m2.0"",""q0"",[],null,[],[[""check"",""p1""],[""return"",null]]]]],[""c3"",null,[],[[""m3.0"",""q1"",[""c0""],""c0"",[],[[""return"",""v1""]]]]],[""c4"",null,[],[[""m4.0"",""q2"",[],null,[""c3"",""c0"",""c0"",""c0"",""c0"",""c0"",""c0"",""c0"",""c0""],[[""new"",""v1"",""c3""],[""new"",""v2"",""c1""],[""new"",""v3"",""c2""],[""invoke"",""v4"",""v1"",""q1"",[""v2""]],[""invoke"",""v5"",""v1"",""q1"",[""v3""]],[""move"",""v6"",""v4""],[""move"",""v7"",""v6""],[""move"",""v8"",""v7""],[""move"",""v9"",""v8""],[""invoke"",null,""v9"",""q0"",[]],[""return"",null]]]]]],[[""s0"",""c4"",""c4""]],[[""e0"",""s0"",""q2"",[]]]]","[[""p0"",""p1"",""p2""],[[""c0"",null,[],[[""m0.0"",""q0"",[],null,[],[[""return"",null]]]]],[""c1"",""c0"",[],[[""m1.0"",""q0"",[],null,[],[[""check"",""p0""],[""return"",null]]]]],[""c2"",""c0"",[],[[""m2.0"",""q0"",[],null,[],[[""check"",""p1""],[""return"",null]]]]],[""c3"",null,[],[[""m3.0"",""q1"",[""c0""],""c0"",[],[[""return"",""v1""]]]]],[""c4"",null,[],[[""m4.0"",""q2"",[],null,[""c3"",""c0"",""c0"",""c0"",""c0"",""c0"",""c0"",""c0"",""c0""],[[""new"",""v1"",""c3""],[""new"",""v2"",""c1""],[""new"",""v3"",""c2""],[""invoke"",""v4"",""v1"",""q1"",[""v2""]],[""invoke"",""v5"",""v1"",""q1"",[""v3""]],[""move"",""v6"",""v4""],[""move"",""v7"",""v6""],[""move"",""v8"",""v7""],[""move"",""v9"",""v8""],[""invoke"",null,""v9"",""q0"",[]],[""return"",null]]]]],[""c5"",""c3"",[],[]]],[[""s0"",""c4"",""c4""]],[[""e0"",""s0"",""q2"",[]]]]"
105,context,0,1,0,3,False,"[[""p0"",""p1"",""p2""],[[""c0"",null,[],[[""m0.0"",""q0"",[],null,[],[[""return"",null]]]]],[""c1"",""c0"",[],[[""m1.0"",""q0"",[],null,[],[[""check"",""p0""],[""return"",null]]]]],[""c2"",""c0"",[],[[""m2.0"",""q0"",[],null,[],[[""check"",""p1""],[""return"",null]]]]],[""c3"",null,[],[[""m3.0"",""q1"",[""c0""],""c0"",[],[[""return"",""v1""]]]]],[""c4"",null,[],[[""m4.0"",""q2"",[],null,[""c3"",""c0"",""c0"",""c0"",""c0"",""c0""],[[""new"",""v1"",""c3""],[""new"",""v2"",""c1""],[""new"",""v3"",""c2""],[""invoke"",""v4"",""v1"",""q1"",[""v2""]],[""invoke"",""v5"",""v1"",""q1"",[""v3""]],[""invoke"",""v6"",""v1"",""q1"",[""v2""]],[""invoke"",null,""v4"",""q0"",[]],[""opaque"",[[""direct"",null,""m4.1"",[]]]],[""return"",null]]],[""m4.1"",""q3"",[],null,[],[[""opaque"",[[""direct"",null,""m4.2"",[]]]],[""return"",null]]],[""m4.2"",""q4"",[],null,[],[[""opaque"",[[""check"",""p2""]]],[""return"",null]]]]]],[[""s0"",""c4"",""c4""]],[[""e0"",""s0"",""q2"",[]]]]","[[""p0"",""p1"",""p2""],[[""c0"",null,[],[[""m0.0"",""q0"",[],null,[],[[""return"",null]]]]],[""c1"",""c0"",[],[[""m1.0"",""q0"",[],null,[],[[""check"",""p0""],[""return"",null]]]]],[""c2"",""c0"",[],[[""m2.0"",""q0"",[],null,[],[[""check"",""p1""],[""return"",null]]]]],[""c3"",null,[],[[""m3.0"",""q1"",[""c0""],""c0"",[],[[""return"",""v1""]]]]],[""c4"",null,[],[[""m4.0"",""q2"",[],null,[""c3"",""c0"",""c0"",""c0"",""c0"",""c0""],[[""new"",""v1"",""c3""],[""new"",""v2"",""c1""],[""new"",""v3"",""c2""],[""invoke"",""v4"",""v1"",""q1"",[""v2""]],[""invoke"",""v5"",""v1"",""q1"",[""v3""]],[""invoke"",""v6"",""v1"",""q1"",[""v2""]],[""invoke"",null,""v5"",""q0"",[]],[""opaque"",[[""direct"",null,""m4.1"",[]]]],[""return"",null]]],[""m4.1"",""q3"",[],null,[],[[""opaque"",[[""direct"",null,""m4.2"",[]]]],[""return"",null]]],[""m4.2"",""q4"",[],null,[],[[""opaque"",[[""check"",""p2""]]],[""return"",null]]]]]],[[""s0"",""c4"",""c4""]],[[""e0"",""s0"",""q2"",[]]]]"
106,context,1,1,0,0,True,"[[""p0"",""p1"",""p2""],[[""c0"",null,[],[[""m0.0"",""q0"",[],null,[],[[""return"",null]]]]],[""c1"",""c0"",[],[[""m1.0"",""q0"",[],null,[],[[""check"",""p0""],[""return"",null]]]]],[""c2"",""c0"",[],[[""m2.0"",""q0"",[],null,[],[[""check"",""p1""],[""return"",null]]]]],[""c3"",null,[],[[""m3.0"",""q1"",[""c0""],""c0"",[],[[""return"",""v1""]]]]],[""c4"",null,[],[[""m4.0"",""q2"",[],null,[""c3"",""c0"",""c0"",""c0"",""c0"",""c0"",""c0""],[[""new"",""v1"",""c3""],[""new"",""v2"",""c1""],[""new"",""v3"",""c2""],[""invoke"",""v4"",""v1"",""q1"",[""v2""]],[""invoke"",""v5"",""v1"",""q1"",[""v3""]],[""invoke"",""v6"",""v1"",""q1"",[""v2""]],[""move"",""v7"",""v4""],[""invoke"",null,""v7"",""q0"",[]],[""return"",null]]]]]],[[""s0"",""c4"",""c4""]],[[""e0"",""s0"",""q2"",[]]]]","[[""p0"",""p1"",""p2""],[[""c0"",null,[],[[""m0.0"",""q0"",[],null,[],[[""return"",null]]]]],[""c1"",""c0"",[],[[""m1.0"",""q0"",[],null,[],[[""check"",""p0""],[""return"",null]]]]],[""c2"",""c0"",[],[[""m2.0"",""q0"",[],null,[],[[""check"",""p1""],[""return"",null]]]]],[""c3"",null,[],[[""m3.0"",""q1"",[""c0""],""c0"",[],[[""return"",""v1""]]]]],[""c4"",null,[],[[""m4.0"",""q2"",[],null,[""c3"",""c0"",""c0"",""c0"",""c0"",""c0"",""c0"",""c0""],[[""new"",""v1"",""c3""],[""new"",""v2"",""c1""],[""new"",""v3"",""c2""],[""invoke"",""v4"",""v1"",""q1"",[""v2""]],[""invoke"",""v5"",""v1"",""q1"",[""v3""]],[""invoke"",""v6"",""v1"",""q1"",[""v2""]],[""move"",""v7"",""v4""],[""move"",""v8"",""v7""],[""invoke"",null,""v8"",""q0"",[]],[""return"",null]]]]]],[[""s0"",""c4"",""c4""]],[[""e0"",""s0"",""q2"",[]]]]"
107,context,2,1,0,0,False,"[[""p0"",""p1"",""p2""],[[""c0"",null,[],[[""m0.0"",""q0"",[],null,[],[[""return"",null]]]]],[""c1"",""c0"",[],[[""m1.0"",""q0"",[],null,[],[[""check"",""p0""],[""return"",null]]]]],[""c2"",""c0"",[],[[""m2.0"",""q0"",[],null,[],[[""check"",""p1""],[""return"",null]]]]],[""c3"",null,[],[[""m3.0"",""q1"",[""c0""],""c0"",[],[[""return"",""v1""]]]]],[""c4"",null,[],[[""m4.0"",""q2"",[],null,[""c3"",""c0"",""c0"",""c0"",""c0"",""c0"",""c0"",""c0""],[[""new"",""v1"",""c3""],[""new"",""v2"",""c1""],[""new"",""v3"",""c2""],[""invoke"",""v4"",""v1"",""q1"",[""v2""]],[""invoke"",""v5"",""v1"",""q1"",[""v3""]],[""invoke"",""v6"",""v1"",""q1"",[""v2""]],[""move"",""v7"",""v4""],[""move"",""v8"",""v7""],[""invoke"",null,""v8"",""q0"",[]],[""return"",null]]]]]],[[""s0"",""c4"",""c4""]],[[""e0"",""s0"",""q2"",[]]]]","[[""p0"",""p1"",""p2""],[[""c0"",null,[],[[""m0.0"",""q0"",[],null,[],[[""return"",null]]]]],[""c1"",""c0"",[],[[""m1.0"",""q0"",[],null,[],[[""check"",""p0""],[""return"",null]]]]],[""c2"",""c0"",[],[[""m2.0"",""q0"",[],null,[],[[""check"",""p1""],[""return"",null]]]]],[""c3"",null,[],[[""m3.0"",""q1"",[""c0""],""c0"",[],[[""return"",""v1""]]]]],[""c4"",null,[],[[""m4.0"",""q2"",[],null,[""c3"",""c0"",""c0"",""c0"",""c0"",""c0"",""c0"",""c0""],[[""new"",""v1"",""c3""],[""new"",""v2"",""c1""],[""new"",""v3"",""c2""],[""invoke"",""v4"",""v1"",""q1"",[""v2""]],[""invoke"",""v5"",""v1"",""q1"",[""v3""]],[""invoke"",""v6"",""v1"",""q1"",[""v2""]],[""move"",""v7"",""v5""],[""move"",""v8"",""v7""],[""invoke"",null,""v8"",""q0"",[]],[""return"",null]]]]]],[[""s0"",""c4"",""c4""]],[[""e0"",""s0"",""q2"",[]]]]"
108,context,3,1,0,0,True,"[[""p0"",""p1"",""p2""],[[""c0"",null,[],[[""m0.0"",""q0"",[],null,[],[[""return"",null]]]]],[""c1"",""c0"",[],[[""m1.0"",""q0"",[],null,[],[[""check"",""p0""],[""return"",null]]]]],[""c2"",""c0"",[],[[""m2.0"",""q0"",[],null,[],[[""check"",""p1""],[""return"",null]]]]],[""c3"",null,[],[[""m3.0"",""q1"",[""c0""],""c0"",[],[[""return"",""v1""]]]]],[""c4"",null,[],[[""m4.0"",""q2"",[],null,[""c3"",""c0"",""c0"",""c0"",""c0"",""c0"",""c0"",""c0"",""c0""],[[""new"",""v1"",""c3""],[""new"",""v2"",""c1""],[""new"",""v3"",""c2""],[""invoke"",""v4"",""v1"",""q1"",[""v2""]],[""invoke"",""v5"",""v1"",""q1"",[""v3""]],[""invoke"",""v6"",""v1"",""q1"",[""v2""]],[""move"",""v7"",""v4""],[""move"",""v8"",""v7""],[""move"",""v9"",""v8""],[""invoke"",null,""v9"",""q0"",[]],[""return"",null]]]]]],[[""s0"",""c4"",""c4""]],[[""e0"",""s0"",""q2"",[]]]]","[[""p0"",""p1"",""p2""],[[""c0"",null,[],[[""m0.0"",""q0"",[],null,[],[[""return"",null]]]]],[""c1"",""c0"",[],[[""m1.0"",""q0"",[],null,[],[[""check"",""p0""],[""return"",null]]]]],[""c2"",""c0"",[],[[""m2.0"",""q0"",[],null,[],[[""check"",""p1""],[""return"",null]]]]],[""c3"",null,[],[[""m3.0"",""q1"",[""c0""],""c0"",[],[[""return"",""v1""]]]]],[""c4"",null,[],[[""m4.0"",""q2"",[],null,[""c3"",""c0"",""c0"",""c0"",""c0"",""c0"",""c0"",""c0"",""c0""],[[""new"",""v1"",""c3""],[""new"",""v2"",""c1""],[""new"",""v3"",""c2""],[""invoke"",""v4"",""v1"",""q1"",[""v2""]],[""invoke"",""v5"",""v1"",""q1"",[""v3""]],[""invoke"",""v6"",""v1"",""q1"",[""v2""]],[""move"",""v7"",""v4""],[""move"",""v8"",""v7""],[""move"",""v9"",""v8""],[""invoke"",null,""v9"",""q0"",[]],[""return"",null]]]]],[""c5"",null,[],[[""m5.0"",""q3"",[],null,[],[[""check"",""p0""],[""return"",null]]]]]],[[""s0"",""c4"",""c4""]],[[""e0"",""s0"",""q2"",[]]]]"
109,context,4,1,0,0,False,"[[""p0"",""p1"",""p2""],[[""c0"",null,[],[[""m0.0"",""q0"",[],null,[],[[""return"",null]]]]],[""c1"",""c0"",[],[[""m1.0"",""q0"",[],null,[],[[""check"",""p0""],[""return"",null]]]]],[""c2"",""c0"",[],[[""m2.0"",""q0"",[],null,[],[[""check"",""p1""],[""return"",null]]]]],[""c3"",null,[],[[""m3.0"",""q1"",[""c0""],""c0"",[],[[""return"",""v1""]]]]],[""c4"",null,[],[[""m4.0"",""q2"",[],null,[""c3"",""c0"",""c0"",""c0"",""c0"",""c0"",""c0"",""c0"",""c0"",""c0""],[[""new"",""v1"",""c3""],[""new"",""v2"",""c1""],[""new"",""v3"",""c2""],[""invoke"",""v4"",""v1"",""q1"",[""v2""]],[""invoke"",""v5"",""v1"",""q1"",[""v3""]],[""invoke"",""v6"",""v1"",""q1"",[""v2""]],[""move"",""v7"",""v4""],[""move"",""v8"",""v7""],[""move"",""v9"",""v8""],[""move"",""v10"",""v9""],[""invoke"",null,""v10"",""q0"",[]],[""return"",null]]]]]],[[""s0"",""c4"",""c4""]],[[""e0"",""s0"",""q2"",[]]]]","[[""p0"",""p1"",""p2""],[[""c0"",null,[],[[""m0.0"",""q0"",[],null,[],[[""return"",null]]]]],[""c1"",""c0"",[],[[""m1.0"",""q0"",[],null,[],[[""check"",""p0""],[""return"",null]]]]],[""c2"",""c0"",[],[[""m2.0"",""q0"",[],null,[],[[""check"",""p1""],[""return"",null]]]]],[""c3"",null,[],[[""m3.0"",""q1"",[""c0""],""c0"",[],[[""return"",""v1""]]]]],[""c4"",null,[],[[""m4.0"",""q2"",[],null,[""c3"",""c0"",""c0"",""c0"",""c0"",""c0"",""c0"",""c0"",""c0"",""c0""],[[""new"",""v1"",""c3""],[""new"",""v2"",""c1""],[""new"",""v3"",""c2""],[""invoke"",""v4"",""v1"",""q1"",[""v2""]],[""invoke"",""v5"",""v1"",""q1"",[""v3""]],[""invoke"",""v6"",""v1"",""q1"",[""v2""]],[""move"",""v7"",""v5""],[""move"",""v8"",""v7""],[""move"",""v9"",""v8""],[""move"",""v10"",""v9""],[""invoke"",null,""v10"",""q0"",[]],[""return"",null]]]]]],[[""s0"",""c4"",""c4""]],[[""e0"",""s0"",""q2"",[]]]]"
110,context,0,2,0,1,True,"[[""p0"",""p1"",""p2""],[[""c0"",null,[],[[""m0.0"",""q0"",[],null,[],[[""return"",null]]]]],[""c1"",""c0"",[],[[""m1.0"",""q0"",[],null,[],[[""check"",""p0""],[""return"",null]]]]],[""c2"",""c0"",[],[[""m2.0"",""q0"",[],null,[],[[""check"",""p1""],[""return"",null]]]]],[""c3"",null,[],[[""m3.0"",""q1"",[""c0""],""c0"",[],[[""return"",""v1""]]]]],[""c4"",null,[],[[""m4.0"",""q2"",[],null,[""c3"",""c0"",""c0"",""c0"",""c0"",""c0"",""c0""],[[""new"",""v1"",""c3""],[""new"",""v2"",""c1""],[""new"",""v3"",""c2""],[""invoke"",""v4"",""v1"",""q1"",[""v2""]],[""invoke"",""v5"",""v1"",""q1"",[""v3""]],[""invoke"",""v6"",""v1"",""q1"",[""v2""]],[""invoke"",""v7"",""v1"",""q1"",[""v3""]],[""invoke"",null,""v4"",""q0"",[]],[""opaque"",[[""check"",""p2""]]],[""return"",null]]]]]],[[""s0"",""c4"",""c4""]],[[""e0"",""s0"",""q2"",[]]]]","[[""p0"",""p1"",""p2""],[[""c0"",null,[],[[""m0.0"",""q0"",[],null,[],[[""return"",null]]]]],[""c1"",""c0"",[],[[""m1.0"",""q0"",[],null,[],[[""check"",""p0""],[""return"",null]]]]],[""c2"",""c0"",[],[[""m2.0"",""q0"",[],null,[],[[""check"",""p1""],[""return"",null]]]]],[""c3"",null,[],[[""m3.0"",""q1"",[""c0""],""c0"",[],[[""return"",""v1""]]]]],[""c4"",null,[],[[""m4.0"",""q2"",[],null,[""c3"",""c0"",""c0"",""c0"",""c0"",""c0"",""c0""],[[""new"",""v1"",""c3""],[""new"",""v2"",""c1""],[""new"",""v3"",""c2""],[""invoke"",""v4"",""v1"",""q1"",[""v2""]],[""invoke"",""v5"",""v1"",""q1"",[""v3""]],[""invoke"",""v6"",""v1"",""q1"",[""v2""]],[""invoke"",""v7"",""v1"",""q1"",[""v3""]],[""invoke"",null,""v4"",""q0"",[]],[""opaque"",[[""check"",""p2""]]],[""return"",null]]]]],[""c5"",""c3"",[],[]]],[[""s0"",""c4"",""c4""]],[[""e0"",""s0"",""q2"",[]]]]"
111,context,1,2,0,0,False,"[[""p0"",""p1"",""p2""],[[""c0"",null,[],[[""m0.0"",""q0"",[],null,[],[[""return"",null]]]]],[""c1"",""c0"",[],[[""m1.0"",""q0"",[],null,[],[[""check"",""p0""],[""return"",null]]]]],[""c2"",""c0"",[],[[""m2.0"",""q0"",[],null,[],[[""check"",""p1""],[""return"",null]]]]],[""c3"",null,[],[[""m3.0"",""q1"",[""c0""],""c0"",[],[[""return"",""v1""]]]]],[""c4"",null,[],[[""m4.0"",""q2"",[],null,[""c3"",""c0"",""c0"",""c0"",""c0"",""c0"",""c0"",""c0""],[[""new"",""v1"",""c3""],[""new"",""v2"",""c1""],[""new"",""v3"",""c2""],[""invoke"",""v4"",""v1"",""q1"",[""v2""]],[""invoke"",""v5"",""v1"",""q1"",[""v3""]],[""invoke"",""v6"",""v1"",""q1"",[""v2""]],[""invoke"",""v7"",""v1"",""q1"",[""v3""]],[""move"",""v8"",""v4""],[""invoke"",null,""v8"",""q0"",[]],[""return"",null]]]]]],[[""s0"",""c4"",""c4""]],[[""e0"",""s0"",""q2"",[]]]]","[[""p0"",""p1"",""p2""],[[""c0"",null,[],[[""m0.0"",""q0"",[],null,[],[[""return"",null]]]]],[""c1"",""c0"",[],[[""m1.0"",""q0"",[],null,[],[[""check"",""p0""],[""return"",null]]]]],[""c2"",""c0"",[],[[""m2.0"",""q0"",[],null,[],[[""check"",""p1""],[""return"",null]]]]],[""c3"",null,[],[[""m3.0"",""q1"",[""c0""],""c0"",[],[[""return"",""v1""]]]]],[""c4"",null,[],[[""m4.0"",""q2"",[],null,[""c3"",""c0"",""c0"",""c0"",""c0"",""c0"",""c0"",""c0""],[[""new"",""v1"",""c3""],[""new"",""v2"",""c1""],[""new"",""v3"",""c2""],[""invoke"",""v4"",""v1"",""q1"",[""v2""]],[""invoke"",""v5"",""v1"",""q1"",[""v3""]],[""invoke"",""v6"",""v1"",""q1"",[""v2""]],[""invoke"",""v7"",""v1"",""q1"",[""v3""]],[""move"",""v8"",""v5""],[""invoke"",null,""v8"",""q0"",[]],[""return"",null]]]]]],[[""s0"",""c4"",""c4""]],[[""e0"",""s0"",""q2"",[]]]]"
112,context,2,2,0,0,True,"[[""p0"",""p1"",""p2""],[[""c0"",null,[],[[""m0.0"",""q0"",[],null,[],[[""return"",null]]]]],[""c1"",""c0"",[],[[""m1.0"",""q0"",[],null,[],[[""check"",""p0""],[""return"",null]]]]],[""c2"",""c0"",[],[[""m2.0"",""q0"",[],null,[],[[""check"",""p1""],[""return"",null]]]]],[""c3"",null,[],[[""m3.0"",""q1"",[""c0""],""c0"",[],[[""return"",""v1""]]]]],[""c4"",null,[],[[""m4.0"",""q2"",[],null,[""c3"",""c0"",""c0"",""c0"",""c0"",""c0"",""c0"",""c0"",""c0""],[[""new"",""v1"",""c3""],[""new"",""v2"",""c1""],[""new"",""v3"",""c2""],[""invoke"",""v4"",""v1"",""q1"",[""v2""]],[""invoke"",""v5"",""v1"",""q1"",[""v3""]],[""invoke"",""v6"",""v1"",""q1"",[""v2""]],[""invoke"",""v7"",""v1"",""q1"",[""v3""]],[""move"",""v8"",""v4""],[""move"",""v9"",""v8""],[""invoke"",null,""v9"",""q0"",[]],[""return"",null]]]]]],[[""s0"",""c4"",""c4""]],[[""e0"",""s0"",""q2"",[]]]]","[[""p0"",""p1"",""p2""],[[""c0"",null,[],[[""m0.0"",""q0"",[],null,[],[[""return"",null]]]]],[""c1"",""c0"",[],[[""m1.0"",""q0"",[],null,[],[[""check"",""p0""],[""return"",null]]]]],[""c2"",""c0"",[],[[""m2.0"",""q0"",[],null,[],[[""check"",""p1""],[""return"",null]]]]],[""c3"",null,[],[[""m3.0"",""q1"",[""c0""],""c0"",[],[[""return"",""v1""]]]]],[""c4"",null,[],[[""m4.0"",""q2"",[],null,[""c3"",""c0"",""c0"",""c0"",""c0"",""c0"",""c0"",""c0"",""c0"",""c0""],[[""new"",""v1"",""c3""],[""new"",""v2"",""c1""],[""new"",""v3"",""c2""],[""invoke"",""v4"",""v1"",""q1"",[""v2""]],[""invoke"",""v5"",""v1"",""q1"",[""v3""]],[""invoke"",""v6"",""v1"",""q1"",[""v2""]],[""invoke"",""v7"",""v1"",""q1"",[""v3""]],[""move"",""v8"",""v4""],[""move"",""v9"",""v8""],[""move"",""v10"",""v9""],[""invoke"",null,""v10"",""q0"",[]],[""return"",null]]]]]],[[""s0"",""c4"",""c4""]],[[""e0"",""s0"",""q2"",[]]]]"
113,context,3,2,0,0,False,"[[""p0"",""p1"",""p2""],[[""c0"",null,[],[[""m0.0"",""q0"",[],null,[],[[""return"",null]]]]],[""c1"",""c0"",[],[[""m1.0"",""q0"",[],null,[],[[""check"",""p0""],[""return"",null]]]]],[""c2"",""c0"",[],[[""m2.0"",""q0"",[],null,[],[[""check"",""p1""],[""return"",null]]]]],[""c3"",null,[],[[""m3.0"",""q1"",[""c0""],""c0"",[],[[""return"",""v1""]]]]],[""c4"",null,[],[[""m4.0"",""q2"",[],null,[""c3"",""c0"",""c0"",""c0"",""c0"",""c0"",""c0"",""c0"",""c0"",""c0""],[[""new"",""v1"",""c3""],[""new"",""v2"",""c1""],[""new"",""v3"",""c2""],[""invoke"",""v4"",""v1"",""q1"",[""v2""]],[""invoke"",""v5"",""v1"",""q1"",[""v3""]],[""invoke"",""v6"",""v1"",""q1"",[""v2""]],[""invoke"",""v7"",""v1"",""q1"",[""v3""]],[""move"",""v8"",""v4""],[""move"",""v9"",""v8""],[""move"",""v10"",""v9""],[""invoke"",null,""v10"",""q0"",[]],[""return"",null]]]]]],[[""s0"",""c4"",""c4""]],[[""e0"",""s0"",""q2"",[]]]]","[[""p0"",""p1"",""p2""],[[""c0"",null,[],[[""m0.0"",""q0"",[],null,[],[[""return"",null]]]]],[""c1"",""c0"",[],[[""m1.0"",""q0"",[],null,[],[[""check"",""p0""],[""return"",null]]]]],[""c2"",""c0"",[],[[""m2.0"",""q0"",[],null,[],[[""check"",""p1""],[""return"",null]]]]],[""c3"",null,[],[[""m3.0"",""q1"",[""c0""],""c0"",[],[[""return"",""v1""]]]]],[""c4"",null,[],[[""m4.0"",""q2"",[],null,[""c3"",""c0"",""c0"",""c0"",""c0"",""c0"",""c0"",""c0"",""c0"",""c0""],[[""new"",""v1"",""c3""],[""new"",""v2"",""c1""],[""new"",""v3"",""c2""],[""invoke"",""v4"",""v1"",""q1"",[""v2""]],[""invoke"",""v5"",""v1"",""q1"",[""v3""]],[""invoke"",""v6"",""v1"",""q1"",[""v2""]],[""invoke"",""v7"",""v1"",""q1"",[""v3""]],[""move"",""v8"",""v5""],[""move"",""v9"",""v8""],[""move"",""v10"",""v9""],[""invoke"",null,""v10"",""q0"",[]],[""return"",null]]]]]],[[""s0"",""c4"",""c4""]],[[""e0"",""s0"",""q2"",[]]]]"
114,context,4,2,0,0,True,"[[""p0"",""p1"",""p2""],[[""c0"",null,[],[[""m0.0"",""q0"",[],null,[],[[""return"",null]]]]],[""c1"",""c0"",[],[[""m1.0"",""q0"",[],null,[],[[""check"",""p0""],[""return"",null]]]]],[""c2"",""c0"",[],[[""m2.0"",""q0"",[],null,[],[[""check"",""p1""],[""return"",null]]]]],[""c3"",null,[],[[""m3.0"",""q1"",[""c0""],""c0"",[],[[""return"",""v1""]]]]],[""c4"",null,[],[[""m4.0"",""q2"",[],null,[""c3"",""c0"",""c0"",""c0"",""c0"",""c0"",""c0"",""c0"",""c0"",""c0"",""c0""],[[""new"",""v1"",""c3""],[""new"",""v2"",""c1""],[""new"",""v3"",""c2""],[""invoke"",""v4"",""v1"",""q1"",[""v2""]],[""invoke"",""v5"",""v1"",""q1"",[""v3""]],[""invoke"",""v6"",""v1"",""q1"",[""v2""]],[""invoke"",""v7"",""v1"",""q1"",[""v3""]],[""move"",""v8"",""v4""],[""move"",""v9"",""v8""],[""move"",""v10"",""v9""],[""move"",""v11"",""v10""],[""invoke"",null,""v11"",""q0"",[]],[""return"",null]]]]]],[[""s0"",""c4"",""c4""]],[[""e0"",""s0"",""q2"",[]]]]","[[""p0"",""p1"",""p2""],[[""c0"",null,[],[[""m0.0"",""q0"",[],null,[],[[""return"",null]]]]],[""c1"",""c0"",[],[[""m1.0"",""q0"",[],null,[],[[""check"",""p0""],[""return"",null]]]]],[""c2"",""c0"",[],[[""m2.0"",""q0"",[],null,[],[[""check"",""p1""],[""return"",null]]]]],[""c3"",null,[],[[""m3.0"",""q1"",[""c0""],""c0"",[],[[""return"",""v1""]]]]],[""c4"",null,[],[[""m4.0"",""q2"",[],null,[""c3"",""c0"",""c0"",""c0"",""c0"",""c0"",""c0"",""c0"",""c0"",""c0"",""c0""],[[""new"",""v1"",""c3""],[""new"",""v2"",""c1""],[""new"",""v3"",""c2""],[""invoke"",""v4"",""v1"",""q1"",[""v2""]],[""invoke"",""v5"",""v1"",""q1"",[""v3""]],[""invoke"",""v6"",""v1"",""q1"",[""v2""]],[""invoke"",""v7"",""v1"",""q1"",[""v3""]],[""move"",""v8"",""v4""],[""move"",""v9"",""v8""],[""move"",""v10"",""v9""],[""move"",""v11"",""v10""],[""invoke"",null,""v11"",""q0"",[]],[""return"",null]]]]],[""c5"",null,[],[[""m5.0"",""q3"",[],null,[],[[""check"",""p0""],[""return"",null]]]]]],[[""s0"",""c4"",""c4""]],[[""e0"",""s0"",""q2"",[]]]]"
115,context,0,3,0,2,False,"[[""p0"",""p1"",""p2""],[[""c0"",null,[],[[""m0.0"",""q0"",[],null,[],[[""return"",null]]]]],[""c1"",""c0"",[],[[""m1.0"",""q0"",[],null,[],[[""check"",""p0""],[""return"",null]]]]],[""c2"",""c0"",[],[[""m2.0"",""q0"",[],null,[],[[""check"",""p1""],[""return"",null]]]]],[""c3"",null,[],[[""m3.0"",""q1"",[""c0""],""c0"",[],[[""return"",""v1""]]]]],[""c4"",null,[],[[""m4.0"",""q2"",[],null,[""c3"",""c0"",""c0"",""c0"",""c0"",""c0"",""c0"",""c0""],[[""new"",""v1"",""c3""],[""new"",""v2"",""c1""],[""new"",""v3"",""c2""],[""invoke"",""v4"",""v1"",""q1"",[""v2""]],[""invoke"",""v5"",""v1"",""q1"",[""v3""]],[""invoke"",""v6"",""v1"",""q1"",[""v2""]],[""invoke"",""v7"",""v1"",""q1"",[""v3""]],[""invoke"",""v8"",""v1"",""q1"",[""v2""]],[""invoke"",null,""v4"",""q0"",[]],[""opaque"",[[""direct"",null,""m4.1"",[]]]],[""return"",null]]],[""m4.1"",""q3"",[],null,[],[[""opaque"",[[""check"",""p2""]]],[""return"",null]]]]]],[[""s0"",""c4"",""c4""]],[[""e0"",""s0"",""q2"",[]]]]","[[""p0"",""p1"",""p2""],[[""c0"",null,[],[[""m0.0"",""q0"",[],null,[],[[""return"",null]]]]],[""c1"",""c0"",[],[[""m1.0"",""q0"",[],null,[],[[""check"",""p0""],[""return"",null]]]]],[""c2"",""c0"",[],[[""m2.0"",""q0"",[],null,[],[[""check"",""p1""],[""return"",null]]]]],[""c3"",null,[],[[""m3.0"",""q1"",[""c0""],""c0"",[],[[""return"",""v1""]]]]],[""c4"",null,[],[[""m4.0"",""q2"",[],null,[""c3"",""c0"",""c0"",""c0"",""c0"",""c0"",""c0"",""c0""],[[""new"",""v1"",""c3""],[""new"",""v2"",""c1""],[""new"",""v3"",""c2""],[""invoke"",""v4"",""v1"",""q1"",[""v2""]],[""invoke"",""v5"",""v1"",""q1"",[""v3""]],[""invoke"",""v6"",""v1"",""q1"",[""v2""]],[""invoke"",""v7"",""v1"",""q1"",[""v3""]],[""invoke"",""v8"",""v1"",""q1"",[""v2""]],[""invoke"",null,""v5"",""q0"",[]],[""opaque"",[[""direct"",null,""m4.1"",[]]]],[""return"",null]]],[""m4.1"",""q3"",[],null,[],[[""opaque"",[[""check"",""p2""]]],[""return"",null]]]]]],[[""s0"",""c4"",""c4""]],[[""e0"",""s0"",""q2"",[]]]]"
116,context,1,3,0,0,True,"[[""p0"",""p1"",""p2""],[[""c0"",null,[],[[""m0.0"",""q0"",[],null,[],[[""return"",null]]]]],[""c1"",""c0"",[],[[""m1.0"",""q0"",[],null,[],[[""check"",""p0""],[""return"",null]]]]],[""c2"",""c0"",[],[[""m2.0"",""q0"",[],null,[],[[""check"",""p1""],[""return"",null]]]]],[""c3"",null,[],[[""m3.0"",""q1"",[""c0""],""c0"",[],[[""return"",""v1""]]]]],[""c4"",null,[],[[""m4.0"",""q2"",[],null,[""c3"",""c0"",""c0"",""c0"",""c0"",""c0"",""c0"",""c0"",""c0""],[[""new"",""v1"",""c3""],[""new"",""v2"",""c1""],[""new"",""v3"",""c2""],[""invoke"",""v4"",""v1"",""q1"",[""v2""]],[""invoke"",""v5"",""v1"",""q1"",[""v3""]],[""invoke"",""v6"",""v1"",""q1"",[""v2""]],[""invoke"",""v7"",""v1"",""q1"",[""v3""]],[""invoke"",""v8"",""v1"",""q1"",[""v2""]],[""move"",""v9"",""v4""],[""invoke"",null,""v9"",""q0"",[]],[""return"",null]]]]]],[[""s0"",""c4"",""c4""]],[[""e0"",""s0"",""q2"",[]]]]","[[""p0"",""p1"",""p2""],[[""c0"",null,[],[[""m0.0"",""q0"",[],null,[],[[""return"",null]]]]],[""c1"",""c0"",[],[[""m1.0"",""q0"",[],null,[],[[""check"",""p0""],[""return"",null]]]]],[""c2"",""c0"",[],[[""m2.0"",""q0"",[],null,[],[[""check"",""p1""],[""return"",null]]]]],[""c3"",null,[],[[""m3.0"",""q1"",[""c0""],""c0"",[],[[""return"",""v1""]]]]],[""c4"",null,[],[[""m4.0"",""q2"",[],null,[""c3"",""c0"",""c0"",""c0"",""c0"",""c0"",""c0"",""c0"",""c0""],[[""new"",""v1"",""c3""],[""new"",""v2"",""c1""],[""new"",""v3"",""c2""],[""invoke"",""v4"",""v1"",""q1"",[""v2""]],[""invoke"",""v5"",""v1"",""q1"",[""v3""]],[""invoke"",""v6"",""v1"",""q1"",[""v2""]],[""invoke"",""v7"",""v1"",""q1"",[""v3""]],[""invoke"",""v8"",""v1"",""q1"",[""v2""]],[""move"",""v9"",""v4""],[""invoke"",null,""v9"",""q0"",[]],[""return"",null]]]]],[""c5"",""c3"",[],[]]],[[""s0"",""c4"",""c4""]],[[""e0"",""s0"",""q2"",[]]]]"
117,context,2,3,0,0,False,"[[""p0"",""p1"",""p2""],[[""c0"",null,[],[[""m0.0"",""q0"",[],null,[],[[""return"",null]]]]],[""c1"",""c0"",[],[[""m1.0"",""q0"",[],null,[],[[""check"",""p0""],[""return"",null]]]]],[""c2"",""c0"",[],[[""m2.0"",""q0"",[],null,[],[[""check"",""p1""],[""return"",null]]]]],[""c3"",null,[],[[""m3.0"",""q1"",[""c0""],""c0"",[],[[""return"",""v1""]]]]],[""c4"",null,[],[[""m4.0"",""q2"",[],null,[""c3"",""c0"",""c0"",""c0"",""c0"",""c0"",""c0"",""c0"",""c0"",""c0""],[[""new"",""v1"",""c3""],[""new"",""v2"",""c1""],[""new"",""v3"",""c2""],[""invoke"",""v4"",""v1"",""q1"",[""v2""]],[""invoke"",""v5"",""v1"",""q1"",[""v3""]],[""invoke"",""v6"",""v1"",""q1"",[""v2""]],[""invoke"",""v7"",""v1"",""q1"",[""v3""]],[""invoke"",""v8"",""v1"",""q1"",[""v2""]],[""move"",""v9"",""v4""],[""move"",""v10"",""v9""],[""invoke"",null,""v10"",""q0"",[]],[""return"",null]]]]]],[[""s0"",""c4"",""c4""]],[[""e0"",""s0"",""q2"",[]]]]","[[""p0"",""p1"",""p2""],[[""c0"",null,[],[[""m0.0"",""q0"",[],null,[],[[""return"",null]]]]],[""c1"",""c0"",[],[[""m1.0"",""q0"",[],null,[],[[""check"",""p0""],[""return"",null]]]]],[""c2"",""c0"",[],[[""m2.0"",""q0"",[],null,[],[[""check"",""p1""],[""return"",null]]]]],[""c3"",null,[],[[""m3.0"",""q1"",[""c0""],""c0"",[],[[""return"",""v1""]]]]],[""c4"",null,[],[[""m4.0"",""q2"",[],null,[""c3"",""c0"",""c0"",""c0"",""c0"",""c0"",""c0"",""c0"",""c0"",""c0""],[[""new"",""v1"",""c3""],[""new"",""v2"",""c1""],[""new"",""v3"",""c2""],[""invoke"",""v4"",""v1"",""q1"",[""v2""]],[""invoke"",""v5"",""v1"",""q1"",[""v3""]],[""invoke"",""v6"",""v1"",""q1"",[""v2""]],[""invoke"",""v7"",""v1"",""q1"",[""v3""]],[""invoke"",""v8"",""v1"",""q1"",[""v2""]],[""move"",""v9"",""v5""],[""move"",""v10"",""v9""],[""invoke"",null,""v10"",""q0"",[]],[""return"",null]]]]]],[[""s0"",""c4"",""c4""]],[[""e0"",""s0"",""q2"",[]]]]"
118,context,3,3,0,0,True,"[[""p0"",""p1"",""p2""],[[""c0"",null,[],[[""m0.0"",""q0"",[],null,[],[[""return"",null]]]]],[""c1"",""c0"",[],[[""m1.0"",""q0"",[],null,[],[[""check"",""p0""],[""return"",null]]]]],[""c2"",""c0"",[],[[""m2.0"",""q0"",[],null,[],[[""check"",""p1""],[""return"",null]]]]],[""c3"",null,[],[[""m3.0"",""q1"",[""c0""],""c0"",[],[[""return"",""v1""]]]]],[""c4"",null,[],[[""m4.0"",""q2"",[],null,[""c3"",""c0"",""c0"",""c0"",""c0"",""c0"",""c0"",""c0"",""c0"",""c0"",""c0""],[[""new"",""v1"",""c3""],[""new"",""v2"",""c1""],[""new"",""v3"",""c2""],[""invoke"",""v4"",""v1"",""q1"",[""v2""]],[""invoke"",""v5"",""v1"",""q1"",[""v3""]],[""invoke"",""v6"",""v1"",""q1"",[""v2""]],[""invoke"",""v7"",""v1"",""q1"",[""v3""]],[""invoke"",""v8"",""v1"",""q1"",[""v2""]],[""move"",""v9"",""v4""],[""move"",""v10"",""v9""],[""move"",""v11"",""v10""],[""invoke"",null,""v11"",""q0"",[]],[""return"",null]]]]]],[[""s0"",""c4"",""c4""]],[[""e0"",""s0"",""q2"",[]]]]","[[""p0"",""p1"",""p2""],[[""c0"",null,[],[[""m0.0"",""q0"",[],null,[],[[""return"",null]]]]],[""c1"",""c0"",[],[[""m1.0"",""q0"",[],null,[],[[""check"",""p0""],[""return"",null]]]]],[""c2"",""c0"",[],[[""m2.0"",""q0"",[],null,[],[[""check"",""p1""],[""return"",null]]]]],[""c3"",null,[],[[""m3.0"",""q1"",[""c0""],""c0"",[],[[""return"",""v1""]]]]],[""c4"",null,[],[[""m4.0"",""q2"",[],null,[""c3"",""c0"",""c0"",""c0"",""c0"",""c0"",""c0"",""c0"",""c0"",""c0"",""c0"",""c0""],[[""new"",""v1"",""c3""],[""new"",""v2"",""c1""],[""new"",""v3"",""c2""],[""invoke"",""v4"",""v1"",""q1"",[""v2""]],[""invoke"",""v5"",""v1"",""q1"",[""v3""]],[""invoke"",""v6"",""v1"",""q1"",[""v2""]],[""invoke"",""v7"",""v1"",""q1"",[""v3""]],[""invoke"",""v8"",""v1"",""q1"",[""v2""]],[""move"",""v9"",""v4""],[""move"",""v10"",""v9""],[""move"",""v11"",""v10""],[""move"",""v12"",""v11""],[""invoke"",null,""v12"",""q0"",[]],[""return"",null]]]]]],[[""s0"",""c4"",""c4""]],[[""e0"",""s0"",""q2"",[]]]]"
119,context,4,3,0,0,False,"[[""p0"",""p1"",""p2""],[[""c0"",null,[],[[""m0.0"",""q0"",[],null,[],[[""return"",null]]]]],[""c1"",""c0"",[],[[""m1.0"",""q0"",[],null,[],[[""check"",""p0""],[""return"",null]]]]],[""c2"",""c0"",[],[[""m2.0"",""q0"",[],null,[],[[""check"",""p1""],[""return"",null]]]]],[""c3"",null,[],[[""m3.0"",""q1"",[""c0""],""c0"",[],[[""return"",""v1""]]]]],[""c4"",null,[],[[""m4.0"",""q2"",[],null,[""c3"",""c0"",""c0"",""c0"",""c0"",""c0"",""c0"",""c0"",""c0"",""c0"",""c0"",""c0""],[[""new"",""v1"",""c3""],[""new"",""v2"",""c1""],[""new"",""v3"",""c2""],[""invoke"",""v4"",""v1"",""q1"",[""v2""]],[""invoke"",""v5"",""v1"",""q1"",[""v3""]],[""invoke"",""v6"",""v1"",""q1"",[""v2""]],[""invoke"",""v7"",""v1"",""q1"",[""v3""]],[""invoke"",""v8"",""v1"",""q1"",[""v2""]],[""move"",""v9"",""v4""],[""move"",""v10"",""v9""],[""move"",""v11"",""v10""],[""move"",""v12"",""v11""],[""invoke"",null,""v12"",""q0"",[]],[""return"",null]]]]]],[[""s0"",""c4"",""c4""]],[[""e0"",""s0"",""q2"",[]]]]","[[""p0"",""p1"",""p2""],[[""c0"",null,[],[[""m0.0"",""q0"",[],null,[],[[""return"",null]]]]],[""c1"",""c0"",[],[[""m1.0"",""q0"",[],null,[],[[""check"",""p0""],[""return"",null]]]]],[""c2"",""c0"",[],[[""m2.0"",""q0"",[],null,[],[[""check"",""p1""],[""return"",null]]]]],[""c3"",null,[],[[""m3.0"",""q1"",[""c0""],""c0"",[],[[""return"",""v1""]]]]],[""c4"",null,[],[[""m4.0"",""q2"",[],null,[""c3"",""c0"",""c0"",""c0"",""c0"",""c0"",""c0"",""c0"",""c0"",""c0"",""c0"",""c0""],[[""new"",""v1"",""c3""],[""new"",""v2"",""c1""],[""new"",""v3"",""c2""],[""invoke"",""v4"",""v1"",""q1"",[""v2""]],[""invoke"",""v5"",""v1"",""q1"",[""v3""]],[""invoke"",""v6"",""v1"",""q1"",[""v2""]],[""invoke"",""v7"",""v1"",""q1"",[""v3""]],[""invoke"",""v8"",""v1"",""q1"",[""v2""]],[""move"",""v9"",""v5""],[""move"",""v10"",""v9""],[""move"",""v11"",""v10""],[""move"",""v12"",""v11""],[""invoke"",null,""v12"",""q0"",[]],[""return"",null]]]]]],[[""s0"",""c4"",""c4""]],[[""e0"",""s0"",""q2"",[]]]]"
120,context,0,4,0,3,True,"[[""p0"",""p1"",""p2""],[[""c0"",null,[],[[""m0.0"",""q0"",[],null,[],[[""return"",null]]]]],[""c1"",""c0"",[],[[""m1.0"",""q0"",[],null,[],[[""check"",""p0""],[""return"",null]]]]],[""c2"",""c0"",[],[[""m2.0"",""q0"",[],null,[],[[""check"",""p1""],[""return"",null]]]]],[""c3"",null,[],[[""m3.0"",""q1"",[""c0""],""c0"",[],[[""return"",""v1""]]]]],[""c4"",null,[],[[""m4.0"",""q2"",[],null,[""c3"",""c0"",""c0"",""c0"",""c0"",""c0"",""c0"",""c0"",""c0""],[[""new"",""v1"",""c3""],[""new"",""v2"",""c1""],[""new"",""v3"",""c2""],[""invoke"",""v4"",""v1"",""q1"",[""v2""]],[""invoke"",""v5"",""v1"",""q1"",[""v3""]],[""invoke"",""v6"",""v1"",""q1"",[""v2""]],[""invoke"",""v7"",""v1"",""q1"",[""v3""]],[""invoke"",""v8"",""v1"",""q1"",[""v2""]],[""invoke"",""v9"",""v1"",""q1"",[""v3""]],[""invoke"",null,""v4"",""q0"",[]],[""opaque"",[[""direct"",null,""m4.1"",[]]]],[""return"",null]]],[""m4.1"",""q3"",[],null,[],[[""opaque"",[[""direct"",null,""m4.2"",[]]]],[""return"",null]]],[""m4.2"",""q4"",[],null,[],[[""opaque"",[[""check"",""p2""]]],[""return"",null]]]]]],[[""s0"",""c4"",""c4""]],[[""e0"",""s0"",""q2"",[]]]]","[[""p0"",""p1"",""p2""],[[""c0"",null,[],[[""m0.0"",""q0"",[],null,[],[[""return"",null]]]]],[""c1"",""c0"",[],[[""m1.0"",""q0"",[],null,[],[[""check"",""p0""],[""return"",null]]]]],[""c2"",""c0"",[],[[""m2.0"",""q0"",[],null,[],[[""check"",""p1""],[""return"",null]]]]],[""c3"",null,[],[[""m3.0"",""q1"",[""c0""],""c0"",[],[[""return"",""v1""]]]]],[""c4"",null,[],[[""m4.0"",""q2"",[],null,[""c3"",""c0"",""c0"",""c0"",""c0"",""c0"",""c0"",""c0"",""c0""],[[""new"",""v1"",""c3""],[""new"",""v2"",""c1""],[""new"",""v3"",""c2""],[""invoke"",""v4"",""v1"",""q1"",[""v2""]],[""invoke"",""v5"",""v1"",""q1"",[""v3""]],[""invoke"",""v6"",""v1"",""q1"",[""v2""]],[""invoke"",""v7"",""v1"",""q1"",[""v3""]],[""invoke"",""v8"",""v1"",""q1"",[""v2""]],[""invoke"",""v9"",""v1"",""q1"",[""v3""]],[""invoke"",null,""v4"",""q0"",[]],[""opaque"",[[""direct"",null,""m4.1"",[]]]],[""return"",null]]],[""m4.1"",""q3"",[],null,[],[[""opaque"",[[""direct"",null,""m4.2"",[]]]],[""return"",null]]],[""m4.2"",""q4"",[],null,[],[[""opaque"",[[""check"",""p2""]]],[""return"",null]]]]],[""c5"",null,[],[[""m5.0"",""q5"",[],null,[],[[""check"",""p0""],[""return"",null]]]]]],[[""s0"",""c4"",""c4""]],[[""e0"",""s0"",""q2"",[]]]]"
121,context,1,4,0,0,False,"[[""p0"",""p1"",""p2""],[[""c0"",null,[],[[""m0.0"",""q0"",[],null,[],[[""return"",null]]]]],[""c1"",""c0"",[],[[""m1.0"",""q0"",[],null,[],[[""check"",""p0""],[""return"",null]]]]],[""c2"",""c0"",[],[[""m2.0"",""q0"",[],null,[],[[""check"",""p1""],[""return"",null]]]]],[""c3"",null,[],[[""m3.0"",""q1"",[""c0""],""c0"",[],[[""return"",""v1""]]]]],[""c4"",null,[],[[""m4.0"",""q2"",[],null,[""c3"",""c0"",""c0"",""c0"",""c0"",""c0"",""c0"",""c0"",""c0"",""c0""],[[""new"",""v1"",""c3""],[""new"",""v2"",""c1""],[""new"",""v3"",""c2""],[""invoke"",""v4"",""v1"",""q1"",[""v2""]],[""invoke"",""v5"",""v1"",""q1"",[""v3""]],[""invoke"",""v6"",""v1"",""q1"",[""v2""]],[""invoke"",""v7"",""v1"",""q1"",[""v3""]],[""invoke"",""v8"",""v1"",""q1"",[""v2""]],[""invoke"",""v9"",""v1"",""q1"",[""v3""]],[""move"",""v10"",""v4""],[""invoke"",null,""v10"",""q0"",[]],[""return"",null]]]]]],[[""s0"",""c4"",""c4""]],[[""e0"",""s0"",""q2"",[]]]]","[[""p0"",""p1"",""p2""],[[""c0"",null,[],[[""m0.0"",""q0"",[],null,[],[[""return"",null]]]]],[""c1"",""c0"",[],[[""m1.0"",""q0"",[],null,[],[[""check"",""p0""],[""return"",null]]]]],[""c2"",""c0"",[],[[""m2.0"",""q0"",[],null,[],[[""check"",""p1""],[""return"",null]]]]],[""c3"",null,[],[[""m3.0"",""q1"",[""c0""],""c0"",[],[[""return"",""v1""]]]]],[""c4"",null,[],[[""m4.0"",""q2"",[],null,[""c3"",""c0"",""c0"",""c0"",""c0"",""c0"",""c0"",""c0"",""c0"",""c0""],[[""new"",""v1"",""c3""],[""new"",""v2"",""c1""],[""new"",""v3"",""c2""],[""invoke"",""v4"",""v1"",""q1"",[""v2""]],[""invoke"",""v5"",""v1"",""q1"",[""v3""]],[""invoke"",""v6"",""v1"",""q1"",[""v2""]],[""invoke"",""v7"",""v1"",""q1"",[""v3""]],[""invoke"",""v8"",""v1"",""q1"",[""v2""]],[""invoke"",""v9"",""v1"",""q1"",[""v3""]],[""move"",""v10"",""v5""],[""invoke"",null,""v10"",""q0"",[]],[""return"",null]]]]]],[[""s0"",""c4"",""c4""]],[[""e0"",""s0"",""q2"",[]]]]"
122,context,2,4,0,0,True,"[[""p0"",""p1"",""p2""],[[""c0"",null,[],[[""m0.0"",""q0"",[],null,[],[[""return"",null]]]]],[""c1"",""c0"",[],[[""m1.0"",""q0"",[],null,[],[[""check"",""p0""],[""return"",null]]]]],[""c2"",""c0"",[],[[""m2.0"",""q0"",[],null,[],[[""check"",""p1""],[""return"",null]]]]],[""c3"",null,[],[[""m3.0"",""q1"",[""c0""],""c0"",[],[[""return"",""v1""]]]]],[""c4"",null,[],[[""m4.0"",""q2"",[],null,[""c3"",""c0"",""c0"",""c0"",""c0"",""c0"",""c0"",""c0"",""c0"",""c0"",""c0""],[[""new"",""v1"",""c3""],[""new"",""v2"",""c1""],[""new"",""v3"",""c2""],[""invoke"",""v4"",""v1"",""q1"",[""v2""]],[""invoke"",""v5"",""v1"",""q1"",[""v3""]],[""invoke"",""v6"",""v1"",""q1"",[""v2""]],[""invoke"",""v7"",""v1"",""q1"",[""v3""]],[""invoke"",""v8"",""v1"",""q1"",[""v2""]],[""invoke"",""v9"",""v1"",""q1"",[""v3""]],[""move"",""v10"",""v4""],[""move"",""v11"",""v10""],[""invoke"",null,""v11"",""q0"",[]],[""return"",null]]]]]],[[""s0"",""c4"",""c4""]],[[""e0"",""s0"",""q2"",[]]]]","[[""p0"",""p1"",""p2""],[[""c0"",null,[],[[""m0.0"",""q0"",[],null,[],[[""return"",null]]]]],[""c1"",""c0"",[],[[""m1.0"",""q0"",[],null,[],[[""check"",""p0""],[""return"",null]]]]],[""c2"",""c0"",[],[[""m2.0"",""q0"",[],null,[],[[""check"",""p1""],[""return"",null]]]]],[""c3"",null,[],[[""m3.0"",""q1"",[""c0""],""c0"",[],[[""return"",""v1""]]]]],[""c4"",null,[],[[""m4.0"",""q2"",[],null,[""c3"",""c0"",""c0"",""c0"",""c0"",""c0"",""c0"",""c0"",""c0"",""c0"",""c0""],[[""new"",""v1"",""c3""],[""new"",""v2"",""c1""],[""new"",""v3"",""c2""],[""invoke"",""v4"",""v1"",""q1"",[""v2""]],[""invoke"",""v5"",""v1"",""q1"",[""v3""]],[""invoke"",""v6"",""v1"",""q1"",[""v2""]],[""invoke"",""v7"",""v1"",""q1"",[""v3""]],[""invoke"",""v8"",""v1"",""q1"",[""v2""]],[""invoke"",""v9"",""v1"",""q1"",[""v3""]],[""move"",""v10"",""v4""],[""move"",""v11"",""v10""],[""invoke"",null,""v11"",""q0"",[]],[""return"",null]]]]],[""c5"",""c3"",[],[]]],[[""s0"",""c4"",""c4""]],[[""e0"",""s0"",""q2"",[]]]]"
123,context,3,4,0,0,False,"[[""p0"",""p1"",""p2""],[[""c0"",null,[],[[""m0.0"",""q0"",[],null,[],[[""return"",null]]]]],[""c1"",""c0"",[],[[""m1.0"",""q0"",[],null,[],[[""check"",""p0""],[""return"",null]]]]],[""c2"",""c0"",[],[[""m2.0"",""q0"",[],null,[],[[""check"",""p1""],[""return"",null]]]]],[""c3"",null,[],[[""m3.0"",""q1"",[""c0""],""c0"",[],[[""return"",""v1""]]]]],[""c4"",null,[],[[""m4.0"",""q2"",[],null,[""c3"",""c0"",""c0"",""c0"",""c0"",""c0"",""c0"",""c0"",""c0"",""c0"",""c0"",""c0""],[[""new"",""v1"",""c3""],[""new"",""v2"",""c1""],[""new"",""v3"",""c2""],[""invoke"",""v4"",""v1"",""q1"",[""v2""]],[""invoke"",""v5"",""v1"",""q1"",[""v3""]],[""invoke"",""v6"",""v1"",""q1"",[""v2""]],[""invoke"",""v7"",""v1"",""q1"",[""v3""]],[""invoke"",""v8"",""v1"",""q1"",[""v2""]],[""invoke"",""v9"",""v1"",""q1"",[""v3""]],[""move"",""v10"",""v4""],[""move"",""v11"",""v10""],[""move"",""v12"",""v11""],[""invoke"",null,""v12"",""q0"",[]],[""return"",null]]]]]],[[""s0"",""c4"",""c4""]],[[""e0"",""s0"",""q2"",[]]]]","[[""p0"",""p1"",""p2""],[[""c0"",null,[],[[""m0.0"",""q0"",[],null,[],[[""return"",null]]]]],[""c1"",""c0"",[],[[""m1.0"",""q0"",[],null,[],[[""check"",""p0""],[""return"",null]]]]],[""c2"",""c0"",[],[[""m2.0"",""q0"",[],null,[],[[""check"",""p1""],[""return"",null]]]]],[""c3"",null,[],[[""m3.0"",""q1"",[""c0""],""c0"",[],[[""return"",""v1""]]]]],[""c4"",null,[],[[""m4.0"",""q2"",[],null,[""c3"",""c0"",""c0"",""c0"",""c0"",""c0"",""c0"",""c0"",""c0"",""c0"",""c0"",""c0""],[[""new"",""v1"",""c3""],[""new"",""v2"",""c1""],[""new"",""v3"",""c2""],[""invoke"",""v4"",""v1"",""q1"",[""v2""]],[""invoke"",""v5"",""v1"",""q1"",[""v3""]],[""invoke"",""v6"",""v1"",""q1"",[""v2""]],[""invoke"",""v7"",""v1"",""q1"",[""v3""]],[""invoke"",""v8"",""v1"",""q1"",[""v2""]],[""invoke"",""v9"",""v1"",""q1"",[""v3""]],[""move"",""v10"",""v5""],[""move"",""v11"",""v10""],[""move"",""v12"",""v11""],[""invoke"",null,""v12"",""q0"",[]],[""return"",null]]]]]],[[""s0"",""c4"",""c4""]],[[""e0"",""s0"",""q2"",[]]]]"
124,context,4,4,0,0,True,"[[""p0"",""p1"",""p2""],[[""c0"",null,[],[[""m0.0"",""q0"",[],null,[],[[""return"",null]]]]],[""c1"",""c0"",[],[[""m1.0"",""q0"",[],null,[],[[""check"",""p0""],[""return"",null]]]]],[""c2"",""c0"",[],[[""m2.0"",""q0"",[],null,[],[[""check"",""p1""],[""return"",null]]]]],[""c3"",null,[],[[""m3.0"",""q1"",[""c0""],""c0"",[],[[""return"",""v1""]]]]],[""c4"",null,[],[[""m4.0"",""q2"",[],null,[""c3"",""c0"",""c0"",""c0"",""c0"",""c0"",""c0"",""c0"",""c0"",""c0"",""c0"",""c0"",""c0""],[[""new"",""v1"",""c3""],[""new"",""v2"",""c1""],[""new"",""v3"",""c2""],[""invoke"",""v4"",""v1"",""q1"",[""v2""]],[""invoke"",""v5"",""v1"",""q1"",[""v3""]],[""invoke"",""v6"",""v1"",""q1"",[""v2""]],[""invoke"",""v7"",""v1"",""q1"",[""v3""]],[""invoke"",""v8"",""v1"",""q1"",[""v2""]],[""invoke"",""v9"",""v1"",""q1"",[""v3""]],[""move"",""v10"",""v4""],[""move"",""v11"",""v10""],[""move"",""v12"",""v11""],[""move"",""v13"",""v12""],[""invoke"",null,""v13"",""q0"",[]],[""return"",null]]]]]],[[""s0"",""c4"",""c4""]],[[""e0"",""s0"",""q2"",[]]]]","[[""p0"",""p1"",""p2""],[[""c0"",null,[],[[""m0.0"",""q0"",[],null,[],[[""return"",null]]]]],[""c1"",""c0"",[],[[""m1.0"",""q0"",[],null,[],[[""check"",""p0""],[""return"",null]]]]],[""c2"",""c0"",[],[[""m2.0"",""q0"",[],null,[],[[""check"",""p1""],[""return"",null]]]]],[""c3"",null,[],[[""m3.0"",""q1"",[""c0""],""c0"",[],[[""return"",""v1""]]]]],[""c4"",null,[],[[""m4.0"",""q2"",[],null,[""c3"",""c0"",""c0"",""c0"",""c0"",""c0"",""c0"",""c0"",""c0"",""c0"",""c0"",""c0"",""c0"",""c0""],[[""new"",""v1"",""c3""],[""new"",""v2"",""c1""],[""new"",""v3"",""c2""],[""invoke"",""v4"",""v1"",""q1"",[""v2""]],[""invoke"",""v5"",""v1"",""q1"",[""v3""]],[""invoke"",""v6"",""v1"",""q1"",[""v2""]],[""invoke"",""v7"",""v1"",""q1"",[""v3""]],[""invoke"",""v8"",""v1"",""q1"",[""v2""]],[""invoke"",""v9"",""v1"",""q1"",[""v3""]],[""move"",""v10"",""v4""],[""move"",""v11"",""v10""],[""move"",""v12"",""v11""],[""move"",""v13"",""v12""],[""move"",""v14"",""v13""],[""invoke"",null,""v14"",""q0"",[]],[""return"",null]]]]]],[[""s0"",""c4"",""c4""]],[[""e0"",""s0"",""q2"",[]]]]"
125,context,0,0,1,1,False,"[[""p0"",""p1"",""p2""],[[""c0"",null,[],[[""m0.0"",""q0"",[],null,[],[[""return"",null]]]]],[""c1"",""c0"",[],[[""m1.0"",""q0"",[],null,[],[[""check"",""p0""],[""return"",null]]]]],[""c2"",""c0"",[],[[""m2.0"",""q0"",[],null,[],[[""check"",""p1""],[""return"",null]]]]],[""c3"",null,[],[[""m3.0"",""q1"",[""c0""],""c0"",[],[[""return"",""v1""]]]]],[""c4"",""c3"",[],[]],[""c5"",null,[],[[""m5.0"",""q2"",[],null,[""c3"",""c0"",""c0"",""c0"",""c0""],[[""new"",""v1"",""c4""],[""new"",""v2"",""c1""],[""new"",""v3"",""c2""],[""invoke"",""v4"",""v1"",""q1"",[""v2""]],[""invoke"",""v5"",""v1"",""q1"",[""v3""]],[""invoke"",null,""v4"",""q0"",[]],[""opaque"",[[""check"",""p2""]]],[""return"",null]]]]]],[[""s0"",""c5"",""c5""]],[[""e0"",""s0"",""q2"",[]]]]","[[""p0"",""p1"",""p2""],[[""c0"",null,[],[[""m0.0"",""q0"",[],null,[],[[""return"",null]]]]],[""c1"",""c0"",[],[[""m1.0"",""q0"",[],null,[],[[""check"",""p0""],[""return"",null]]]]],[""c2"",""c0"",[],[[""m2.0"",""q0"",[],null,[],[[""check"",""p1""],[""return"",null]]]]],[""c3"",null,[],[[""m3.0"",""q1"",[""c0""],""c0"",[],[[""return"",""v1""]]]]],[""c4"",""c3"",[],[]],[""c5"",null,[],[[""m5.0"",""q2"",[],null,[""c3"",""c0"",""c0"",""c0"",""c0""],[[""new"",""v1"",""c4""],[""new"",""v2"",""c1""],[""new"",""v3"",""c2""],[""invoke"",""v4"",""v1"",""q1"",[""v2""]],[""invoke"",""v5"",""v1"",""q1"",[""v3""]],[""invoke"",null,""v5"",""q0"",[]],[""opaque"",[[""check"",""p2""]]],[""return"",null]]]]]],[[""s0"",""c5"",""c5""]],[[""e0"",""s0"",""q2"",[]]]]"
126,context,1,0,1,0,True,"[[""p0"",""p1"",""p2""],[[""c0"",null,[],[[""m0.0"",""q0"",[],null,[],[[""return"",null]]]]],[""c1"",""c0"",[],[[""m1.0"",""q0"",[],null,[],[[""check"",""p0""],[""return"",null]]]]],[""c2"",""c0"",[],[[""m2.0"",""q0"",[],null,[],[[""check"",""p1""],[""return"",null]]]]],[""c3"",null,[],[[""m3.0"",""q1"",[""c0""],""c0"",[],[[""return"",""v1""]]]]],[""c4"",""c3"",[],[]],[""c5"",null,[],[[""m5.0"",""q2"",[],null,[""c3"",""c0"",""c0"",""c0"",""c0"",""c0""],[[""new"",""v1"",""c4""],[""new"",""v2"",""c1""],[""new"",""v3"",""c2""],[""invoke"",""v4"",""v1"",""q1"",[""v2""]],[""invoke"",""v5"",""v1"",""q1"",[""v3""]],[""move"",""v6"",""v4""],[""invoke"",null,""v6"",""q0"",[]],[""return"",null]]]]]],[[""s0"",""c5"",""c5""]],[[""e0"",""s0"",""q2"",[]]]]","[[""p0"",""p1"",""p2""],[[""c0"",null,[],[[""m0.0"",""q0"",[],null,[],[[""return"",null]]]]],[""c1"",""c0"",[],[[""m1.0"",""q0"",[],null,[],[[""check"",""p0""],[""return"",null]]]]],[""c2"",""c0"",[],[[""m2.0"",""q0"",[],null,[],[[""check"",""p1""],[""return"",null]]]]],[""c3"",null,[],[[""m3.0"",""q1"",[""c0""],""c0"",[],[[""return"",""v1""]]]]],[""c4"",""c3"",[],[]],[""c5"",null,[],[[""m5.0"",""q2"",[],null,[""c3"",""c0"",""c0"",""c0"",""c0"",""c0""],[[""new"",""v1"",""c4""],[""new"",""v2"",""c1""],[""new"",""v3"",""c2""],[""invoke"",""v4"",""v1"",""q1"",[""v2""]],[""invoke"",""v5"",""v1"",""q1"",[""v3""]],[""move"",""v6"",""v4""],[""invoke"",null,""v6"",""q0"",[]],[""return"",null]]]]],[""c6"",null,[],[[""m6.0"",""q3"",[],null,[],[[""check"",""p0""],[""return"",null]]]]]],[[""s0"",""c5"",""c5""]],[[""e0"",""s0"",""q2"",[]]]]"
127,context,2,0,1,0,False,"[[""p0"",""p1"",""p2""],[[""c0"",null,[],[[""m0.0"",""q0"",[],null,[],[[""return"",null]]]]],[""c1"",""c0"",[],[[""m1.0"",""q0"",[],null,[],[[""check"",""p0""],[""return"",null]]]]],[""c2"",""c0"",[],[[""m2.0"",""q0"",[],null,[],[[""check"",""p1""],[""return"",null]]]]],[""c3"",null,[],[[""m3.0"",""q1"",[""c0""],""c0"",[],[[""return"",""v1""]]]]],[""c4"",""c3"",[],[]],[""c5"",null,[],[[""m5.0"",""q2"",[],null,[""c3"",""c0"",""c0"",""c0"",""c0"",""c0"",""c0""],[[""new"",""v1"",""c4""],[""new"",""v2"",""c1""],[""new"",""v3"",""c2""],[""invoke"",""v4"",""v1"",""q1"",[""v2""]],[""invoke"",""v5"",""v1"",""q1"",[""v3""]],[""move"",""v6"",""v4""],[""move"",""v7"",""v6""],[""invoke"",null,""v7"",""q0"",[]],[""return"",null]]]]]],[[""s0"",""c5"",""c5""]],[[""e0"",""s0"",""q2"",[]]]]","[[""p0"",""p1"",""p2""],[[""c0"",null,[],[[""m0.0"",""q0"",[],null,[],[[""return"",null]]]]],[""c1"",""c0"",[],[[""m1.0"",""q0"",[],null,[],[[""check"",""p0""],[""return"",null]]]]],[""c2"",""c0"",[],[[""m2.0"",""q0"",[],null,[],[[""check"",""p1""],[""return"",null]]]]],[""c3"",null,[],[[""m3.0"",""q1"",[""c0""],""c0"",[],[[""return"",""v1""]]]]],[""c4"",""c3"",[],[]],[""c5"",null,[],[[""m5.0"",""q2"",[],null,[""c3"",""c0"",""c0"",""c0"",""c0"",""c0"",""c0""],[[""new"",""v1"",""c4""],[""new"",""v2"",""c1""],[""new"",""v3"",""c2""],[""invoke"",""v4"",""v1"",""q1"",[""v2""]],[""invoke"",""v5"",""v1"",""q1"",[""v3""]],[""move"",""v6"",""v5""],[""move"",""v7"",""v6""],[""invoke"",null,""v7"",""q0"",[]],[""return"",null]]]]]],[[""s0"",""c5"",""c5""]],[[""e0"",""s0"",""q2"",[]]]]"
128,context,3,0,1,0,True,"[[""p0"",""p1"",""p2""],[[""c0"",null,[],[[""m0.0"",""q0"",[],null,[],[[""return"",null]]]]],[""c1"",""c0"",[],[[""m1.0"",""q0"",[],null,[],[[""check"",""p0""],[""return"",null]]]]],[""c2"",""c0"",[],[[""m2.0"",""q0"",[],null,[],[[""check"",""p1""],[""return"",null]]]]],[""c3"",null,[],[[""m3.0"",""q1"",[""c0""],""c0"",[],[[""return"",""v1""]]]]],[""c4"",""c3"",[],[]],[""c5"",null,[],[[""m5.0"",""q2"",[],null,[""c3"",""c0"",""c0"",""c0"",""c0"",""c0"",""c0"",""c0""],[[""new"",""v1"",""c4""],[""new"",""v2"",""c1""],[""new"",""v3"",""c2""],[""invoke"",""v4"",""v1"",""q1"",[""v2""]],[""invoke"",""v5"",""v1"",""q1"",[""v3""]],[""move"",""v6"",""v4""],[""move"",""v7"",""v6""],[""move"",""v8"",""v7""],[""invoke"",null,""v8"",""q0"",[]],[""return"",null]]]]]],[[""s0"",""c5"",""c5""]],[[""e0"",""s0"",""q2"",[]]]]","[[""p0"",""p1"",""p2""],[[""c0"",null,[],[[""m0.0"",""q0"",[],null,[],[[""return"",null]]]]],[""c1"",""c0"",[],[[""m1.0"",""q0"",[],null,[],[[""check"",""p0""],[""return"",null]]]]],[""c2"",""c0"",[],[[""m2.0"",""q0"",[],null,[],[[""check"",""p1""],[""return"",null]]]]],[""c3"",null,[],[[""m3.0"",""q1"",[""c0""],""c0"",[],[[""return"",""v1""]]]]],[""c4"",""c3"",[],[]],[""c5"",null,[],[[""m5.0"",""q2"",[],null,[""c3"",""c0"",""c0"",""c0"",""c0"",""c0"",""c0"",""c0""],[[""new"",""v1"",""c4""],[""new"",""v2"",""c1""],[""new"",""v3"",""c2""],[""invoke"",""v4"",""v1"",""q1"",[""v2""]],[""invoke"",""v5"",""v1"",""q1"",[""v3""]],[""move"",""v6"",""v4""],[""move"",""v7"",""v6""],[""move"",""v8"",""v7""],[""invoke"",null,""v8"",""q0"",[]],[""return"",null]]]]],[""c6"",""c3"",[],[]]],[[""s0"",""c5"",""c5""]],[[""e0"",""s0"",""q2"",[]]]]"
129,context,4,0,1,0,False,"[[""p0"",""p1"",""p2""],[[""c0"",null,[],[[""m0.0"",""q0"",[],null,[],[[""return"",null]]]]],[""c1"",""c0"",[],[[""m1.0"",""q0"",[],null,[],[[""check"",""p0""],[""return"",null]]]]],[""c2"",""c0"",[],[[""m2.0"",""q0"",[],null,[],[[""check"",""p1""],[""return"",null]]]]],[""c3"",null,[],[[""m3.0"",""q1"",[""c0""],""c0"",[],[[""return"",""v1""]]]]],[""c4"",""c3"",[],[]],[""c5"",null,[],[[""m5.0"",""q2"",[],null,[""c3"",""c0"",""c0"",""c0"",""c0"",""c0"",""c0"",""c0"",""c0""],[[""new"",""v1"",""c4""],[""new"",""v2"",""c1""],[""new"",""v3"",""c2""],[""invoke"",""v4"",""v1"",""q1"",[""v2""]],[""invoke"",""v5"",""v1"",""q1"",[""v3""]],[""move"",""v6"",""v4""],[""move"",""v7"",""v6""],[""move"",""v8"",""v7""],[""move"",""v9"",""v8""],[""invoke"",null,""v9"",""q0"",[]],[""return"",null]]]]]],[[""s0"",""c5"",""c5""]],[[""e0"",""s0"",""q2"",[]]]]","[[""p0"",""p1"",""p2""],[[""c0"",null,[],[[""m0.0"",""q0"",[],null,[],[[""return"",null]]]]],[""c1"",""c0"",[],[[""m1.0"",""q0"",[],null,[],[[""check"",""p0""],[""return"",null]]]]],[""c2"",""c0"",[],[[""m2.0"",""q0"",[],null,[],[[""check"",""p1""],[""return"",null]]]]],[""c3"",null,[],[[""m3.0"",""q1"",[""c0""],""c0"",[],[[""return"",""v1""]]]]],[""c4"",""c3"",[],[]],[""c5"",null,[],[[""m5.0"",""q2"",[],null,[""c3"",""c0"",""c0"",""c0"",""c0"",""c0"",""c0"",""c0"",""c0""],[[""new"",""v1"",""c4""],[""new"",""v2"",""c1""],[""new"",""v3"",""c2""],[""invoke"",""v4"",""v1"",""q1"",[""v2""]],[""invoke"",""v5"",""v1"",""q1"",[""v3""]],[""move"",""v6"",""v5""],[""move"",""v7"",""v6""],[""move"",""v8"",""v7""],[""move"",""v9"",""v8""],[""invoke"",null,""v9"",""q0"",[]],[""return"",null]]]]]],[[""s0"",""c5"",""c5""]],[[""e0"",""s0"",""q2"",[]]]]"
130,context,0,1,1,2,True,"[[""p0"",""p1"",""p2""],[[""c0"",null,[],[[""m0.0"",""q0"",[],null,[],[[""return"",null]]]]],[""c1"",""c0"",[],[[""m1.0"",""q0"",[],null,[],[[""check"",""p0""],[""return"",null]]]]],[""c2"",""c0"",[],[[""m2.0"",""q0"",[],null,[],[[""check"",""p1""],[""return"",null]]]]],[""c3"",null,[],[[""m3.0"",""q1"",[""c0""],""c0"",[],[[""return"",""v1""]]]]],[""c4"",""c3"",[],[]],[""c5"",null,[],[[""m5.0"",""q2"",[],null,[""c3"",""c0"",""c0"",""c0"",""c0"",""c0""],[[""new"",""v1"",""c4""],[""new"",""v2"",""c1""],[""new"",""v3"",""c2""],[""invoke"",""v4"",""v1"",""q1"",[""v2""]],[""invoke"",""v5"",""v1"",""q1"",[""v3""]],[""invoke"",""v6"",""v1"",""q1"",[""v2""]],[""invoke"",null,""v4"",""q0"",[]],[""opaque"",[[""direct"",null,""m5.1"",[]]]],[""return"",null]]],[""m5.1"",""q3"",[],null,[],[[""opaque"",[[""check"",""p2""]]],[""return"",null]]]]]],[[""s0"",""c5"",""c5""]],[[""e0"",""s0"",""q2"",[]]]]","[[""p0"",""p1"",""p2""],[[""c0"",null,[],[[""m0.0"",""q0"",[],null,[],[[""return"",null]]]]],[""c1"",""c0"",[],[[""m1.0"",""q0"",[],null,[],[[""check"",""p0""],[""return"",null]]]]],[""c2"",""c0"",[],[[""m2.0"",""q0"",[],null,[],[[""check"",""p1""],[""return"",null]]]]],[""c3"",null,[],[[""m3.0"",""q1"",[""c0""],""c0"",[],[[""return"",""v1""]]]]],[""c4"",""c3"",[],[]],[""c5"",null,[],[[""m5.0"",""q2"",[],null,[""c3"",""c0"",""c0"",""c0"",""c0"",""c0"",""c0""],[[""new"",""v1"",""c4""],[""new"",""v2"",""c1""],[""new"",""v3"",""c2""],[""invoke"",""v4"",""v1"",""q1"",[""v2""]],[""invoke"",""v5"",""v1"",""q1"",[""v3""]],[""invoke"",""v6"",""v1"",""q1"",[""v2""]],[""move"",""v7"",""v4""],[""invoke"",null,""v7"",""q0"",[]],[""opaque"",[[""direct"",null,""m5.1"",[]]]],[""return"",null]]],[""m5.1"",""q3"",[],null,[],[[""opaque"",[[""check"",""p2""]]],[""return"",null]]]]]],[[""s0"",""c5"",""c5""]],[[""e0"",""s0"",""q2"",[]]]]"
131,context,1,1,1,0,False,"[[""p0"",""p1"",""p2""],[[""c0"",null,[],[[""m0.0"",""q0"",[],null,[],[[""return"",null]]]]],[""c1"",""c0"",[],[[""m1.0"",""q0"",[],null,[],[[""check"",""p0""],[""return"",null]]]]],[""c2"",""c0"",[],[[""m2.0"",""q0"",[],null,[],[[""check"",""p1""],[""return"",null]]]]],[""c3"",null,[],[[""m3.0"",""q1"",[""c0""],""c0"",[],[[""return"",""v1""]]]]],[""c4"",""c3"",[],[]],[""c5"",null,[],[[""m5.0"",""q2"",[],null,[""c3"",""c0"",""c0"",""c0"",""c0"",""c0"",""c0""],[[""new"",""v1"",""c4""],[""new"",""v2"",""c1""],[""new"",""v3"",""c2""],[""invoke"",""v4"",""v1"",""q1"",[""v2""]],[""invoke"",""v5"",""v1"",""q1"",[""v3""]],[""invoke"",""v6"",""v1"",""q1"",[""v2""]],[""move"",""v7"",""v4""],[""invoke"",null,""v7"",""q0"",[]],[""return"",null]]]]]],[[""s0"",""c5"",""c5""]],[[""e0"",""s0"",""q2"",[]]]]","[[""p0"",""p1"",""p2""],[[""c0"",null,[],[[""m0.0"",""q0"",[],null,[],[[""return"",null]]]]],[""c1"",""c0"",[],[[""m1.0"",""q0"",[],null,[],[[""check"",""p0""],[""return"",null]]]]],[""c2"",""c0"",[],[[""m2.0"",""q0"",[],null,[],[[""check"",""p1""],[""return"",null]]]]],[""c3"",null,[],[[""m3.0"",""q1"",[""c0""],""c0"",[],[[""return"",""v1""]]]]],[""c4"",""c3"",[],[]],[""c5"",null,[],[[""m5.0"",""q2"",[],null,[""c3"",""c0"",""c0"",""c0"",""c0"",""c0"",""c0""],[[""new"",""v1"",""c4""],[""new"",""v2"",""c1""],[""new"",""v3"",""c2""],[""invoke"",""v4"",""v1"",""q1"",[""v2""]],[""invoke"",""v5"",""v1"",""q1"",[""v3""]],[""invoke"",""v6"",""v1"",""q1"",[""v2""]],[""move"",""v7"",""v5""],[""invoke"",null,""v7"",""q0"",[]],[""return"",null]]]]]],[[""s0"",""c5"",""c5""]],[[""e0"",""s0"",""q2"",[]]]]"
132,context,2,1,1,0,True,"[[""p0"",""p1"",""p2""],[[""c0"",null,[],[[""m0.0"",""q0"",[],null,[],[[""return"",null]]]]],[""c1"",""c0"",[],[[""m1.0"",""q0"",[],null,[],[[""check"",""p0""],[""return"",null]]]]],[""c2"",""c0"",[],[[""m2.0"",""q0"",[],null,[],[[""check"",""p1""],[""return"",null]]]]],[""c3"",null,[],[[""m3.0"",""q1"",[""c0""],""c0"",[],[[""return"",""v1""]]]]],[""c4"",""c3"",[],[]],[""c5"",null,[],[[""m5.0"",""q2"",[],null,[""c3"",""c0"",""c0"",""c0"",""c0"",""c0"",""c0"",""c0""],[[""new"",""v1"",""c4""],[""new"",""v2"",""c1""],[""new"",""v3"",""c2""],[""invoke"",""v4"",""v1"",""q1"",[""v2""]],[""invoke"",""v5"",""v1"",""q1"",[""v3""]],[""invoke"",""v6"",""v1"",""q1"",[""v2""]],[""move"",""v7"",""v4""],[""move"",""v8"",""v7""],[""invoke"",null,""v8"",""q0"",[]],[""return"",null]]]]]],[[""s0"",""c5"",""c5""]],[[""e0"",""s0"",""q2"",[]]]]","[[""p0"",""p1"",""p2""],[[""c0"",null,[],[[""m0.0"",""q0"",[],null,[],[[""return"",null]]]]],[""c1"",""c0"",[],[[""m1.0"",""q0"",[],null,[],[[""check"",""p0""],[""return"",null]]]]],[""c2"",""c0"",[],[[""m2.0"",""q0"",[],null,[],[[""check"",""p1""],[""return"",null]]]]],[""c3"",null,[],[[""m3.0"",""q1"",[""c0""],""c0"",[],[[""return"",""v1""]]]]],[""c4"",""c3"",[],[]],[""c5"",null,[],[[""m5.0"",""q2"",[],null,[""c3"",""c0"",""c0"",""c0"",""c0"",""c0"",""c0"",""c0""],[[""new"",""v1"",""c4""],[""new"",""v2"",""c1""],[""new"",""v3"",""c2""],[""invoke"",""v4"",""v1"",""q1"",[""v2""]],[""invoke"",""v5"",""v1"",""q1"",[""v3""]],[""invoke"",""v6"",""v1"",""q1"",[""v2""]],[""move"",""v7"",""v4""],[""move"",""v8"",""v7""],[""invoke"",null,""v8"",""q0"",[]],[""return"",null]]]]],[""c6"",null,[],[[""m6.0"",""q3"",[],null,[],[[""check"",""p0""],[""return"",null]]]]]],[[""s0"",""c5"",""c5""]],[[""e0"",""s0"",""q2"",[]]]]"
133,context,3,1,1,0,False,"[[""p0"",""p1"",""p2""],[[""c0"",null,[],[[""m0.0"",""q0"",[],null,[],[[""return"",null]]]]],[""c1"",""c0"",[],[[""m1.0"",""q0"",[],null,[],[[""check"",""p0""],[""return"",null]]]]],[""c2"",""c0"",[],[[""m2.0"",""q0"",[],null,[],[[""check"",""p1""],[""return"",null]]]]],[""c3"",null,[],[[""m3.0"",""q1"",[""c0""],""c0"",[],[[""return"",""v1""]]]]],[""c4"",""c3"",[],[]],[""c5"",null,[],[[""m5.0"",""q2"",[],null,[""c3"",""c0"",""c0"",""c0"",""c0"",""c0"",""c0"",""c0"",""c0""],[[""new"",""v1"",""c4""],[""new"",""v2"",""c1""],[""new"",""v3"",""c2""],[""invoke"",""v4"",""v1"",""q1"",[""v2""]],[""invoke"",""v5"",""v1"",""q1"",[""v3""]],[""invoke"",""v6"",""v1"",""q1"",[""v2""]],[""move"",""v7"",""v4""],[""move"",""v8"",""v7""],[""move"",""v9"",""v8""],[""invoke"",null,""v9"",""q0"",[]],[""return"",null]]]]]],[[""s0"",""c5"",""c5""]],[[""e0"",""s0"",""q2"",[]]]]","[[""p0"",""p1"",""p2""],[[""c0"",null,[],[[""m0.0"",""q0"",[],null,[],[[""return"",null]]]]],[""c1"",""c0"",[],[[""m1.0"",""q0"",[],null,[],[[""check"",""p0""],[""return"",null]]]]],[""c2"",""c0"",[],[[""m2.0"",""q0"",[],null,[],[[""check"",""p1""],[""return"",null]]]]],[""c3"",null,[],[[""m3.0"",""q1"",[""c0""],""c0"",[],[[""return"",""v1""]]]]],[""c4"",""c3"",[],[]],[""c5"",null,[],[[""m5.0"",""q2"",[],null,[""c3"",""c0"",""c0"",""c0"",""c0"",""c0"",""c0"",""c0"",""c0""],[[""new"",""v1"",""c4""],[""new"",""v2"",""c1""],[""new"",""v3"",""c2""],[""invoke"",""v4"",""v1"",""q1"",[""v2""]],[""invoke"",""v5"",""v1"",""q1"",[""v3""]],[""invoke"",""v6"",""v1"",""q1"",[""v2""]],[""move"",""v7"",""v5""],[""move"",""v8"",""v7""],[""move"",""v9"",""v8""],[""invoke"",null,""v9"",""q0"",[]],[""return"",null]]]]]],[[""s0"",""c5"",""c5""]],[[""e0"",""s0"",""q2"",[]]]]"
134,context,4,1,1,0,True,"[[""p0"",""p1"",""p2""],[[""c0"",null,[],[[""m0.0"",""q0"",[],null,[],[[""return"",null]]]]],[""c1"",""c0"",[],[[""m1.0"",""q0"",[],null,[],[[""check"",""p0""],[""return"",null]]]]],[""c2"",""c0"",[],[[""m2.0"",""q0"",[],null,[],[[""check"",""p1""],[""return"",null]]]]],[""c3"",null,[],[[""m3.0"",""q1"",[""c0""],""c0"",[],[[""return"",""v1""]]]]],[""c4"",""c3"",[],[]],[""c5"",null,[],[[""m5.0"",""q2"",[],null,[""c3"",""c0"",""c0"",""c0"",""c0"",""c0"",""c0"",""c0"",""c0"",""c0""],[[""new"",""v1"",""c4""],[""new"",""v2"",""c1""],[""new"",""v3"",""c2""],[""invoke"",""v4"",""v1"",""q1"",[""v2""]],[""invoke"",""v5"",""v1"",""q1"",[""v3""]],[""invoke"",""v6"",""v1"",""q1"",[""v2""]],[""move"",""v7"",""v4""],[""move"",""v8"",""v7""],[""move"",""v9"",""v8""],[""move"",""v10"",""v9""],[""invoke"",null,""v10"",""q0"",[]],[""return"",null]]]]]],[[""s0"",""c5"",""c5""]],[[""e0"",""s0"",""q2"",[]]]]","[[""p0"",""p1"",""p2""],[[""c0"",null,[],[[""m0.0"",""q0"",[],null,[],[[""return"",null]]]]],[""c1"",""c0"",[],[[""m1.0"",""q0"",[],null,[],[[""check"",""p0""],[""return"",null]]]]],[""c2"",""c0"",[],[[""m2.0"",""q0"",[],null,[],[[""check"",""p1""],[""return"",null]]]]],[""c3"",null,[],[[""m3.0"",""q1"",[""c0""],""c0"",[],[[""return"",""v1""]]]]],[""c4"",""c3"",[],[]],[""c5"",null,[],[[""m5.0"",""q2"",[],null,[""c3"",""c0"",""c0"",""c0"",""c0"",""c0"",""c0"",""c0"",""c0"",""c0""],[[""new"",""v1"",""c4""],[""new"",""v2"",""c1""],[""new"",""v3"",""c2""],[""invoke"",""v4"",""v1"",""q1"",[""v2""]],[""invoke"",""v5"",""v1"",""q1"",[""v3""]],[""invoke"",""v6"",""v1"",""q1"",[""v2""]],[""move"",""v7"",""v4""],[""move"",""v8"",""v7""],[""move"",""v9"",""v8""],[""move"",""v10"",""v9""],[""invoke"",null,""v10"",""q0"",[]],[""return"",null]]]]],[""c6"",""c3"",[],[]]],[[""s0"",""c5"",""c5""]],[[""e0"",""s0"",""q2"",[]]]]"
135,context,0,2,1,3,False,"[[""p0"",""p1"",""p2""],[[""c0"",null,[],[[""m0.0"",""q0"",[],null,[],[[""return"",null]]]]],[""c1"",""c0"",[],[[""m1.0"",""q0"",[],null,[],[[""check"",""p0""],[""return"",null]]]]],[""c2"",""c0"",[],[[""m2.0"",""q0"",[],null,[],[[""check"",""p1""],[""return"",null]]]]],[""c3"",null,[],[[""m3.0"",""q1"",[""c0""],""c0"",[],[[""return"",""v1""]]]]],[""c4"",""c3"",[],[]],[""c5"",null,[],[[""m5.0"",""q2"",[],null,[""c3"",""c0"",""c0"",""c0"",""c0"",""c0"",""c0""],[[""new"",""v1"",""c4""],[""new"",""v2"",""c1""],[""new"",""v3"",""c2""],[""invoke"",""v4"",""v1"",""q1"",[""v2""]],[""invoke"",""v5"",""v1"",""q1"",[""v3""]],[""invoke"",""v6"",""v1"",""q1"",[""v2""]],[""invoke"",""v7"",""v1"",""q1"",[""v3""]],[""invoke"",null,""v4"",""q0"",[]],[""opaque"",[[""direct"",null,""m5.1"",[]]]],[""return"",null]]],[""m5.1"",""q3"",[],null,[],[[""opaque"",[[""direct"",null,""m5.2"",[]]]],[""return"",null]]],[""m5.2"",""q4"",[],null,[],[[""opaque"",[[""check"",""p2""]]],[""return"",null]]]]]],[[""s0"",""c5"",""c5""]],[[""e0"",""s0"",""q2"",[]]]]","[[""p0"",""p1"",""p2""],[[""c0"",null,[],[[""m0.0"",""q0"",[],null,[],[[""return"",null]]]]],[""c1"",""c0"",[],[[""m1.0"",""q0"",[],null,[],[[""check"",""p0""],[""return"",null]]]]],[""c2"",""c0"",[],[[""m2.0"",""q0"",[],null,[],[[""check"",""p1""],[""return"",null]]]]],[""c3"",null,[],[[""m3.0"",""q1"",[""c0""],""c0"",[],[[""return"",""v1""]]]]],[""c4"",""c3"",[],[]],[""c5"",null,[],[[""m5.0"",""q2"",[],null,[""c3"",""c0"",""c0"",""c0"",""c0"",""c0"",""c0""],[[""new"",""v1"",""c4""],[""new"",""v2"",""c1""],[""new"",""v3"",""c2""],[""invoke"",""v4"",""v1"",""q1"",[""v2""]],[""invoke"",""v5"",""v1"",""q1"",[""v3""]],[""invoke"",""v6"",""v1"",""q1"",[""v2""]],[""invoke"",""v7"",""v1"",""q1"",[""v3""]],[""invoke"",null,""v5"",""q0"",[]],[""opaque"",[[""direct"",null,""m5.1"",[]]]],[""return"",null]]],[""m5.1"",""q3"",[],null,[],[[""opaque"",[[""direct"",null,""m5.2"",[]]]],[""return"",null]]],[""m5.2"",""q4"",[],null,[],[[""opaque"",[[""check"",""p2""]]],[""return"",null]]]]]],[[""s0"",""c5"",""c5""]],[[""e0"",""s0"",""q2"",[]]]]"
136,context,1,2,1,0,True,"[[""p0"",""p1"",""p2""],[[""c0"",null,[],[[""m0.0"",""q0"",[],null,[],[[""return"",null]]]]],[""c1"",""c0"",[],[[""m1.0"",""q0"",[],null,[],[[""check"",""p0""],[""return"",null]]]]],[""c2"",""c0"",[],[[""m2.0"",""q0"",[],null,[],[[""check"",""p1""],[""return"",null]]]]],[""c3"",null,[],[[""m3.0"",""q1"",[""c0""],""c0"",[],[[""return"",""v1""]]]]],[""c4"",""c3"",[],[]],[""c5"",null,[],[[""m5.0"",""q2"",[],null,[""c3"",""c0"",""c0"",""c0"",""c0"",""c0"",""c0"",""c0""],[[""new"",""v1"",""c4""],[""new"",""v2"",""c1""],[""new"",""v3"",""c2""],[""invoke"",""v4"",""v1"",""q1"",[""v2""]],[""invoke"",""v5"",""v1"",""q1"",[""v3""]],[""invoke"",""v6"",""v1"",""q1"",[""v2""]],[""invoke"",""v7"",""v1"",""q1"",[""v3""]],[""move"",""v8"",""v4""],[""invoke"",null,""v8"",""q0"",[]],[""return"",null]]]]]],[[""s0"",""c5"",""c5""]],[[""e0"",""s0"",""q2"",[]]]]","[[""p0"",""p1"",""p2""],[[""c0"",null,[],[[""m0.0"",""q0"",[],null,[],[[""return"",null]]]]],[""c1"",""c0"",[],[[""m1.0"",""q0"",[],null,[],[[""check"",""p0""],[""return"",null]]]]],[""c2"",""c0"",[],[[""m2.0"",""q0"",[],null,[],[[""check"",""p1""],[""return"",null]]]]],[""c3"",null,[],[[""m3.0"",""q1"",[""c0""],""c0"",[],[[""return"",""v1""]]]]],[""c4"",""c3"",[],[]],[""c5"",null,[],[[""m5.0"",""q2"",[],null,[""c3"",""c0"",""c0"",""c0"",""c0"",""c0"",""c0"",""c0"",""c0""],[[""new"",""v1"",""c4""],[""new"",""v2"",""c1""],[""new"",""v3"",""c2""],[""invoke"",""v4"",""v1"",""q1"",[""v2""]],[""invoke"",""v5"",""v1"",""q1"",[""v3""]],[""invoke"",""v6"",""v1"",""q1"",[""v2""]],[""invoke"",""v7"",""v1"",""q1"",[""v3""]],[""move"",""v8"",""v4""],[""move"",""v9"",""v8""],[""invoke"",null,""v9"",""q0"",[]],[""return"",null]]]]]],[[""s0"",""c5"",""c5""]],[[""e0"",""s0"",""q2"",[]]]]"
137,context,2,2,1,0,False,"[[""p0"",""p1"",""p2""],[[""c0"",null,[],[[""m0.0"",""q0"",[],null,[],[[""return"",null]]]]],[""c1"",""c0"",[],[[""m1.0"",""q0"",[],null,[],[[""check"",""p0""],[""return"",null]]]]],[""c2"",""c0"",[],[[""m2.0"",""q0"",[],null,[],[[""check"",""p1""],[""return"",null]]]]],[""c3"",null,[],[[""m3.0"",""q1"",[""c0""],""c0"",[],[[""return"",""v1""]]]]],[""c4"",""c3"",[],[]],[""c5"",null,[],[[""m5.0"",""q2"",[],null,[""c3"",""c0"",""c0"",""c0"",""c0"",""c0"",""c0"",""c0"",""c0""],[[""new"",""v1"",""c4""],[""new"",""v2"",""c1""],[""new"",""v3"",""c2""],[""invoke"",""v4"",""v1"",""q1"",[""v2""]],[""invoke"",""v5"",""v1"",""q1"",[""v3""]],[""invoke"",""v6"",""v1"",""q1"",[""v2""]],[""invoke"",""v7"",""v1"",""q1"",[""v3""]],[""move"",""v8"",""v4""],[""move"",""v9"",""v8""],[""invoke"",null,""v9"",""q0"",[]],[""return"",null]]]]]],[[""s0"",""c5"",""c5""]],[[""e0"",""s0"",""q2"",[]]]]","[[""p0"",""p1"",""p2""],[[""c0"",null,[],[[""m0.0"",""q0"",[],null,[],[[""return"",null]]]]],[""c1"",""c0"",[],[[""m1.0"",""q0"",[],null,[],[[""check"",""p0""],[""return"",null]]]]],[""c2"",""c0"",[],[[""m2.0"",""q0"",[],null,[],[[""check"",""p1""],[""return"",null]]]]],[""c3"",null,[],[[""m3.0"",""q1"",[""c0""],""c0"",[],[[""return"",""v1""]]]]],[""c4"",""c3"",[],[]],[""c5"",null,[],[[""m5.0"",""q2"",[],null,[""c3"",""c0"",""c0"",""c0"",""c0"",""c0"",""c0"",""c0"",""c0""],[[""new"",""v1"",""c4""],[""new"",""v2"",""c1""],[""new"",""v3"",""c2""],[""invoke"",""v4"",""v1"",""q1"",[""v2""]],[""invoke"",""v5"",""v1"",""q1"",[""v3""]],[""invoke"",""v6"",""v1"",""q1"",[""v2""]],[""invoke"",""v7"",""v1"",""q1"",[""v3""]],[""move"",""v8"",""v5""],[""move"",""v9"",""v8""],[""invoke"",null,""v9"",""q0"",[]],[""return"",null]]]]]],[[""s0"",""c5"",""c5""]],[[""e0"",""s0"",""q2"",[]]]]"
138,context,3,2,1,0,True,"[[""p0"",""p1"",""p2""],[[""c0"",null,[],[[""m0.0"",""q0"",[],null,[],[[""return"",null]]]]],[""c1"",""c0"",[],[[""m1.0"",""q0"",[],null,[],[[""check"",""p0""],[""return"",null]]]]],[""c2"",""c0"",[],[[""m2.0"",""q0"",[],null,[],[[""check"",""p1""],[""return"",null]]]]],[""c3"",null,[],[[""m3.0"",""q1"",[""c0""],""c0"",[],[[""return"",""v1""]]]]],[""c4"",""c3"",[],[]],[""c5"",null,[],[[""m5.0"",""q2"",[],null,[""c3"",""c0"",""c0"",""c0"",""c0"",""c0"",""c0"",""c0"",""c0"",""c0""],[[""new"",""v1"",""c4""],[""new"",""v2"",""c1""],[""new"",""v3"",""c2""],[""invoke"",""v4"",""v1"",""q1"",[""v2""]],[""invoke"",""v5"",""v1"",""q1"",[""v3""]],[""invoke"",""v6"",""v1"",""q1"",[""v2""]],[""invoke"",""v7"",""v1"",""q1"",[""v3""]],[""move"",""v8"",""v4""],[""move"",""v9"",""v8""],[""move"",""v10"",""v9""],[""invoke"",null,""v10"",""q0"",[]],[""return"",null]]]]]],[[""s0"",""c5"",""c5""]],[[""e0"",""s0"",""q2"",[]]]]","[[""p0"",""p1"",""p2""],[[""c0"",null,[],[[""m0.0"",""q0"",[],null,[],[[""return"",null]]]]],[""c1"",""c0"",[],[[""m1.0"",""q0"",[],null,[],[[""check"",""p0""],[""return"",null]]]]],[""c2"",""c0"",[],[[""m2.0"",""q0"",[],null,[],[[""check"",""p1""],[""return"",null]]]]],[""c3"",null,[],[[""m3.0"",""q1"",[""c0""],""c0"",[],[[""return"",""v1""]]]]],[""c4"",""c3"",[],[]],[""c5"",null,[],[[""m5.0"",""q2"",[],null,[""c3"",""c0"",""c0"",""c0"",""c0"",""c0"",""c0"",""c0"",""c0"",""c0""],[[""new"",""v1"",""c4""],[""new"",""v2"",""c1""],[""new"",""v3"",""c2""],[""invoke"",""v4"",""v1"",""q1"",[""v2""]],[""invoke"",""v5"",""v1"",""q1"",[""v3""]],[""invoke"",""v6"",""v1"",""q1"",[""v2""]],[""invoke"",""v7"",""v1"",""q1"",[""v3""]],[""move"",""v8"",""v4""],[""move"",""v9"",""v8""],[""move"",""v10"",""v9""],[""invoke"",null,""v10"",""q0"",[]],[""return"",null]]]]],[""c6"",null,[],[[""m6.0"",""q3"",[],null,[],[[""check"",""p0""],[""return"",null]]]]]],[[""s0"",""c5"",""c5""]],[[""e0"",""s0"",""q2"",[]]]]"
139,context,4,2,1,0,False,"[[""p0"",""p1"",""p2""],[[""c0"",null,[],[[""m0.0"",""q0"",[],null,[],[[""return"",null]]]]],[""c1"",""c0"",[],[[""m1.0"",""q0"",[],null,[],[[""check"",""p0""],[""return"",null]]]]],[""c2"",""c0"",[],[[""m2.0"",""q0"",[],null,[],[[""check"",""p1""],[""return"",null]]]]],[""c3"",null,[],[[""m3.0"",""q1"",[""c0""],""c0"",[],[[""return"",""v1""]]]]],[""c4"",""c3"",[],[]],[""c5"",null,[],[[""m5.0"",""q2"",[],null,[""c3"",""c0"",""c0"",""c0"",""c0"",""c0"",""c0"",""c0"",""c0"",""c0"",""c0""],[[""new"",""v1"",""c4""],[""new"",""v2"",""c1""],[""new"",""v3"",""c2""],[""invoke"",""v4"",""v1"",""q1"",[""v2""]],[""invoke"",""v5"",""v1"",""q1"",[""v3""]],[""invoke"",""v6"",""v1"",""q1"",[""v2""]],[""invoke"",""v7"",""v1"",""q1"",[""v3""]],[""move"",""v8"",""v4""],[""move"",""v9"",""v8""],[""move"",""v10"",""v9""],[""move"",""v11"",""v10""],[""invoke"",null,""v11"",""q0"",[]],[""return"",null]]]]]],[[""s0"",""c5"",""c5""]],[[""e0"",""s0"",""q2"",[]]]]","[[""p0"",""p1"",""p2""],[[""c0"",null,[],[[""m0.0"",""q0"",[],null,[],[[""return"",null]]]]],[""c1"",""c0"",[],[[""m1.0"",""q0"",[],null,[],[[""check"",""p0""],[""return"",null]]]]],[""c2"",""c0"",[],[[""m2.0"",""q0"",[],null,[],[[""check"",""p1""],[""return"",null]]]]],[""c3"",null,[],[[""m3.0"",""q1"",[""c0""],""c0"",[],[[""return"",""v1""]]]]],[""c4"",""c3"",[],[]],[""c5"",null,[],[[""m5.0"",""q2"",[],null,[""c3"",""c0"",""c0"",""c0"",""c0"",""c0"",""c0"",""c0"",""c0"",""c0"",""c0""],[[""new"",""v1"",""c4""],[""new"",""v2"",""c1""],[""new"",""v3"",""c2""],[""invoke"",""v4"",""v1"",""q1"",[""v2""]],[""invoke"",""v5"",""v1"",""q1"",[""v3""]],[""invoke"",""v6"",""v1"",""q1"",[""v2""]],[""invoke"",""v7"",""v1"",""q1"",[""v3""]],[""move"",""v8"",""v5""],[""move"",""v9"",""v8""],[""move"",""v10"",""v9""],[""move"",""v11"",""v10""],[""invoke"",null,""v11"",""q0"",[]],[""return"",null]]]]]],[[""s0"",""c5"",""c5""]],[[""e0"",""s0"",""q2"",[]]]]"
140,context,0,3,1,1,True,"[[""p0"",""p1"",""p2""],[[""c0"",null,[],[[""m0.0"",""q0"",[],null,[],[[""return"",null]]]]],[""c1"",""c0"",[],[[""m1.0"",""q0"",[],null,[],[[""check"",""p0""],[""return"",null]]]]],[""c2"",""c0"",[],[[""m2.0"",""q0"",[],null,[],[[""check"",""p1""],[""return"",null]]]]],[""c3"",null,[],[[""m3.0"",""q1"",[""c0""],""c0"",[],[[""return"",""v1""]]]]],[""c4"",""c3"",[],[]],[""c5"",null,[],[[""m5.0"",""q2"",[],null,[""c3"",""c0"",""c0"",""c0"",""c0"",""c0"",""c0"",""c0""],[[""new"",""v1"",""c4""],[""new"",""v2"",""c1""],[""new"",""v3"",""c2""],[""invoke"",""v4"",""v1"",""q1"",[""v2""]],[""invoke"",""v5"",""v1"",""q1"",[""v3""]],[""invoke"",""v6"",""v1"",""q1"",[""v2""]],[""invoke"",""v7"",""v1"",""q1"",[""v3""]],[""invoke"",""v8"",""v1"",""q1"",[""v2""]],[""invoke"",null,""v4"",""q0"",[]],[""opaque"",[[""check"",""p2""]]],[""return"",null]]]]]],[[""s0"",""c5"",""c5""]],[[""e0"",""s0"",""q2"",[]]]]","[[""p0"",""p1"",""p2""],[[""c0"",null,[],[[""m0.0"",""q0"",[],null,[],[[""return"",null]]]]],[""c1"",""c0"",[],[[""m1.0"",""q0"",[],null,[],[[""check"",""p0""],[""return"",null]]]]],[""c2"",""c0"",[],[[""m2.0"",""q0"",[],null,[],[[""check"",""p1""],[""return"",null]]]]],[""c3"",null,[],[[""m3.0"",""q1"",[""c0""],""c0"",[],[[""return"",""v1""]]]]],[""c4"",""c3"",[],[]],[""c5"",null,[],[[""m5.0"",""q2"",[],null,[""c3"",""c0"",""c0"",""c0"",""c0"",""c0"",""c0"",""c0""],[[""new"",""v1"",""c4""],[""new"",""v2"",""c1""],[""new"",""v3"",""c2""],[""invoke"",""v4"",""v1"",""q1"",[""v2""]],[""invoke"",""v5"",""v1"",""q1"",[""v3""]],[""invoke"",""v6"",""v1"",""q1"",[""v2""]],[""invoke"",""v7"",""v1"",""q1"",[""v3""]],[""invoke"",""v8"",""v1"",""q1"",[""v2""]],[""invoke"",null,""v4"",""q0"",[]],[""opaque"",[[""check"",""p2""]]],[""return"",null]]]]],[""c6"",""c3"",[],[]]],[[""s0"",""c5"",""c5""]],[[""e0"",""s0"",""q2"",[]]]]"
141,context,1,3,1,0,False,"[[""p0"",""p1"",""p2""],[[""c0"",null,[],[[""m0.0"",""q0"",[],null,[],[[""return"",null]]]]],[""c1"",""c0"",[],[[""m1.0"",""q0"",[],null,[],[[""check"",""p0""],[""return"",null]]]]],[""c2"",""c0"",[],[[""m2.0"",""q0"",[],null,[],[[""check"",""p1""],[""return"",null]]]]],[""c3"",null,[],[[""m3.0"",""q1"",[""c0""],""c0"",[],[[""return"",""v1""]]]]],[""c4"",""c3"",[],[]],[""c5"",null,[],[[""m5.0"",""q2"",[],null,[""c3"",""c0"",""c0"",""c0"",""c0"",""c0"",""c0"",""c0"",""c0""],[[""new"",""v1"",""c4""],[""new"",""v2"",""c1""],[""new"",""v3"",""c2""],[""invoke"",""v4"",""v1"",""q1"",[""v2""]],[""invoke"",""v5"",""v1"",""q1"",[""v3""]],[""invoke"",""v6"",""v1"",""q1"",[""v2""]],[""invoke"",""v7"",""v1"",""q1"",[""v3""]],[""invoke"",""v8"",""v1"",""q1"",[""v2""]],[""move"",""v9"",""v4""],[""invoke"",null,""v9"",""q0"",[]],[""return"",null]]]]]],[[""s0"",""c5"",""c5""]],[[""e0"",""s0"",""q2"",[]]]]","[[""p0"",""p1"",""p2""],[[""c0"",null,[],[[""m0.0"",""q0"",[],null,[],[[""return"",null]]]]],[""c1"",""c0"",[],[[""m1.0"",""q0"",[],null,[],[[""check"",""p0""],[""return"",null]]]]],[""c2"",""c0"",[],[[""m2.0"",""q0"",[],null,[],[[""check"",""p1""],[""return"",null]]]]],[""c3"",null,[],[[""m3.0"",""q1"",[""c0""],""c0"",[],[[""return"",""v1""]]]]],[""c4"",""c3"",[],[]],[""c5"",null,[],[[""m5.0"",""q2"",[],null,[""c3"",""c0"",""c0"",""c0"",""c0"",""c0"",""c0"",""c0"",""c0""],[[""new"",""v1"",""c4""],[""new"",""v2"",""c1""],[""new"",""v3"",""c2""],[""invoke"",""v4"",""v1"",""q1"",[""v2""]],[""invoke"",""v5"",""v1"",""q1"",[""v3""]],[""invoke"",""v6"",""v1"",""q1"",[""v2""]],[""invoke"",""v7"",""v1"",""q1"",[""v3""]],[""invoke"",""v8"",""v1"",""q1"",[""v2""]],[""move"",""v9"",""v5""],[""invoke"",null,""v9"",""q0"",[]],[""return"",null]]]]]],[[""s0"",""c5"",""c5""]],[[""e0"",""s0"",""q2"",[]]]]"
142,context,2,3,1,0,True,"[[""p0"",""p1"",""p2""],[[""c0"",null,[],[[""m0.0"",""q0"",[],null,[],[[""return"",null]]]]],[""c1"",""c0"",[],[[""m1.0"",""q0"",[],null,[],[[""check"",""p0""],[""return"",null]]]]],[""c2"",""c0"",[],[[""m2.0"",""q0"",[],null,[],[[""check"",""p1""],[""return"",null]]]]],[""c3"",null,[],[[""m3.0"",""q1"",[""c0""],""c0"",[],[[""return"",""v1""]]]]],[""c4"",""c3"",[],[]],[""c5"",null,[],[[""m5.0"",""q2"",[],null,[""c3"",""c0"",""c0"",""c0"",""c0"",""c0"",""c0"",""c0"",""c0"",""c0""],[[""new"",""v1"",""c4""],[""new"",""v2"",""c1""],[""new"",""v3"",""c2""],[""invoke"",""v4"",""v1"",""q1"",[""v2""]],[""invoke"",""v5"",""v1"",""q1"",[""v3""]],[""invoke"",""v6"",""v1"",""q1"",[""v2""]],[""invoke"",""v7"",""v1"",""q1"",[""v3""]],[""invoke"",""v8"",""v1"",""q1"",[""v2""]],[""move"",""v9"",""v4""],[""move"",""v10"",""v9""],[""invoke"",null,""v10"",""q0"",[]],[""return"",null]]]]]],[[""s0"",""c5"",""c5""]],[[""e0"",""s0"",""q2"",[]]]]","[[""p0"",""p1"",""p2""],[[""c0"",null,[],[[""m0.0"",""q0"",[],null,[],[[""return"",null]]]]],[""c1"",""c0"",[],[[""m1.0"",""q0"",[],null,[],[[""check"",""p0""],[""return"",null]]]]],[""c2"",""c0"",[],[[""m2.0"",""q0"",[],null,[],[[""check"",""p1""],[""return"",null]]]]],[""c3"",null,[],[[""m3.0"",""q1"",[""c0""],""c0"",[],[[""return"",""v1""]]]]],[""c4"",""c3"",[],[]],[""c5"",null,[],[[""m5.0"",""q2"",[],null,[""c3"",""c0"",""c0"",""c0"",""c0"",""c0"",""c0"",""c0"",""c0"",""c0"",""c0""],[[""new"",""v1"",""c4""],[""new"",""v2"",""c1""],[""new"",""v3"",""c2""],[""invoke"",""v4"",""v1"",""q1"",[""v2""]],[""invoke"",""v5"",""v1"",""q1"",[""v3""]],[""invoke"",""v6"",""v1"",""q1"",[""v2""]],[""invoke"",""v7"",""v1"",""q1"",[""v3""]],[""invoke"",""v8"",""v1"",""q1"",[""v2""]],[""move"",""v9"",""v4""],[""move"",""v10"",""v9""],[""move"",""v11"",""v10""],[""invoke"",null,""v11"",""q0"",[]],[""return"",null]]]]]],[[""s0"",""c5"",""c5""]],[[""e0"",""s0"",""q2"",[]]]]"
143,context,3,3,1,0,False,"[[""p0"",""p1"",""p2""],[[""c0"",null,[],[[""m0.0"",""q0"",[],null,[],[[""return"",null]]]]],[""c1"",""c0"",[],[[""m1.0"",""q0"",[],null,[],[[""check"",""p0""],[""return"",null]]]]],[""c2"",""c0"",[],[[""m2.0"",""q0"",[],null,[],[[""check"",""p1""],[""return"",null]]]]],[""c3"",null,[],[[""m3.0"",""q1"",[""c0""],""c0"",[],[[""return"",""v1""]]]]],[""c4"",""c3"",[],[]],[""c5"",null,[],[[""m5.0"",""q2"",[],null,[""c3"",""c0"",""c0"",""c0"",""c0"",""c0"",""c0"",""c0"",""c0"",""c0"",""c0""],[[""new"",""v1"",""c4""],[""new"",""v2"",""c1""],[""new"",""v3"",""c2""],[""invoke"",""v4"",""v1"",""q1"",[""v2""]],[""invoke"",""v5"",""v1"",""q1"",[""v3""]],[""invoke"",""v6"",""v1"",""q1"",[""v2""]],[""invoke"",""v7"",""v1"",""q1"",[""v3""]],[""invoke"",""v8"",""v1"",""q1"",[""v2""]],[""move"",""v9"",""v4""],[""move"",""v10"",""v9""],[""move"",""v11"",""v10""],[""invoke"",null,""v11"",""q0"",[]],[""return"",null]]]]]],[[""s0"",""c5"",""c5""]],[[""e0"",""s0"",""q2"",[]]]]","[[""p0"",""p1"",""p2""],[[""c0"",null,[],[[""m0.0"",""q0"",[],null,[],[[""return"",null]]]]],[""c1"",""c0"",[],[[""m1.0"",""q0"",[],null,[],[[""check"",""p0""],[""return"",null]]]]],[""c2"",""c0"",[],[[""m2.0"",""q0"",[],null,[],[[""check"",""p1""],[""return"",null]]]]],[""c3"",null,[],[[""m3.0"",""q1"",[""c0""],""c0"",[],[[""return"",""v1""]]]]],[""c4"",""c3"",[],[]],[""c5"",null,[],[[""m5.0"",""q2"",[],null,[""c3"",""c0"",""c0"",""c0"",""c0"",""c0"",""c0"",""c0"",""c0"",""c0"",""c0""],[[""new"",""v1"",""c4""],[""new"",""v2"",""c1""],[""new"",""v3"",""c2""],[""invoke"",""v4"",""v1"",""q1"",[""v2""]],[""invoke"",""v5"",""v1"",""q1"",[""v3""]],[""invoke"",""v6"",""v1"",""q1"",[""v2""]],[""invoke"",""v7"",""v1"",""q1"",[""v3""]],[""invoke"",""v8"",""v1"",""q1"",[""v2""]],[""move"",""v9"",""v5""],[""move"",""v10"",""v9""],[""move"",""v11"",""v10""],[""invoke"",null,""v11"",""q0"",[]],[""return"",null]]]]]],[[""s0"",""c5"",""c5""]],[[""e0"",""s0"",""q2"",[]]]]"
144,context,4,3,1,0,True,"[[""p0"",""p1"",""p2""],[[""c0"",null,[],[[""m0.0"",""q0"",[],null,[],[[""return"",null]]]]],[""c1"",""c0"",[],[[""m1.0"",""q0"",[],null,[],[[""check"",""p0""],[""return"",null]]]]],[""c2"",""c0"",[],[[""m2.0"",""q0"",[],null,[],[[""check"",""p1""],[""return"",null]]]]],[""c3"",null,[],[[""m3.0"",""q1"",[""c0""],""c0"",[],[[""return"",""v1""]]]]],[""c4"",""c3"",[],[]],[""c5"",null,[],[[""m5.0"",""q2"",[],null,[""c3"",""c0"",""c0"",""c0"",""c0"",""c0"",""c0"",""c0"",""c0"",""c0"",""c0"",""c0""],[[""new"",""v1"",""c4""],[""new"",""v2"",""c1""],[""new"",""v3"",""c2""],[""invoke"",""v4"",""v1"",""q1"",[""v2""]],[""invoke"",""v5"",""v1"",""q1"",[""v3""]],[""invoke"",""v6"",""v1"",""q1"",[""v2""]],[""invoke"",""v7"",""v1"",""q1"",[""v3""]],[""invoke"",""v8"",""v1"",""q1"",[""v2""]],[""move"",""v9"",""v4""],[""move"",""v10"",""v9""],[""move"",""v11"",""v10""],[""move"",""v12"",""v11""],[""invoke"",null,""v12"",""q0"",[]],[""return"",null]]]]]],[[""s0"",""c5"",""c5""]],[[""e0"",""s0"",""q2"",[]]]]","[[""p0"",""p1"",""p2""],[[""c0"",null,[],[[""m0.0"",""q0"",[],null,[],[[""return"",null]]]]],[""c1"",""c0"",[],[[""m1.0"",""q0"",[],null,[],[[""check"",""p0""],[""return"",null]]]]],[""c2"",""c0"",[],[[""m2.0"",""q0"",[],null,[],[[""check"",""p1""],[""return"",null]]]]],[""c3"",null,[],[[""m3.0"",""q1"",[""c0""],""c0"",[],[[""return"",""v1""]]]]],[""c4"",""c3"",[],[]],[""c5"",null,[],[[""m5.0"",""q2"",[],null,[""c3"",""c0"",""c0"",""c0"",""c0"",""c0"",""c0"",""c0"",""c0"",""c0"",""c0"",""c0""],[[""new"",""v1"",""c4""],[""new"",""v2"",""c1""],[""new"",""v3"",""c2""],[""invoke"",""v4"",""v1"",""q1"",[""v2""]],[""invoke"",""v5"",""v1"",""q1"",[""v3""]],[""invoke"",""v6"",""v1"",""q1"",[""v2""]],[""invoke"",""v7"",""v1"",""q1"",[""v3""]],[""invoke"",""v8"",""v1"",""q1"",[""v2""]],[""move"",""v9"",""v4""],[""move"",""v10"",""v9""],[""move"",""v11"",""v10""],[""move"",""v12"",""v11""],[""invoke"",null,""v12"",""q0"",[]],[""return"",null]]]]],[""c6"",null,[],[[""m6.0"",""q3"",[],null,[],[[""check"",""p0""],[""return"",null]]]]]],[[""s0"",""c5"",""c5""]],[[""e0"",""s0"",""q2"",[]]]]"
145,context,0,4,1,2,False,"[[""p0"",""p1"",""p2""],[[""c0"",null,[],[[""m0.0"",""q0"",[],null,[],[[""return"",null]]]]],[""c1"",""c0"",[],[[""m1.0"",""q0"",[],null,[],[[""check"",""p0""],[""return"",null]]]]],[""c2"",""c0"",[],[[""m2.0"",""q0"",[],null,[],[[""check"",""p1""],[""return"",null]]]]],[""c3"",null,[],[[""m3.0"",""q1"",[""c0""],""c0"",[],[[""return"",""v1""]]]]],[""c4"",""c3"",[],[]],[""c5"",null,[],[[""m5.0"",""q2"",[],null,[""c3"",""c0"",""c0"",""c0"",""c0"",""c0"",""c0"",""c0"",""c0""],[[""new"",""v1"",""c4""],[""new"",""v2"",""c1""],[""new"",""v3"",""c2""],[""invoke"",""v4"",""v1"",""q1"",[""v2""]],[""invoke"",""v5"",""v1"",""q1"",[""v3""]],[""invoke"",""v6"",""v1"",""q1"",[""v2""]],[""invoke"",""v7"",""v1"",""q1"",[""v3""]],[""invoke"",""v8"",""v1"",""q1"",[""v2""]],[""invoke"",""v9"",""v1"",""q1"",[""v3""]],[""invoke"",null,""v4"",""q0"",[]],[""opaque"",[[""direct"",null,""m5.1"",[]]]],[""return"",null]]],[""m5.1"",""q3"",[],null,[],[[""opaque"",[[""check"",""p2""]]],[""return"",null]]]]]],[[""s0"",""c5"",""c5""]],[[""e0"",""s0"",""q2"",[]]]]","[[""p0"",""p1"",""p2""],[[""c0"",null,[],[[""m0.0"",""q0"",[],null,[],[[""return"",null]]]]],[""c1"",""c0"",[],[[""m1.0"",""q0"",[],null,[],[[""check"",""p0""],[""return"",null]]]]],[""c2"",""c0"",[],[[""m2.0"",""q0"",[],null,[],[[""check"",""p1""],[""return"",null]]]]],[""c3"",null,[],[[""m3.0"",""q1"",[""c0""],""c0"",[],[[""return"",""v1""]]]]],[""c4"",""c3"",[],[]],[""c5"",null,[],[[""m5.0"",""q2"",[],null,[""c3"",""c0"",""c0"",""c0"",""c0"",""c0"",""c0"",""c0"",""c0""],[[""new"",""v1"",""c4""],[""new"",""v2"",""c1""],[""new"",""v3"",""c2""],[""invoke"",""v4"",""v1"",""q1"",[""v2""]],[""invoke"",""v5"",""v1"",""q1"",[""v3""]],[""invoke"",""v6"",""v1"",""q1"",[""v2""]],[""invoke"",""v7"",""v1"",""q1"",[""v3""]],[""invoke"",""v8"",""v1"",""q1"",[""v2""]],[""invoke"",""v9"",""v1"",""q1"",[""v3""]],[""invoke"",null,""v5"",""q0"",[]],[""opaque"",[[""direct"",null,""m5.1"",[]]]],[""return"",null]]],[""m5.1"",""q3"",[],null,[],[[""opaque"",[[""check"",""p2""]]],[""return"",null]]]]]],[[""s0"",""c5"",""c5""]],[[""e0"",""s0"",""q2"",[]]]]"
146,context,1,4,1,0,True,"[[""p0"",""p1"",""p2""],[[""c0"",null,[],[[""m0.0"",""q0"",[],null,[],[[""return"",null]]]]],[""c1"",""c0"",[],[[""m1.0"",""q0"",[],null,[],[[""check"",""p0""],[""return"",null]]]]],[""c2"",""c0"",[],[[""m2.0"",""q0"",[],null,[],[[""check"",""p1""],[""return"",null]]]]],[""c3"",null,[],[[""m3.0"",""q1"",[""c0""],""c0"",[],[[""return"",""v1""]]]]],[""c4"",""c3"",[],[]],[""c5"",null,[],[[""m5.0"",""q2"",[],null,[""c3"",""c0"",""c0"",""c0"",""c0"",""c0"",""c0"",""c0"",""c0"",""c0""],[[""new"",""v1"",""c4""],[""new"",""v2"",""c1""],[""new"",""v3"",""c2""],[""invoke"",""v4"",""v1"",""q1"",[""v2""]],[""invoke"",""v5"",""v1"",""q1"",[""v3""]],[""invoke"",""v6"",""v1"",""q1"",[""v2""]],[""invoke"",""v7"",""v1"",""q1"",[""v3""]],[""invoke"",""v8"",""v1"",""q1"",[""v2""]],[""invoke"",""v9"",""v1"",""q1"",[""v3""]],[""move"",""v10"",""v4""],[""invoke"",null,""v10"",""q0"",[]],[""return"",null]]]]]],[[""s0"",""c5"",""c5""]],[[""e0"",""s0"",""q2"",[]]]]","[[""p0"",""p1"",""p2""],[[""c0"",null,[],[[""m0.0"",""q0"",[],null,[],[[""return"",null]]]]],[""c1"",""c0"",[],[[""m1.0"",""q0"",[],null,[],[[""check"",""p0""],[""return"",null]]]]],[""c2"",""c0"",[],[[""m2.0"",""q0"",[],null,[],[[""check"",""p1""],[""return"",null]]]]],[""c3"",null,[],[[""m3.0"",""q1"",[""c0""],""c0"",[],[[""return"",""v1""]]]]],[""c4"",""c3"",[],[]],[""c5"",null,[],[[""m5.0"",""q2"",[],null,[""c3"",""c0"",""c0"",""c0"",""c0"",""c0"",""c0"",""c0"",""c0"",""c0""],[[""new"",""v1"",""c4""],[""new"",""v2"",""c1""],[""new"",""v3"",""c2""],[""invoke"",""v4"",""v1"",""q1"",[""v2""]],[""invoke"",""v5"",""v1"",""q1"",[""v3""]],[""invoke"",""v6"",""v1"",""q1"",[""v2""]],[""invoke"",""v7"",""v1"",""q1"",[""v3""]],[""invoke"",""v8"",""v1"",""q1"",[""v2""]],[""invoke"",""v9"",""v1"",""q1"",[""v3""]],[""move"",""v10"",""v4""],[""invoke"",null,""v10"",""q0"",[]],[""return"",null]]]]],[""c6"",""c3"",[],[]]],[[""s0"",""c5"",""c5""]],[[""e0"",""s0"",""q2"",[]]]]"
147,context,2,4,1,0,False,"[[""p0"",""p1"",""p2""],[[""c0"",null,[],[[""m0.0"",""q0"",[],null,[],[[""return"",null]]]]],[""c1"",""c0"",[],[[""m1.0"",""q0"",[],null,[],[[""check"",""p0""],[""return"",null]]]]],[""c2"",""c0"",[],[[""m2.0"",""q0"",[],null,[],[[""check"",""p1""],[""return"",null]]]]],[""c3"",null,[],[[""m3.0"",""q1"",[""c0""],""c0"",[],[[""return"",""v1""]]]]],[""c4"",""c3"",[],[]],[""c5"",null,[],[[""m5.0"",""q2"",[],null,[""c3"",""c0"",""c0"",""c0"",""c0"",""c0"",""c0"",""c0"",""c0"",""c0"",""c0""],[[""new"",""v1"",""c4""],[""new"",""v2"",""c1""],[""new"",""v3"",""c2""],[""invoke"",""v4"",""v1"",""q1"",[""v2""]],[""invoke"",""v5"",""v1"",""q1"",[""v3""]],[""invoke"",""v6"",""v1"",""q1"",[""v2""]],[""invoke"",""v7"",""v1"",""q1"",[""v3""]],[""invoke"",""v8"",""v1"",""q1"",[""v2""]],[""invoke"",""v9"",""v1"",""q1"",[""v3""]],[""move"",""v10"",""v4""],[""move"",""v11"",""v10""],[""invoke"",null,""v11"",""q0"",[]],[""return"",null]]]]]],[[""s0"",""c5"",""c5""]],[[""e0"",""s0"",""q2"",[]]]]","[[""p0"",""p1"",""p2""],[[""c0"",null,[],[[""m0.0"",""q0"",[],null,[],[[""return"",null]]]]],[""c1"",""c0"",[],[[""m1.0"",""q0"",[],null,[],[[""check"",""p0""],[""return"",null]]]]],[""c2"",""c0"",[],[[""m2.0"",""q0"",[],null,[],[[""check"",""p1""],[""return"",null]]]]],[""c3"",null,[],[[""m3.0"",""q1"",[""c0""],""c0"",[],[[""return"",""v1""]]]]],[""c4"",""c3"",[],[]],[""c5"",null,[],[[""m5.0"",""q2"",[],null,[""c3"",""c0"",""c0"",""c0"",""c0"",""c0"",""c0"",""c0"",""c0"",""c0"",""c0""],[[""new"",""v1"",""c4""],[""new"",""v2"",""c1""],[""new"",""v3"",""c2""],[""invoke"",""v4"",""v1"",""q1"",[""v2""]],[""invoke"",""v5"",""v1"",""q1"",[""v3""]],[""invoke"",""v6"",""v1"",""q1"",[""v2""]],[""invoke"",""v7"",""v1"",""q1"",[""v3""]],[""invoke"",""v8"",""v1"",""q1"",[""v2""]],[""invoke"",""v9"",""v1"",""q1"",[""v3""]],[""move"",""v10"",""v5""],[""move"",""v11"",""v10""],[""invoke"",null,""v11"",""q0"",[]],[""return"",null]]]]]],[[""s0"",""c5"",""c5""]],[[""e0"",""s0"",""q2"",[]]]]"
148,context,3,4,1,0,True,"[[""p0"",""p1"",""p2""],[[""c0"",null,[],[[""m0.0"",""q0"",[],null,[],[[""return"",null]]]]],[""c1"",""c0"",[],[[""m1.0"",""q0"",[],null,[],[[""check"",""p0""],[""return"",null]]]]],[""c2"",""c0"",[],[[""m2.0"",""q0"",[],null,[],[[""check"",""p1""],[""return"",null]]]]],[""c3"",null,[],[[""m3.0"",""q1"",[""c0""],""c0"",[],[[""return"",""v1""]]]]],[""c4"",""c3"",[],[]],[""c5"",null,[],[[""m5.0"",""q2"",[],null,[""c3"",""c0"",""c0"",""c0"",""c0"",""c0"",""c0"",""c0"",""c0"",""c0"",""c0"",""c0""],[[""new"",""v1"",""c4""],[""new"",""v2"",""c1""],[""new"",""v3"",""c2""],[""invoke"",""v4"",""v1"",""q1"",[""v2""]],[""invoke"",""v5"",""v1"",""q1"",[""v3""]],[""invoke"",""v6"",""v1"",""q1"",[""v2""]],[""invoke"",""v7"",""v1"",""q1"",[""v3""]],[""invoke"",""v8"",""v1"",""q1"",[""v2""]],[""invoke"",""v9"",""v1"",""q1"",[""v3""]],[""move"",""v10"",""v4""],[""move"",""v11"",""v10""],[""move"",""v12"",""v11""],[""invoke"",null,""v12"",""q0"",[]],[""return"",null]]]]]],[[""s0"",""c5"",""c5""]],[[""e0"",""s0"",""q2"",[]]]]","[[""p0"",""p1"",""p2""],[[""c0"",null,[],[[""m0.0"",""q0"",[],null,[],[[""return"",null]]]]],[""c1"",""c0"",[],[[""m1.0"",""q0"",[],null,[],[[""check"",""p0""],[""return"",null]]]]],[""c2"",""c0"",[],[[""m2.0"",""q0"",[],null,[],[[""check"",""p1""],[""return"",null]]]]],[""c3"",null,[],[[""m3.0"",""q1"",[""c0""],""c0"",[],[[""return"",""v1""]]]]],[""c4"",""c3"",[],[]],[""c5"",null,[],[[""m5.0"",""q2"",[],null,[""c3"",""c0"",""c0"",""c0"",""c0"",""c0"",""c0"",""c0"",""c0"",""c0"",""c0"",""c0"",""c0""],[[""new"",""v1"",""c4""],[""new"",""v2"",""c1""],[""new"",""v3"",""c2""],[""invoke"",""v4"",""v1"",""q1"",[""v2""]],[""invoke"",""v5"",""v1"",""q1"",[""v3""]],[""invoke"",""v6"",""v1"",""q1"",[""v2""]],[""invoke"",""v7"",""v1"",""q1"",[""v3""]],[""invoke"",""v8"",""v1"",""q1"",[""v2""]],[""invoke"",""v9"",""v1"",""q1"",[""v3""]],[""move"",""v10"",""v4""],[""move"",""v11"",""v10""],[""move"",""v12"",""v11""],[""move"",""v13"",""v12""],[""invoke"",null,""v13"",""q0"",[]],[""return"",null]]]]]],[[""s0"",""c5"",""c5""]],[[""e0"",""s0"",""q2"",[]]]]"
149,context,4,4,1,0,False,"[[""p0"",""p1"",""p2""],[[""c0"",null,[],[[""m0.0"",""q0"",[],null,[],[[""return"",null]]]]],[""c1"",""c0"",[],[[""m1.0"",""q0"",[],null,[],[[""check"",""p0""],[""return"",null]]]]],[""c2"",""c0"",[],[[""m2.0"",""q0"",[],null,[],[[""check"",""p1""],[""return"",null]]]]],[""c3"",null,[],[[""m3.0"",""q1"",[""c0""],""c0"",[],[[""return"",""v1""]]]]],[""c4"",""c3"",[],[]],[""c5"",null,[],[[""m5.0"",""q2"",[],null,[""c3"",""c0"",""c0"",""c0"",""c0"",""c0"",""c0"",""c0"",""c0"",""c0"",""c0"",""c0"",""c0""],[[""new"",""v1"",""c4""],[""new"",""v2"",""c1""],[""new"",""v3"",""c2""],[""invoke"",""v4"",""v1"",""q1"",[""v2""]],[""invoke"",""v5"",""v1"",""q1"",[""v3""]],[""invoke"",""v6"",""v1"",""q1"",[""v2""]],[""invoke"",""v7"",""v1"",""q1"",[""v3""]],[""invoke"",""v8"",""v1"",""q1"",[""v2""]],[""invoke"",""v9"",""v1"",""q1"",[""v3""]],[""move"",""v10"",""v4""],[""move"",""v11"",""v10""],[""move"",""v12"",""v11""],[""move"",""v13"",""v12""],[""invoke"",null,""v13"",""q0"",[]],[""return"",null]]]]]],[[""s0"",""c5"",""c5""]],[[""e0"",""s0"",""q2"",[]]]]","[[""p0"",""p1"",""p2""],[[""c0"",null,[],[[""m0.0"",""q0"",[],null,[],[[""return"",null]]]]],[""c1"",""c0"",[],[[""m1.0"",""q0"",[],null,[],[[""check"",""p0""],[""return"",null]]]]],[""c2"",""c0"",[],[[""m2.0"",""q0"",[],null,[],[[""check"",""p1""],[""return"",null]]]]],[""c3"",null,[],[[""m3.0"",""q1"",[""c0""],""c0"",[],[[""return"",""v1""]]]]],[""c4"",""c3"",[],[]],[""c5"",null,[],[[""m5.0"",""q2"",[],null,[""c3"",""c0"",""c0"",""c0"",""c0"",""c0"",""c0"",""c0"",""c0"",""c0"",""c0"",""c0"",""c0""],[[""new"",""v1"",""c4""],[""new"",""v2"",""c1""],[""new"",""v3"",""c2""],[""invoke"",""v4"",""v1"",""q1"",[""v2""]],[""invoke"",""v5"",""v1"",""q1"",[""v3""]],[""invoke"",""v6"",""v1"",""q1"",[""v2""]],[""invoke"",""v7"",""v1"",""q1"",[""v3""]],[""invoke"",""v8"",""v1"",""q1"",[""v2""]],[""invoke"",""v9"",""v1"",""q1"",[""v3""]],[""move"",""v10"",""v5""],[""move"",""v11"",""v10""],[""move"",""v12"",""v11""],[""move"",""v13"",""v12""],[""invoke"",null,""v13"",""q0"",[]],[""return"",null]]]]]],[[""s0"",""c5"",""c5""]],[[""e0"",""s0"",""q2"",[]]]]"
150,context,0,0,2,3,True,"[[""p0"",""p1"",""p2""],[[""c0"",null,[],[[""m0.0"",""q0"",[],null,[],[[""return"",null]]]]],[""c1"",""c0"",[],[[""m1.0"",""q0"",[],null,[],[[""check"",""p0""],[""return"",null]]]]],[""c2"",""c0"",[],[[""m2.0"",""q0"",[],null,[],[[""check"",""p1""],[""return"",null]]]]],[""c3"",null,[],[[""m3.0"",""q1"",[""c0""],""c0"",[],[[""return"",""v1""]]]]],[""c4"",""c3"",[],[]],[""c5"",""c4"",[],[]],[""c6"",null,[],[[""m6.0"",""q2"",[],null,[""c3"",""c0"",""c0"",""c0"",""c0""],[[""new"",""v1"",""c5""],[""new"",""v2"",""c1""],[""new"",""v3"",""c2""],[""invoke"",""v4"",""v1"",""q1"",[""v2""]],[""invoke"",""v5"",""v1"",""q1"",[""v3""]],[""invoke"",null,""v4"",""q0"",[]],[""opaque"",[[""direct"",null,""m6.1"",[]]]],[""return"",null]]],[""m6.1"",""q3"",[],null,[],[[""opaque"",[[""direct"",null,""m6.2"",[]]]],[""return"",null]]],[""m6.2"",""q4"",[],null,[],[[""opaque"",[[""check"",""p2""]]],[""return"",null]]]]]],[[""s0"",""c6"",""c6""]],[[""e0"",""s0"",""q2"",[]]]]","[[""p0"",""p1"",""p2""],[[""c0"",null,[],[[""m0.0"",""q0"",[],null,[],[[""return"",null]]]]],[""c1"",""c0"",[],[[""m1.0"",""q0"",[],null,[],[[""check"",""p0""],[""return"",null]]]]],[""c2"",""c0"",[],[[""m2.0"",""q0"",[],null,[],[[""check"",""p1""],[""return"",null]]]]],[""c3"",null,[],[[""m3.0"",""q1"",[""c0""],""c0"",[],[[""return"",""v1""]]]]],[""c4"",""c3"",[],[]],[""c5"",""c4"",[],[]],[""c6"",null,[],[[""m6.0"",""q2"",[],null,[""c3"",""c0"",""c0"",""c0"",""c0""],[[""new"",""v1"",""c5""],[""new"",""v2"",""c1""],[""new"",""v3"",""c2""],[""invoke"",""v4"",""v1"",""q1"",[""v2""]],[""invoke"",""v5"",""v1"",""q1"",[""v3""]],[""invoke"",null,""v4"",""q0"",[]],[""opaque"",[[""direct"",null,""m6.1"",[]]]],[""return"",null]]],[""m6.1"",""q3"",[],null,[],[[""opaque"",[[""direct"",null,""m6.2"",[]]]],[""return"",null]]],[""m6.2"",""q4"",[],null,[],[[""opaque"",[[""check"",""p2""]]],[""return"",null]]]]],[""c7"",null,[],[[""m7.0"",""q5"",[],null,[],[[""check"",""p0""],[""return"",null]]]]]],[[""s0"",""c6"",""c6""]],[[""e0"",""s0"",""q2"",[]]]]"
151,context,1,0,2,0,False,"[[""p0"",""p1"",""p2""],[[""c0"",null,[],[[""m0.0"",""q0"",[],null,[],[[""return"",null]]]]],[""c1"",""c0"",[],[[""m1.0"",""q0"",[],null,[],[[""check"",""p0""],[""return"",null]]]]],[""c2"",""c0"",[],[[""m2.0"",""q0"",[],null,[],[[""check"",""p1""],[""return"",null]]]]],[""c3"",null,[],[[""m3.0"",""q1"",[""c0""],""c0"",[],[[""return"",""v1""]]]]],[""c4"",""c3"",[],[]],[""c5"",""c4"",[],[]],[""c6"",null,[],[[""m6.0"",""q2"",[],null,[""c3"",""c0"",""c0"",""c0"",""c0"",""c0""],[[""new"",""v1"",""c5""],[""new"",""v2"",""c1""],[""new"",""v3"",""c2""],[""invoke"",""v4"",""v1"",""q1"",[""v2""]],[""invoke"",""v5"",""v1"",""q1"",[""v3""]],[""move"",""v6"",""v4""],[""invoke"",null,""v6"",""q0"",[]],[""return"",null]]]]]],[[""s0"",""c6"",""c6""]],[[""e0"",""s0"",""q2"",[]]]]","[[""p0"",""p1"",""p2""],[[""c0"",null,[],[[""m0.0"",""q0"",[],null,[],[[""return"",null]]]]],[""c1"",""c0"",[],[[""m1.0"",""q0"",[],null,[],[[""check"",""p0""],[""return"",null]]]]],[""c2"",""c0"",[],[[""m2.0"",""q0"",[],null,[],[[""check"",""p1""],[""return"",null]]]]],[""c3"",null,[],[[""m3.0"",""q1"",[""c0""],""c0"",[],[[""return"",""v1""]]]]],[""c4"",""c3"",[],[]],[""c5"",""c4"",[],[]],[""c6"",null,[],[[""m6.0"",""q2"",[],null,[""c3"",""c0"",""c0"",""c0"",""c0"",""c0""],[[""new"",""v1"",""c5""],[""new"",""v2"",""c1""],[""new"",""v3"",""c2""],[""invoke"",""v4"",""v1"",""q1"",[""v2""]],[""invoke"",""v5"",""v1"",""q1"",[""v3""]],[""move"",""v6"",""v5""],[""invoke"",null,""v6"",""q0"",[]],[""return"",null]]]]]],[[""s0"",""c6"",""c6""]],[[""e0"",""s0"",""q2"",[]]]]"
152,context,2,0,2,0,True,"[[""p0"",""p1"",""p2""],[[""c0"",null,[],[[""m0.0"",""q0"",[],null,[],[[""return"",null]]]]],[""c1"",""c0"",[],[[""m1.0"",""q0"",[],null,[],[[""check"",""p0""],[""return"",null]]]]],[""c2"",""c0"",[],[[""m2.0"",""q0"",[],null,[],[[""check"",""p1""],[""return"",null]]]]],[""c3"",null,[],[[""m3.0"",""q1"",[""c0""],""c0"",[],[[""return"",""v1""]]]]],[""c4"",""c3"",[],[]],[""c5"",""c4"",[],[]],[""c6"",null,[],[[""m6.0"",""q2"",[],null,[""c3"",""c0"",""c0"",""c0"",""c0"",""c0"",""c0""],[[""new"",""v1"",""c5""],[""new"",""v2"",""c1""],[""new"",""v3"",""c2""],[""invoke"",""v4"",""v1"",""q1"",[""v2""]],[""invoke"",""v5"",""v1"",""q1"",[""v3""]],[""move"",""v6"",""v4""],[""move"",""v7"",""v6""],[""invoke"",null,""v7"",""q0"",[]],[""return"",null]]]]]],[[""s0"",""c6"",""c6""]],[[""e0"",""s0"",""q2"",[]]]]","[[""p0"",""p1"",""p2""],[[""c0"",null,[],[[""m0.0"",""q0"",[],null,[],[[""return"",null]]]]],[""c1"",""c0"",[],[[""m1.0"",""q0"",[],null,[],[[""check"",""p0""],[""return"",null]]]]],[""c2"",""c0"",[],[[""m2.0"",""q0"",[],null,[],[[""check"",""p1""],[""return"",null]]]]],[""c3"",null,[],[[""m3.0"",""q1"",[""c0""],""c0"",[],[[""return"",""v1""]]]]],[""c4"",""c3"",[],[]],[""c5"",""c4"",[],[]],[""c6"",null,[],[[""m6.0"",""q2"",[],null,[""c3"",""c0"",""c0"",""c0"",""c0"",""c0"",""c0""],[[""new"",""v1"",""c5""],[""new"",""v2"",""c1""],[""new"",""v3"",""c2""],[""invoke"",""v4"",""v1"",""q1"",[""v2""]],[""invoke"",""v5"",""v1"",""q1"",[""v3""]],[""move"",""v6"",""v4""],[""move"",""v7"",""v6""],[""invoke"",null,""v7"",""q0"",[]],[""return"",null]]]]],[""c7"",""c3"",[],[]]],[[""s0"",""c6"",""c6""]],[[""e0"",""s0"",""q2"",[]]]]"
153,context,3,0,2,0,False,"[[""p0"",""p1"",""p2""],[[""c0"",null,[],[[""m0.0"",""q0"",[],null,[],[[""return"",null]]]]],[""c1"",""c0"",[],[[""m1.0"",""q0"",[],null,[],[[""check"",""p0""],[""return"",null]]]]],[""c2"",""c0"",[],[[""m2.0"",""q0"",[],null,[],[[""check"",""p1""],[""return"",null]]]]],[""c3"",null,[],[[""m3.0"",""q1"",[""c0""],""c0"",[],[[""return"",""v1""]]]]],[""c4"",""c3"",[],[]],[""c5"",""c4"",[],[]],[""c6"",null,[],[[""m6.0"",""q2"",[],null,[""c3"",""c0"",""c0"",""c0"",""c0"",""c0"",""c0"",""c0""],[[""new"",""v1"",""c5""],[""new"",""v2"",""c1""],[""new"",""v3"",""c2""],[""invoke"",""v4"",""v1"",""q1"",[""v2""]],[""invoke"",""v5"",""v1"",""q1"",[""v3""]],[""move"",""v6"",""v4""],[""move"",""v7"",""v6""],[""move"",""v8"",""v7""],[""invoke"",null,""v8"",""q0"",[]],[""return"",null]]]]]],[[""s0"",""c6"",""c6""]],[[""e0"",""s0"",""q2"",[]]]]","[[""p0"",""p1"",""p2""],[[""c0"",null,[],[[""m0.0"",""q0"",[],null,[],[[""return"",null]]]]],[""c1"",""c0"",[],[[""m1.0"",""q0"",[],null,[],[[""check"",""p0""],[""return"",null]]]]],[""c2"",""c0"",[],[[""m2.0"",""q0"",[],null,[],[[""check"",""p1""],[""return"",null]]]]],[""c3"",null,[],[[""m3.0"",""q1"",[""c0""],""c0"",[],[[""return"",""v1""]]]]],[""c4"",""c3"",[],[]],[""c5"",""c4"",[],[]],[""c6"",null,[],[[""m6.0"",""q2"",[],null,[""c3"",""c0"",""c0"",""c0"",""c0"",""c0"",""c0"",""c0""],[[""new"",""v1"",""c5""],[""new"",""v2"",""c1""],[""new"",""v3"",""c2""],[""invoke"",""v4"",""v1"",""q1"",[""v2""]],[""invoke"",""v5"",""v1"",""q1"",[""v3""]],[""move"",""v6"",""v5""],[""move"",""v7"",""v6""],[""move"",""v8"",""v7""],[""invoke"",null,""v8"",""q0"",[]],[""return"",null]]]]]],[[""s0"",""c6"",""c6""]],[[""e0"",""s0"",""q2"",[]]]]"
154,context,4,0,2,0,True,"[[""p0"",""p1"",""p2""],[[""c0"",null,[],[[""m0.0"",""q0"",[],null,[],[[""return"",null]]]]],[""c1"",""c0"",[],[[""m1.0"",""q0"",[],null,[],[[""check"",""p0""],[""return"",null]]]]],[""c2"",""c0"",[],[[""m2.0"",""q0"",[],null,[],[[""check"",""p1""],[""return"",null]]]]],[""c3"",null,[],[[""m3.0"",""q1"",[""c0""],""c0"",[],[[""return"",""v1""]]]]],[""c4"",""c3"",[],[]],[""c5"",""c4"",[],[]],[""c6"",null,[],[[""m6.0"",""q2"",[],null,[""c3"",""c0"",""c0"",""c0"",""c0"",""c0"",""c0"",""c0"",""c0""],[[""new"",""v1"",""c5""],[""new"",""v2"",""c1""],[""new"",""v3"",""c2""],[""invoke"",""v4"",""v1"",""q1"",[""v2""]],[""invoke"",""v5"",""v1"",""q1"",[""v3""]],[""move"",""v6"",""v4""],[""move"",""v7"",""v6""],[""move"",""v8"",""v7""],[""move"",""v9"",""v8""],[""invoke"",null,""v9"",""q0"",[]],[""return"",null]]]]]],[[""s0"",""c6"",""c6""]],[[""e0"",""s0"",""q2"",[]]]]","[[""p0"",""p1"",""p2""],[[""c0"",null,[],[[""m0.0"",""q0"",[],null,[],[[""return"",null]]]]],[""c1"",""c0"",[],[[""m1.0"",""q0"",[],null,[],[[""check"",""p0""],[""return"",null]]]]],[""c2"",""c0"",[],[[""m2.0"",""q0"",[],null,[],[[""check"",""p1""],[""return"",null]]]]],[""c3"",null,[],[[""m3.0"",""q1"",[""c0""],""c0"",[],[[""return"",""v1""]]]]],[""c4"",""c3"",[],[]],[""c5"",""c4"",[],[]],[""c6"",null,[],[[""m6.0"",""q2"",[],null,[""c3"",""c0"",""c0"",""c0"",""c0"",""c0"",""c0"",""c0"",""c0"",""c0""],[[""new"",""v1"",""c5""],[""new"",""v2"",""c1""],[""new"",""v3"",""c2""],[""invoke"",""v4"",""v1"",""q1"",[""v2""]],[""invoke"",""v5"",""v1"",""q1"",[""v3""]],[""move"",""v6"",""v4""],[""move"",""v7"",""v6""],[""move"",""v8"",""v7""],[""move"",""v9"",""v8""],[""move"",""v10"",""v9""],[""invoke"",null,""v10"",""q0"",[]],[""return"",null]]]]]],[[""s0"",""c6"",""c6""]],[[""e0"",""s0"",""q2"",[]]]]"
155,context,0,1,2,1,False,"[[""p0"",""p1"",""p2""],[[""c0"",null,[],[[""m0.0"",""q0"",[],null,[],[[""return"",null]]]]],[""c1"",""c0"",[],[[""m1.0"",""q0"",[],null,[],[[""check"",""p0""],[""return"",null]]]]],[""c2"",""c0"",[],[[""m2.0"",""q0"",[],null,[],[[""check"",""p1""],[""return"",null]]]]],[""c3"",null,[],[[""m3.0"",""q1"",[""c0""],""c0"",[],[[""return"",""v1""]]]]],[""c4"",""c3"",[],[]],[""c5"",""c4"",[],[]],[""c6"",null,[],[[""m6.0"",""q2"",[],null,[""c3"",""c0"",""c0"",""c0"",""c0"",""c0""],[[""new"",""v1"",""c5""],[""new"",""v2"",""c1""],[""new"",""v3"",""c2""],[""invoke"",""v4"",""v1"",""q1"",[""v2""]],[""invoke"",""v5"",""v1"",""q1"",[""v3""]],[""invoke"",""v6"",""v1"",""q1"",[""v2""]],[""invoke"",null,""v4"",""q0"",[]],[""opaque"",[[""check"",""p2""]]],[""return"",null]]]]]],[[""s0"",""c6"",""c6""]],[[""e0"",""s0"",""q2"",[]]]]","[[""p0"",""p1"",""p2""],[[""c0"",null,[],[[""m0.0"",""q0"",[],null,[],[[""return"",null]]]]],[""c1"",""c0"",[],[[""m1.0"",""q0"",[],null,[],[[""check"",""p0""],[""return"",null]]]]],[""c2"",""c0"",[],[[""m2.0"",""q0"",[],null,[],[[""check"",""p1""],[""return"",null]]]]],[""c3"",null,[],[[""m3.0"",""q1"",[""c0""],""c0"",[],[[""return"",""v1""]]]]],[""c4"",""c3"",[],[]],[""c5"",""c4"",[],[]],[""c6"",null,[],[[""m6.0"",""q2"",[],null,[""c3"",""c0"",""c0"",""c0"",""c0"",""c0""],[[""new"",""v1"",""c5""],[""new"",""v2"",""c1""],[""new"",""v3"",""c2""],[""invoke"",""v4"",""v1"",""q1"",[""v2""]],[""invoke"",""v5"",""v1"",""q1"",[""v3""]],[""invoke"",""v6"",""v1"",""q1"",[""v2""]],[""invoke"",null,""v5"",""q0"",[]],[""opaque"",[[""check"",""p2""]]],[""return"",null]]]]]],[[""s0"",""c6"",""c6""]],[[""e0"",""s0"",""q2"",[]]]]"
156,context,1,1,2,0,True,"[[""p0"",""p1"",""p2""],[[""c0"",null,[],[[""m0.0"",""q0"",[],null,[],[[""return"",null]]]]],[""c1"",""c0"",[],[[""m1.0"",""q0"",[],null,[],[[""check"",""p0""],[""return"",null]]]]],[""c2"",""c0"",[],[[""m2.0"",""q0"",[],null,[],[[""check"",""p1""],[""return"",null]]]]],[""c3"",null,[],[[""m3.0"",""q1"",[""c0""],""c0"",[],[[""return"",""v1""]]]]],[""c4"",""c3"",[],[]],[""c5"",""c4"",[],[]],[""c6"",null,[],[[""m6.0"",""q2"",[],null,[""c3"",""c0"",""c0"",""c0"",""c0"",""c0"",""c0""],[[""new"",""v1"",""c5""],[""new"",""v2"",""c1""],[""new"",""v3"",""c2""],[""invoke"",""v4"",""v1"",""q1"",[""v2""]],[""invoke"",""v5"",""v1"",""q1"",[""v3""]],[""invoke"",""v6"",""v1"",""q1"",[""v2""]],[""move"",""v7"",""v4""],[""invoke"",null,""v7"",""q0"",[]],[""return"",null]]]]]],[[""s0"",""c6"",""c6""]],[[""e0"",""s0"",""q2"",[]]]]","[[""p0"",""p1"",""p2""],[[""c0"",null,[],[[""m0.0"",""q0"",[],null,[],[[""return"",null]]]]],[""c1"",""c0"",[],[[""m1.0"",""q0"",[],null,[],[[""check"",""p0""],[""return"",null]]]]],[""c2"",""c0"",[],[[""m2.0"",""q0"",[],null,[],[[""check"",""p1""],[""return"",null]]]]],[""c3"",null,[],[[""m3.0"",""q1"",[""c0""],""c0"",[],[[""return"",""v1""]]]]],[""c4"",""c3"",[],[]],[""c5"",""c4"",[],[]],[""c6"",null,[],[[""m6.0"",""q2"",[],null,[""c3"",""c0"",""c0"",""c0"",""c0"",""c0"",""c0""],[[""new"",""v1"",""c5""],[""new"",""v2"",""c1""],[""new"",""v3"",""c2""],[""invoke"",""v4"",""v1"",""q1"",[""v2""]],[""invoke"",""v5"",""v1"",""q1"",[""v3""]],[""invoke"",""v6"",""v1"",""q1"",[""v2""]],[""move"",""v7"",""v4""],[""invoke"",null,""v7"",""q0"",[]],[""return"",null]]]]],[""c7"",null,[],[[""m7.0"",""q3"",[],null,[],[[""check"",""p0""],[""return"",null]]]]]],[[""s0"",""c6"",""c6""]],[[""e0"",""s0"",""q2"",[]]]]"
157,context,2,1,2,0,False,"[[""p0"",""p1"",""p2""],[[""c0"",null,[],[[""m0.0"",""q0"",[],null,[],[[""return"",null]]]]],[""c1"",""c0"",[],[[""m1.0"",""q0"",[],null,[],[[""check"",""p0""],[""return"",null]]]]],[""c2"",""c0"",[],[[""m2.0"",""q0"",[],null,[],[[""check"",""p1""],[""return"",null]]]]],[""c3"",null,[],[[""m3.0"",""q1"",[""c0""],""c0"",[],[[""return"",""v1""]]]]],[""c4"",""c3"",[],[]],[""c5"",""c4"",[],[]],[""c6"",null,[],[[""m6.0"",""q2"",[],null,[""c3"",""c0"",""c0"",""c0"",""c0"",""c0"",""c0"",""c0""],[[""new"",""v1"",""c5""],[""new"",""v2"",""c1""],[""new"",""v3"",""c2""],[""invoke"",""v4"",""v1"",""q1"",[""v2""]],[""invoke"",""v5"",""v1"",""q1"",[""v3""]],[""invoke"",""v6"",""v1"",""q1"",[""v2""]],[""move"",""v7"",""v4""],[""move"",""v8"",""v7""],[""invoke"",null,""v8"",""q0"",[]],[""return"",null]]]]]],[[""s0"",""c6"",""c6""]],[[""e0"",""s0"",""q2"",[]]]]","[[""p0"",""p1"",""p2""],[[""c0"",null,[],[[""m0.0"",""q0"",[],null,[],[[""return"",null]]]]],[""c1"",""c0"",[],[[""m1.0"",""q0"",[],null,[],[[""check"",""p0""],[""return"",null]]]]],[""c2"",""c0"",[],[[""m2.0"",""q0"",[],null,[],[[""check"",""p1""],[""return"",null]]]]],[""c3"",null,[],[[""m3.0"",""q1"",[""c0""],""c0"",[],[[""return"",""v1""]]]]],[""c4"",""c3"",[],[]],[""c5"",""c4"",[],[]],[""c6"",null,[],[[""m6.0"",""q2"",[],null,[""c3"",""c0"",""c0"",""c0"",""c0"",""c0"",""c0"",""c0""],[[""new"",""v1"",""c5""],[""new"",""v2"",""c1""],[""new"",""v3"",""c2""],[""invoke"",""v4"",""v1"",""q1"",[""v2""]],[""invoke"",""v5"",""v1"",""q1"",[""v3""]],[""invoke"",""v6"",""v1"",""q1"",[""v2""]],[""move"",""v7"",""v5""],[""move"",""v8"",""v7""],[""invoke"",null,""v8"",""q0"",[]],[""return"",null]]]]]],[[""s0"",""c6"",""c6""]],[[""e0"",""s0"",""q2"",[]]]]"
158,context,3,1,2,0,True,"[[""p0"",""p1"",""p2""],[[""c0"",null,[],[[""m0.0"",""q0"",[],null,[],[[""return"",null]]]]],[""c1"",""c0"",[],[[""m1.0"",""q0"",[],null,[],[[""check"",""p0""],[""return"",null]]]]],[""c2"",""c0"",[],[[""m2.0"",""q0"",[],null,[],[[""check"",""p1""],[""return"",null]]]]],[""c3"",null,[],[[""m3.0"",""q1"",[""c0""],""c0"",[],[[""return"",""v1""]]]]],[""c4"",""c3"",[],[]],[""c5"",""c4"",[],[]],[""c6"",null,[],[[""m6.0"",""q2"",[],null,[""c3"",""c0"",""c0"",""c0"",""c0"",""c0"",""c0"",""c0"",""c0""],[[""new"",""v1"",""c5""],[""new"",""v2"",""c1""],[""new"",""v3"",""c2""],[""invoke"",""v4"",""v1"",""q1"",[""v2""]],[""invoke"",""v5"",""v1"",""q1"",[""v3""]],[""invoke"",""v6"",""v1"",""q1"",[""v2""]],[""move"",""v7"",""v4""],[""move"",""v8"",""v7""],[""move"",""v9"",""v8""],[""invoke"",null,""v9"",""q0"",[]],[""return"",null]]]]]],[[""s0"",""c6"",""c6""]],[[""e0"",""s0"",""q2"",[]]]]","[[""p0"",""p1"",""p2""],[[""c0"",null,[],[[""m0.0"",""q0"",[],null,[],[[""return"",null]]]]],[""c1"",""c0"",[],[[""m1.0"",""q0"",[],null,[],[[""check"",""p0""],[""return"",null]]]]],[""c2"",""c0"",[],[[""m2.0"",""q0"",[],null,[],[[""check"",""p1""],[""return"",null]]]]],[""c3"",null,[],[[""m3.0"",""q1"",[""c0""],""c0"",[],[[""return"",""v1""]]]]],[""c4"",""c3"",[],[]],[""c5"",""c4"",[],[]],[""c6"",null,[],[[""m6.0"",""q2"",[],null,[""c3"",""c0"",""c0"",""c0"",""c0"",""c0"",""c0"",""c0"",""c0""],[[""new"",""v1"",""c5""],[""new"",""v2"",""c1""],[""new"",""v3"",""c2""],[""invoke"",""v4"",""v1"",""q1"",[""v2""]],[""invoke"",""v5"",""v1"",""q1"",[""v3""]],[""invoke"",""v6"",""v1"",""q1"",[""v2""]],[""move"",""v7"",""v4""],[""move"",""v8"",""v7""],[""move"",""v9"",""v8""],[""invoke"",null,""v9"",""q0"",[]],[""return"",null]]]]],[""c7"",""c3"",[],[]]],[[""s0"",""c6"",""c6""]],[[""e0"",""s0"",""q2"",[]]]]"
159,context,4,1,2,0,False,"[[""p0"",""p1"",""p2""],[[""c0"",null,[],[[""m0.0"",""q0"",[],null,[],[[""return"",null]]]]],[""c1"",""c0"",[],[[""m1.0"",""q0"",[],null,[],[[""check"",""p0""],[""return"",null]]]]],[""c2"",""c0"",[],[[""m2.0"",""q0"",[],null,[],[[""check"",""p1""],[""return"",null]]]]],[""c3"",null,[],[[""m3.0"",""q1"",[""c0""],""c0"",[],[[""return"",""v1""]]]]],[""c4"",""c3"",[],[]],[""c5"",""c4"",[],[]],[""c6"",null,[],[[""m6.0"",""q2"",[],null,[""c3"",""c0"",""c0"",""c0"",""c0"",""c0"",""c0"",""c0"",""c0"",""c0""],[[""new"",""v1"",""c5""],[""new"",""v2"",""c1""],[""new"",""v3"",""c2""],[""invoke"",""v4"",""v1"",""q1"",[""v2""]],[""invoke"",""v5"",""v1"",""q1"",[""v3""]],[""invoke"",""v6"",""v1"",""q1"",[""v2""]],[""move"",""v7"",""v4""],[""move"",""v8"",""v7""],[""move"",""v9"",""v8""],[""move"",""v10"",""v9""],[""invoke"",null,""v10"",""q0"",[]],[""return"",null]]]]]],[[""s0"",""c6"",""c6""]],[[""e0"",""s0"",""q2"",[]]]]","[[""p0"",""p1"",""p2""],[[""c0"",null,[],[[""m0.0"",""q0"",[],null,[],[[""return"",null]]]]],[""c1"",""c0"",[],[[""m1.0"",""q0"",[],null,[],[[""check"",""p0""],[""return"",null]]]]],[""c2"",""c0"",[],[[""m2.0"",""q0"",[],null,[],[[""check"",""p1""],[""return"",null]]]]],[""c3"",null,[],[[""m3.0"",""q1"",[""c0""],""c0"",[],[[""return"",""v1""]]]]],[""c4"",""c3"",[],[]],[""c5"",""c4"",[],[]],[""c6"",null,[],[[""m6.0"",""q2"",[],null,[""c3"",""c0"",""c0"",""c0"",""c0"",""c0"",""c0"",""c0"",""c0"",""c0""],[[""new"",""v1"",""c5""],[""new"",""v2"",""c1""],[""new"",""v3"",""c2""],[""invoke"",""v4"",""v1"",""q1"",[""v2""]],[""invoke"",""v5"",""v1"",""q1"",[""v3""]],[""invoke"",""v6"",""v1"",""q1"",[""v2""]],[""move"",""v7"",""v5""],[""move"",""v8"",""v7""],[""move"",""v9"",""v8""],[""move"",""v10"",""v9""],[""invoke"",null,""v10"",""q0"",[]],[""return"",null]]]]]],[[""s0"",""c6"",""c6""]],[[""e0"",""s0"",""q2"",[]]]]"
160,context,0,2,2,2,True,"[[""p0"",""p1"",""p2""],[[""c0"",null,[],[[""m0.0"",""q0"",[],null,[],[[""return"",null]]]]],[""c1"",""c0"",[],[[""m1.0"",""q0"",[],null,[],[[""check"",""p0""],[""return"",null]]]]],[""c2"",""c0"",[],[[""m2.0"",""q0"",[],null,[],[[""check"",""p1""],[""return"",null]]]]],[""c3"",null,[],[[""m3.0"",""q1"",[""c0""],""c0"",[],[[""return"",""v1""]]]]],[""c4"",""c3"",[],[]],[""c5"",""c4"",[],[]],[""c6"",null,[],[[""m6.0"",""q2"",[],null,[""c3"",""c0"",""c0"",""c0"",""c0"",""c0"",""c0""],[[""new"",""v1"",""c5""],[""new"",""v2"",""c1""],[""new"",""v3"",""c2""],[""invoke"",""v4"",""v1"",""q1"",[""v2""]],[""invoke"",""v5"",""v1"",""q1"",[""v3""]],[""invoke"",""v6"",""v1"",""q1"",[""v2""]],[""invoke"",""v7"",""v1"",""q1"",[""v3""]],[""invoke"",null,""v4"",""q0"",[]],[""opaque"",[[""direct"",null,""m6.1"",[]]]],[""return"",null]]],[""m6.1"",""q3"",[],null,[],[[""opaque"",[[""check"",""p2""]]],[""return"",null]]]]]],[[""s0"",""c6"",""c6""]],[[""e0"",""s0"",""q2"",[]]]]","[[""p0"",""p1"",""p2""],[[""c0"",null,[],[[""m0.0"",""q0"",[],null,[],[[""return"",null]]]]],[""c1"",""c0"",[],[[""m1.0"",""q0"",[],null,[],[[""check"",""p0""],[""return"",null]]]]],[""c2"",""c0"",[],[[""m2.0"",""q0"",[],null,[],[[""check"",""p1""],[""return"",null]]]]],[""c3"",null,[],[[""m3.0"",""q1"",[""c0""],""c0"",[],[[""return"",""v1""]]]]],[""c4"",""c3"",[],[]],[""c5"",""c4"",[],[]],[""c6"",null,[],[[""m6.0"",""q2"",[],null,[""c3"",""c0"",""c0"",""c0"",""c0"",""c0"",""c0"",""c0""],[[""new"",""v1"",""c5""],[""new"",""v2"",""c1""],[""new"",""v3"",""c2""],[""invoke"",""v4"",""v1"",""q1"",[""v2""]],[""invoke"",""v5"",""v1"",""q1"",[""v3""]],[""invoke"",""v6"",""v1"",""q1"",[""v2""]],[""invoke"",""v7"",""v1"",""q1"",[""v3""]],[""move"",""v8"",""v4""],[""invoke"",null,""v8"",""q0"",[]],[""opaque"",[[""direct"",null,""m6.1"",[]]]],[""return"",null]]],[""m6.1"",""q3"",[],null,[],[[""opaque"",[[""check"",""p2""]]],[""return"",null]]]]]],[[""s0"",""c6"",""c6""]],[[""e0"",""s0"",""q2"",[]]]]"
161,context,1,2,2,0,False,"[[""p0"",""p1"",""p2""],[[""c0"",null,[],[[""m0.0"",""q0"",[],null,[],[[""return"",null]]]]],[""c1"",""c0"",[],[[""m1.0"",""q0"",[],null,[],[[""check"",""p0""],[""return"",null]]]]],[""c2"",""c0"",[],[[""m2.0"",""q0"",[],null,[],[[""check"",""p1""],[""return"",null]]]]],[""c3"",null,[],[[""m3.0"",""q1"",[""c0""],""c0"",[],[[""return"",""v1""]]]]],[""c4"",""c3"",[],[]],[""c5"",""c4"",[],[]],[""c6"",null,[],[[""m6.0"",""q2"",[],null,[""c3"",""c0"",""c0"",""c0"",""c0"",""c0"",""c0"",""c0""],[[""new"",""v1"",""c5""],[""new"",""v2"",""c1""],[""new"",""v3"",""c2""],[""invoke"",""v4"",""v1"",""q1"",[""v2""]],[""invoke"",""v5"",""v1"",""q1"",[""v3""]],[""invoke"",""v6"",""v1"",""q1"",[""v2""]],[""invoke"",""v7"",""v1"",""q1"",[""v3""]],[""move"",""v8"",""v4""],[""invoke"",null,""v8"",""q0"",[]],[""return"",null]]]]]],[[""s0"",""c6"",""c6""]],[[""e0"",""s0"",""q2"",[]]]]","[[""p0"",""p1"",""p2""],[[""c0"",null,[],[[""m0.0"",""q0"",[],null,[],[[""return"",null]]]]],[""c1"",""c0"",[],[[""m1.0"",""q0"",[],null,[],[[""check"",""p0""],[""return"",null]]]]],[""c2"",""c0"",[],[[""m2.0"",""q0"",[],null,[],[[""check"",""p1""],[""return"",null]]]]],[""c3"",null,[],[[""m3.0"",""q1"",[""c0""],""c0"",[],[[""return"",""v1""]]]]],[""c4"",""c3"",[],[]],[""c5"",""c4"",[],[]],[""c6"",null,[],[[""m6.0"",""q2"",[],null,[""c3"",""c0"",""c0"",""c0"",""c0"",""c0"",""c0"",""c0""],[[""new"",""v1"",""c5""],[""new"",""v2"",""c1""],[""new"",""v3"",""c2""],[""invoke"",""v4"",""v1"",""q1"",[""v2""]],[""invoke"",""v5"",""v1"",""q1"",[""v3""]],[""invoke"",""v6"",""v1"",""q1"",[""v2""]],[""invoke"",""v7"",""v1"",""q1"",[""v3""]],[""move"",""v8"",""v5""],[""invoke"",null,""v8"",""q0"",[]],[""return"",null]]]]]],[[""s0"",""c6"",""c6""]],[[""e0"",""s0"",""q2"",[]]]]"
162,context,2,2,2,0,True,"[[""p0"",""p1"",""p2""],[[""c0"",null,[],[[""m0.0"",""q0"",[],null,[],[[""return"",null]]]]],[""c1"",""c0"",[],[[""m1.0"",""q0"",[],null,[],[[""check"",""p0""],[""return"",null]]]]],[""c2"",""c0"",[],[[""m2.0"",""q0"",[],null,[],[[""check"",""p1""],[""return"",null]]]]],[""c3"",null,[],[[""m3.0"",""q1"",[""c0""],""c0"",[],[[""return"",""v1""]]]]],[""c4"",""c3"",[],[]],[""c5"",""c4"",[],[]],[""c6"",null,[],[[""m6.0"",""q2"",[],null,[""c3"",""c0"",""c0"",""c0"",""c0"",""c0"",""c0"",""c0"",""c0""],[[""new"",""v1"",""c5""],[""new"",""v2"",""c1""],[""new"",""v3"",""c2""],[""invoke"",""v4"",""v1"",""q1"",[""v2""]],[""invoke"",""v5"",""v1"",""q1"",[""v3""]],[""invoke"",""v6"",""v1"",""q1"",[""v2""]],[""invoke"",""v7"",""v1"",""q1"",[""v3""]],[""move"",""v8"",""v4""],[""move"",""v9"",""v8""],[""invoke"",null,""v9"",""q0"",[]],[""return"",null]]]]]],[[""s0"",""c6"",""c6""]],[[""e0"",""s0"",""q2"",[]]]]","[[""p0"",""p1"",""p2""],[[""c0"",null,[],[[""m0.0"",""q0"",[],null,[],[[""return"",null]]]]],[""c1"",""c0"",[],[[""m1.0"",""q0"",[],null,[],[[""check"",""p0""],[""return"",null]]]]],[""c2"",""c0"",[],[[""m2.0"",""q0"",[],null,[],[[""check"",""p1""],[""return"",null]]]]],[""c3"",null,[],[[""m3.0"",""q1"",[""c0""],""c0"",[],[[""return"",""v1""]]]]],[""c4"",""c3"",[],[]],[""c5"",""c4"",[],[]],[""c6"",null,[],[[""m6.0"",""q2"",[],null,[""c3"",""c0"",""c0"",""c0"",""c0"",""c0"",""c0"",""c0"",""c0""],[[""new"",""v1"",""c5""],[""new"",""v2"",""c1""],[""new"",""v3"",""c2""],[""invoke"",""v4"",""v1"",""q1"",[""v2""]],[""invoke"",""v5"",""v1"",""q1"",[""v3""]],[""invoke"",""v6"",""v1"",""q1"",[""v2""]],[""invoke"",""v7"",""v1"",""q1"",[""v3""]],[""move"",""v8"",""v4""],[""move"",""v9"",""v8""],[""invoke"",null,""v9"",""q0"",[]],[""return"",null]]]]],[""c7"",null,[],[[""m7.0"",""q3"",[],null,[],[[""check"",""p0""],[""return"",null]]]]]],[[""s0"",""c6"",""c6""]],[[""e0"",""s0"",""q2"",[]]]]"
163,context,3,2,2,0,False,"[[""p0"",""p1"",""p2""],[[""c0"",null,[],[[""m0.0"",""q0"",[],null,[],[[""return"",null]]]]],[""c1"",""c0"",[],[[""m1.0"",""q0"",[],null,[],[[""check"",""p0""],[""return"",null]]]]],[""c2"",""c0"",[],[[""m2.0"",""q0"",[],null,[],[[""check"",""p1""],[""return"",null]]]]],[""c3"",null,[],[[""m3.0"",""q1"",[""c0""],""c0"",[],[[""return"",""v1""]]]]],[""c4"",""c3"",[],[]],[""c5"",""c4"",[],[]],[""c6"",null,[],[[""m6.0"",""q2"",[],null,[""c3"",""c0"",""c0"",""c0"",""c0"",""c0"",""c0"",""c0"",""c0"",""c0""],[[""new"",""v1"",""c5""],[""new"",""v2"",""c1""],[""new"",""v3"",""c2""],[""invoke"",""v4"",""v1"",""q1"",[""v2""]],[""invoke"",""v5"",""v1"",""q1"",[""v3""]],[""invoke"",""v6"",""v1"",""q1"",[""v2""]],[""invoke"",""v7"",""v1"",""q1"",[""v3""]],[""move"",""v8"",""v4""],[""move"",""v9"",""v8""],[""move"",""v10"",""v9""],[""invoke"",null,""v10"",""q0"",[]],[""return"",null]]]]]],[[""s0"",""c6"",""c6""]],[[""e0"",""s0"",""q2"",[]]]]","[[""p0"",""p1"",""p2""],[[""c0"",null,[],[[""m0.0"",""q0"",[],null,[],[[""return"",null]]]]],[""c1"",""c0"",[],[[""m1.0"",""q0"",[],null,[],[[""check"",""p0""],[""return"",null]]]]],[""c2"",""c0"",[],[[""m2.0"",""q0"",[],null,[],[[""check"",""p1""],[""return"",null]]]]],[""c3"",null,[],[[""m3.0"",""q1"",[""c0""],""c0"",[],[[""return"",""v1""]]]]],[""c4"",""c3"",[],[]],[""c5"",""c4"",[],[]],[""c6"",null,[],[[""m6.0"",""q2"",[],null,[""c3"",""c0"",""c0"",""c0"",""c0"",""c0"",""c0"",""c0"",""c0"",""c0""],[[""new"",""v1"",""c5""],[""new"",""v2"",""c1""],[""new"",""v3"",""c2""],[""invoke"",""v4"",""v1"",""q1"",[""v2""]],[""invoke"",""v5"",""v1"",""q1"",[""v3""]],[""invoke"",""v6"",""v1"",""q1"",[""v2""]],[""invoke"",""v7"",""v1"",""q1"",[""v3""]],[""move"",""v8"",""v5""],[""move"",""v9"",""v8""],[""move"",""v10"",""v9""],[""invoke"",null,""v10"",""q0"",[]],[""return"",null]]]]]],[[""s0"",""c6"",""c6""]],[[""e0"",""s0"",""q2"",[]]]]"
164,context,4,2,2,0,True,"[[""p0"",""p1"",""p2""],[[""c0"",null,[],[[""m0.0"",""q0"",[],null,[],[[""return"",null]]]]],[""c1"",""c0"",[],[[""m1.0"",""q0"",[],null,[],[[""check"",""p0""],[""return"",null]]]]],[""c2"",""c0"",[],[[""m2.0"",""q0"",[],null,[],[[""check"",""p1""],[""return"",null]]]]],[""c3"",null,[],[[""m3.0"",""q1"",[""c0""],""c0"",[],[[""return"",""v1""]]]]],[""c4"",""c3"",[],[]],[""c5"",""c4"",[],[]],[""c6"",null,[],[[""m6.0"",""q2"",[],null,[""c3"",""c0"",""c0"",""c0"",""c0"",""c0"",""c0"",""c0"",""c0"",""c0"",""c0""],[[""new"",""v1"",""c5""],[""new"",""v2"",""c1""],[""new"",""v3"",""c2""],[""invoke"",""v4"",""v1"",""q1"",[""v2""]],[""invoke"",""v5"",""v1"",""q1"",[""v3""]],[""invoke"",""v6"",""v1"",""q1"",[""v2""]],[""invoke"",""v7"",""v1"",""q1"",[""v3""]],[""move"",""v8"",""v4""],[""move"",""v9"",""v8""],[""move"",""v10"",""v9""],[""move"",""v11"",""v10""],[""invoke"",null,""v11"",""q0"",[]],[""return"",null]]]]]],[[""s0"",""c6"",""c6""]],[[""e0"",""s0"",""q2"",[]]]]","[[""p0"",""p1"",""p2""],[[""c0"",null,[],[[""m0.0"",""q0"",[],null,[],[[""return"",null]]]]],[""c1"",""c0"",[],[[""m1.0"",""q0"",[],null,[],[[""check"",""p0""],[""return"",null]]]]],[""c2"",""c0"",[],[[""m2.0"",""q0"",[],null,[],[[""check"",""p1""],[""return"",null]]]]],[""c3"",null,[],[[""m3.0"",""q1"",[""c0""],""c0"",[],[[""return"",""v1""]]]]],[""c4"",""c3"",[],[]],[""c5"",""c4"",[],[]],[""c6"",null,[],[[""m6.0"",""q2"",[],null,[""c3"",""c0"",""c0"",""c0"",""c0"",""c0"",""c0"",""c0"",""c0"",""c0"",""c0""],[[""new"",""v1"",""c5""],[""new"",""v2"",""c1""],[""new"",""v3"",""c2""],[""invoke"",""v4"",""v1"",""q1"",[""v2""]],[""invoke"",""v5"",""v1"",""q1"",[""v3""]],[""invoke"",""v6"",""v1"",""q1"",[""v2""]],[""invoke"",""v7"",""v1"",""q1"",[""v3""]],[""move"",""v8"",""v4""],[""move"",""v9"",""v8""],[""move"",""v10"",""v9""],[""move"",""v11"",""v10""],[""invoke"",null,""v11"",""q0"",[]],[""return"",null]]]]],[""c7"",""c3"",[],[]]],[[""s0"",""c6"",""c6""]],[[""e0"",""s0"",""q2"",[]]]]"
165,context,0,3,2,3,False,"[[""p0"",""p1"",""p2""],[[""c0"",null,[],[[""m0.0"",""q0"",[],null,[],[[""return"",null]]]]],[""c1"",""c0"",[],[[""m1.0"",""q0"",[],null,[],[[""check"",""p0""],[""return"",null]]]]],[""c2"",""c0"",[],[[""m2.0"",""q0"",[],null,[],[[""check"",""p1""],[""return"",null]]]]],[""c3"",null,[],[[""m3.0"",""q1"",[""c0""],""c0"",[],[[""return"",""v1""]]]]],[""c4"",""c3"",[],[]],[""c5"",""c4"",[],[]],[""c6"",null,[],[[""m6.0"",""q2"",[],null,[""c3"",""c0"",""c0"",""c0"",""c0"",""c0"",""c0"",""c0""],[[""new"",""v1"",""c5""],[""new"",""v2"",""c1""],[""new"",""v3"",""c2""],[""invoke"",""v4"",""v1"",""q1"",[""v2""]],[""invoke"",""v5"",""v1"",""q1"",[""v3""]],[""invoke"",""v6"",""v1"",""q1"",[""v2""]],[""invoke"",""v7"",""v1"",""q1"",[""v3""]],[""invoke"",""v8"",""v1"",""q1"",[""v2""]],[""invoke"",null,""v4"",""q0"",[]],[""opaque"",[[""direct"",null,""m6.1"",[]]]],[""return"",null]]],[""m6.1"",""q3"",[],null,[],[[""opaque"",[[""direct"",null,""m6.2"",[]]]],[""return"",null]]],[""m6.2"",""q4"",[],null,[],[[""opaque"",[[""check"",""p2""]]],[""return"",null]]]]]],[[""s0"",""c6"",""c6""]],[[""e0"",""s0"",""q2"",[]]]]","[[""p0"",""p1"",""p2""],[[""c0"",null,[],[[""m0.0"",""q0"",[],null,[],[[""return"",null]]]]],[""c1"",""c0"",[],[[""m1.0"",""q0"",[],null,[],[[""check"",""p0""],[""return"",null]]]]],[""c2"",""c0"",[],[[""m2.0"",""q0"",[],null,[],[[""check"",""p1""],[""return"",null]]]]],[""c3"",null,[],[[""m3.0"",""q1"",[""c0""],""c0"",[],[[""return"",""v1""]]]]],[""c4"",""c3"",[],[]],[""c5"",""c4"",[],[]],[""c6"",null,[],[[""m6.0"",""q2"",[],null,[""c3"",""c0"",""c0"",""c0"",""c0"",""c0"",""c0"",""c0""],[[""new"",""v1"",""c5""],[""new"",""v2"",""c1""],[""new"",""v3"",""c2""],[""invoke"",""v4"",""v1"",""q1"",[""v2""]],[""invoke"",""v5"",""v1"",""q1"",[""v3""]],[""invoke"",""v6"",""v1"",""q1"",[""v2""]],[""invoke"",""v7"",""v1"",""q1"",[""v3""]],[""invoke"",""v8"",""v1"",""q1"",[""v2""]],[""invoke"",null,""v5"",""q0"",[]],[""opaque"",[[""direct"",null,""m6.1"",[]]]],[""return"",null]]],[""m6.1"",""q3"",[],null,[],[[""opaque"",[[""direct"",null,""m6.2"",[]]]],[""return"",null]]],[""m6.2"",""q4"",[],null,[],[[""opaque"",[[""check"",""p2""]]],[""return"",null]]]]]],[[""s0"",""c6"",""c6""]],[[""e0"",""s0"",""q2"",[]]]]"
166,context,1,3,2,0,True,"[[""p0"",""p1"",""p2""],[[""c0"",null,[],[[""m0.0"",""q0"",[],null,[],[[""return"",null]]]]],[""c1"",""c0"",[],[[""m1.0"",""q0"",[],null,[],[[""check"",""p0""],[""return"",null]]]]],[""c2"",""c0"",[],[[""m2.0"",""q0"",[],null,[],[[""check"",""p1""],[""return"",null]]]]],[""c3"",null,[],[[""m3.0"",""q1"",[""c0""],""c0"",[],[[""return"",""v1""]]]]],[""c4"",""c3"",[],[]],[""c5"",""c4"",[],[]],[""c6"",null,[],[[""m6.0"",""q2"",[],null,[""c3"",""c0"",""c0"",""c0"",""c0"",""c0"",""c0"",""c0"",""c0""],[[""new"",""v1"",""c5""],[""new"",""v2"",""c1""],[""new"",""v3"",""c2""],[""invoke"",""v4"",""v1"",""q1"",[""v2""]],[""invoke"",""v5"",""v1"",""q1"",[""v3""]],[""invoke"",""v6"",""v1"",""q1"",[""v2""]],[""invoke"",""v7"",""v1"",""q1"",[""v3""]],[""invoke"",""v8"",""v1"",""q1"",[""v2""]],[""move"",""v9"",""v4""],[""invoke"",null,""v9"",""q0"",[]],[""return"",null]]]]]],[[""s0"",""c6"",""c6""]],[[""e0"",""s0"",""q2"",[]]]]","[[""p0"",""p1"",""p2""],[[""c0"",null,[],[[""m0.0"",""q0"",[],null,[],[[""return"",null]]]]],[""c1"",""c0"",[],[[""m1.0"",""q0"",[],null,[],[[""check"",""p0""],[""return"",null]]]]],[""c2"",""c0"",[],[[""m2.0"",""q0"",[],null,[],[[""check"",""p1""],[""return"",null]]]]],[""c3"",null,[],[[""m3.0"",""q1"",[""c0""],""c0"",[],[[""return"",""v1""]]]]],[""c4"",""c3"",[],[]],[""c5"",""c4"",[],[]],[""c6"",null,[],[[""m6.0"",""q2"",[],null,[""c3"",""c0"",""c0"",""c0"",""c0"",""c0"",""c0"",""c0"",""c0"",""c0""],[[""new"",""v1"",""c5""],[""new"",""v2"",""c1""],[""new"",""v3"",""c2""],[""invoke"",""v4"",""v1"",""q1"",[""v2""]],[""invoke"",""v5"",""v1"",""q1"",[""v3""]],[""invoke"",""v6"",""v1"",""q1"",[""v2""]],[""invoke"",""v7"",""v1"",""q1"",[""v3""]],[""invoke"",""v8"",""v1"",""q1"",[""v2""]],[""move"",""v9"",""v4""],[""move"",""v10"",""v9""],[""invoke"",null,""v10"",""q0"",[]],[""return"",null]]]]]],[[""s0"",""c6"",""c6""]],[[""e0"",""s0"",""q2"",[]]]]"
167,context,2,3,2,0,False,"[[""p0"",""p1"",""p2""],[[""c0"",null,[],[[""m0.0"",""q0"",[],null,[],[[""return"",null]]]]],[""c1"",""c0"",[],[[""m1.0"",""q0"",[],null,[],[[""check"",""p0""],[""return"",null]]]]],[""c2"",""c0"",[],[[""m2.0"",""q0"",[],null,[],[[""check"",""p1""],[""return"",null]]]]],[""c3"",null,[],[[""m3.0"",""q1"",[""c0""],""c0"",[],[[""return"",""v1""]]]]],[""c4"",""c3"",[],[]],[""c5"",""c4"",[],[]],[""c6"",null,[],[[""m6.0"",""q2"",[],null,[""c3"",""c0"",""c0"",""c0"",""c0"",""c0"",""c0"",""c0"",""c0"",""c0""],[[""new"",""v1"",""c5""],[""new"",""v2"",""c1""],[""new"",""v3"",""c2""],[""invoke"",""v4"",""v1"",""q1"",[""v2""]],[""invoke"",""v5"",""v1"",""q1"",[""v3""]],[""invoke"",""v6"",""v1"",""q1"",[""v2""]],[""invoke"",""v7"",""v1"",""q1"",[""v3""]],[""invoke"",""v8"",""v1"",""q1"",[""v2""]],[""move"",""v9"",""v4""],[""move"",""v10"",""v9""],[""invoke"",null,""v10"",""q0"",[]],[""return"",null]]]]]],[[""s0"",""c6"",""c6""]],[[""e0"",""s0"",""q2"",[]]]]","[[""p0"",""p1"",""p2""],[[""c0"",null,[],[[""m0.0"",""q0"",[],null,[],[[""return"",null]]]]],[""c1"",""c0"",[],[[""m1.0"",""q0"",[],null,[],[[""check"",""p0""],[""return"",null]]]]],[""c2"",""c0"",[],[[""m2.0"",""q0"",[],null,[],[[""check"",""p1""],[""return"",null]]]]],[""c3"",null,[],[[""m3.0"",""q1"",[""c0""],""c0"",[],[[""return"",""v1""]]]]],[""c4"",""c3"",[],[]],[""c5"",""c4"",[],[]],[""c6"",null,[],[[""m6.0"",""q2"",[],null,[""c3"",""c0"",""c0"",""c0"",""c0"",""c0"",""c0"",""c0"",""c0"",""c0""],[[""new"",""v1"",""c5""],[""new"",""v2"",""c1""],[""new"",""v3"",""c2""],[""invoke"",""v4"",""v1"",""q1"",[""v2""]],[""invoke"",""v5"",""v1"",""q1"",[""v3""]],[""invoke"",""v6"",""v1"",""q1"",[""v2""]],[""invoke"",""v7"",""v1"",""q1"",[""v3""]],[""invoke"",""v8"",""v1"",""q1"",[""v2""]],[""move"",""v9"",""v5""],[""move"",""v10"",""v9""],[""invoke"",null,""v10"",""q0"",[]],[""return"",null]]]]]],[[""s0"",""c6"",""c6""]],[[""e0"",""s0"",""q2"",[]]]]"
168,context,3,3,2,0,True,"[[""p0"",""p1"",""p2""],[[""c0"",null,[],[[""m0.0"",""q0"",[],null,[],[[""return"",null]]]]],[""c1"",""c0"",[],[[""m1.0"",""q0"",[],null,[],[[""check"",""p0""],[""return"",null]]]]],[""c2"",""c0"",[],[[""m2.0"",""q0"",[],null,[],[[""check"",""p1""],[""return"",null]]]]],[""c3"",null,[],[[""m3.0"",""q1"",[""c0""],""c0"",[],[[""return"",""v1""]]]]],[""c4"",""c3"",[],[]],[""c5"",""c4"",[],[]],[""c6"",null,[],[[""m6.0"",""q2"",[],null,[""c3"",""c0"",""c0"",""c0"",""c0"",""c0"",""c0"",""c0"",""c0"",""c0"",""c0""],[[""new"",""v1"",""c5""],[""new"",""v2"",""c1""],[""new"",""v3"",""c2""],[""invoke"",""v4"",""v1"",""q1"",[""v2""]],[""invoke"",""v5"",""v1"",""q1"",[""v3""]],[""invoke"",""v6"",""v1"",""q1"",[""v2""]],[""invoke"",""v7"",""v1"",""q1"",[""v3""]],[""invoke"",""v8"",""v1"",""q1"",[""v2""]],[""move"",""v9"",""v4""],[""move"",""v10"",""v9""],[""move"",""v11"",""v10""],[""invoke"",null,""v11"",""q0"",[]],[""return"",null]]]]]],[[""s0"",""c6"",""c6""]],[[""e0"",""s0"",""q2"",[]]]]","[[""p0"",""p1"",""p2""],[[""c0"",null,[],[[""m0.0"",""q0"",[],null,[],[[""return"",null]]]]],[""c1"",""c0"",[],[[""m1.0"",""q0"",[],null,[],[[""check"",""p0""],[""return"",null]]]]],[""c2"",""c0"",[],[[""m2.0"",""q0"",[],null,[],[[""check"",""p1""],[""return"",null]]]]],[""c3"",null,[],[[""m3.0"",""q1"",[""c0""],""c0"",[],[[""return"",""v1""]]]]],[""c4"",""c3"",[],[]],[""c5"",""c4"",[],[]],[""c6"",null,[],[[""m6.0"",""q2"",[],null,[""c3"",""c0"",""c0"",""c0"",""c0"",""c0"",""c0"",""c0"",""c0"",""c0"",""c0""],[[""new"",""v1"",""c5""],[""new"",""v2"",""c1""],[""new"",""v3"",""c2""],[""invoke"",""v4"",""v1"",""q1"",[""v2""]],[""invoke"",""v5"",""v1"",""q1"",[""v3""]],[""invoke"",""v6"",""v1"",""q1"",[""v2""]],[""invoke"",""v7"",""v1"",""q1"",[""v3""]],[""invoke"",""v8"",""v1"",""q1"",[""v2""]],[""move"",""v9"",""v4""],[""move"",""v10"",""v9""],[""move"",""v11"",""v10""],[""invoke"",null,""v11"",""q0"",[]],[""return"",null]]]]],[""c7"",null,[],[[""m7.0"",""q3"",[],null,[],[[""check"",""p0""],[""return"",null]]]]]],[[""s0"",""c6"",""c6""]],[[""e0"",""s0"",""q2"",[]]]]"
169,context,4,3,2,0,False,"[[""p0"",""p1"",""p2""],[[""c0"",null,[],[[""m0.0"",""q0"",[],null,[],[[""return"",null]]]]],[""c1"",""c0"",[],[[""m1.0"",""q0"",[],null,[],[[""check"",""p0""],[""return"",null]]]]],[""c2"",""c0"",[],[[""m2.0"",""q0"",[],null,[],[[""check"",""p1""],[""return"",null]]]]],[""c3"",null,[],[[""m3.0"",""q1"",[""c0""],""c0"",[],[[""return"",""v1""]]]]],[""c4"",""c3"",[],[]],[""c5"",""c4"",[],[]],[""c6"",null,[],[[""m6.0"",""q2"",[],null,[""c3"",""c0"",""c0"",""c0"",""c0"",""c0"",""c0"",""c0"",""c0"",""c0"",""c0"",""c0""],[[""new"",""v1"",""c5""],[""new"",""v2"",""c1""],[""new"",""v3"",""c2""],[""invoke"",""v4"",""v1"",""q1"",[""v2""]],[""invoke"",""v5"",""v1"",""q1"",[""v3""]],[""invoke"",""v6"",""v1"",""q1"",[""v2""]],[""invoke"",""v7"",""v1"",""q1"",[""v3""]],[""invoke"",""v8"",""v1"",""q1"",[""v2""]],[""move"",""v9"",""v4""],[""move"",""v10"",""v9""],[""move"",""v11"",""v10""],[""move"",""v12"",""v11""],[""invoke"",null,""v12"",""q0"",[]],[""return"",null]]]]]],[[""s0"",""c6"",""c6""]],[[""e0"",""s0"",""q2"",[]]]]","[[""p0"",""p1"",""p2""],[[""c0"",null,[],[[""m0.0"",""q0"",[],null,[],[[""return"",null]]]]],[""c1"",""c0"",[],[[""m1.0"",""q0"",[],null,[],[[""check"",""p0""],[""return"",null]]]]],[""c2"",""c0"",[],[[""m2.0"",""q0"",[],null,[],[[""check"",""p1""],[""return"",null]]]]],[""c3"",null,[],[[""m3.0"",""q1"",[""c0""],""c0"",[],[[""return"",""v1""]]]]],[""c4"",""c3"",[],[]],[""c5"",""c4"",[],[]],[""c6"",null,[],[[""m6.0"",""q2"",[],null,[""c3"",""c0"",""c0"",""c0"",""c0"",""c0"",""c0"",""c0"",""c0"",""c0"",""c0"",""c0""],[[""new"",""v1"",""c5""],[""new"",""v2"",""c1""],[""new"",""v3"",""c2""],[""invoke"",""v4"",""v1"",""q1"",[""v2""]],[""invoke"",""v5"",""v1"",""q1"",[""v3""]],[""invoke"",""v6"",""v1"",""q1"",[""v2""]],[""invoke"",""v7"",""v1"",""q1"",[""v3""]],[""invoke"",""v8"",""v1"",""q1"",[""v2""]],[""move"",""v9"",""v5""],[""move"",""v10"",""v9""],[""move"",""v11"",""v10""],[""move"",""v12"",""v11""],[""invoke"",null,""v12"",""q0"",[]],[""return"",null]]]]]],[[""s0"",""c6"",""c6""]],[[""e0"",""s0"",""q2"",[]]]]"
170,context,0,4,2,1,True,"[[""p0"",""p1"",""p2""],[[""c0"",null,[],[[""m0.0"",""q0"",[],null,[],[[""return"",null]]]]],[""c1"",""c0"",[],[[""m1.0"",""q0"",[],null,[],[[""check"",""p0""],[""return"",null]]]]],[""c2"",""c0"",[],[[""m2.0"",""q0"",[],null,[],[[""check"",""p1""],[""return"",null]]]]],[""c3"",null,[],[[""m3.0"",""q1"",[""c0""],""c0"",[],[[""return"",""v1""]]]]],[""c4"",""c3"",[],[]],[""c5"",""c4"",[],[]],[""c6"",null,[],[[""m6.0"",""q2"",[],null,[""c3"",""c0"",""c0"",""c0"",""c0"",""c0"",""c0"",""c0"",""c0""],[[""new"",""v1"",""c5""],[""new"",""v2"",""c1""],[""new"",""v3"",""c2""],[""invoke"",""v4"",""v1"",""q1"",[""v2""]],[""invoke"",""v5"",""v1"",""q1"",[""v3""]],[""invoke"",""v6"",""v1"",""q1"",[""v2""]],[""invoke"",""v7"",""v1"",""q1"",[""v3""]],[""invoke"",""v8"",""v1"",""q1"",[""v2""]],[""invoke"",""v9"",""v1"",""q1"",[""v3""]],[""invoke"",null,""v4"",""q0"",[]],[""opaque"",[[""check"",""p2""]]],[""return"",null]]]]]],[[""s0"",""c6"",""c6""]],[[""e0"",""s0"",""q2"",[]]]]","[[""p0"",""p1"",""p2""],[[""c0"",null,[],[[""m0.0"",""q0"",[],null,[],[[""return"",null]]]]],[""c1"",""c0"",[],[[""m1.0"",""q0"",[],null,[],[[""check"",""p0""],[""return"",null]]]]],[""c2"",""c0"",[],[[""m2.0"",""q0"",[],null,[],[[""check"",""p1""],[""return"",null]]]]],[""c3"",null,[],[[""m3.0"",""q1"",[""c0""],""c0"",[],[[""return"",""v1""]]]]],[""c4"",""c3"",[],[]],[""c5"",""c4"",[],[]],[""c6"",null,[],[[""m6.0"",""q2"",[],null,[""c3"",""c0"",""c0"",""c0"",""c0"",""c0"",""c0"",""c0"",""c0""],[[""new"",""v1"",""c5""],[""new"",""v2"",""c1""],[""new"",""v3"",""c2""],[""invoke"",""v4"",""v1"",""q1"",[""v2""]],[""invoke"",""v5"",""v1"",""q1"",[""v3""]],[""invoke"",""v6"",""v1"",""q1"",[""v2""]],[""invoke"",""v7"",""v1"",""q1"",[""v3""]],[""invoke"",""v8"",""v1"",""q1"",[""v2""]],[""invoke"",""v9"",""v1"",""q1"",[""v3""]],[""invoke"",null,""v4"",""q0"",[]],[""opaque"",[[""check"",""p2""]]],[""return"",null]]]]],[""c7"",""c3"",[],[]]],[[""s0"",""c6"",""c6""]],[[""e0"",""s0"",""q2"",[]]]]"
171,context,1,4,2,0,False,"[[""p0"",""p1"",""p2""],[[""c0"",null,[],[[""m0.0"",""q0"",[],null,[],[[""return"",null]]]]],[""c1"",""c0"",[],[[""m1.0"",""q0"",[],null,[],[[""check"",""p0""],[""return"",null]]]]],[""c2"",""c0"",[],[[""m2.0"",""q0"",[],null,[],[[""check"",""p1""],[""return"",null]]]]],[""c3"",null,[],[[""m3.0"",""q1"",[""c0""],""c0"",[],[[""return"",""v1""]]]]],[""c4"",""c3"",[],[]],[""c5"",""c4"",[],[]],[""c6"",null,[],[[""m6.0"",""q2"",[],null,[""c3"",""c0"",""c0"",""c0"",""c0"",""c0"",""c0"",""c0"",""c0"",""c0""],[[""new"",""v1"",""c5""],[""new"",""v2"",""c1""],[""new"",""v3"",""c2""],[""invoke"",""v4"",""v1"",""q1"",[""v2""]],[""invoke"",""v5"",""v1"",""q1"",[""v3""]],[""invoke"",""v6"",""v1"",""q1"",[""v2""]],[""invoke"",""v7"",""v1"",""q1"",[""v3""]],[""invoke"",""v8"",""v1"",""q1"",[""v2""]],[""invoke"",""v9"",""v1"",""q1"",[""v3""]],[""move"",""v10"",""v4""],[""invoke"",null,""v10"",""q0"",[]],[""return"",null]]]]]],[[""s0"",""c6"",""c6""]],[[""e0"",""s0"",""q2"",[]]]]","[[""p0"",""p1"",""p2""],[[""c0"",null,[],[[""m0.0"",""q0"",[],null,[],[[""return"",null]]]]],[""c1"",""c0"",[],[[""m1.0"",""q0"",[],null,[],[[""check"",""p0""],[""return"",null]]]]],[""c2"",""c0"",[],[[""m2.0"",""q0"",[],null,[],[[""check"",""p1""],[""return"",null]]]]],[""c3"",null,[],[[""m3.0"",""q1"",[""c0""],""c0"",[],[[""return"",""v1""]]]]],[""c4"",""c3"",[],[]],[""c5"",""c4"",[],[]],[""c6"",null,[],[[""m6.0"",""q2"",[],null,[""c3"",""c0"",""c0"",""c0"",""c0"",""c0"",""c0"",""c0"",""c0"",""c0""],[[""new"",""v1"",""c5""],[""new"",""v2"",""c1""],[""new"",""v3"",""c2""],[""invoke"",""v4"",""v1"",""q1"",[""v2""]],[""invoke"",""v5"",""v1"",""q1"",[""v3""]],[""invoke"",""v6"",""v1"",""q1"",[""v2""]],[""invoke"",""v7"",""v1"",""q1"",[""v3""]],[""invoke"",""v8"",""v1"",""q1"",[""v2""]],[""invoke"",""v9"",""v1"",""q1"",[""v3""]],[""move"",""v10"",""v5""],[""invoke"",null,""v10"",""q0"",[]],[""return"",null]]]]]],[[""s0"",""c6"",""c6""]],[[""e0"",""s0"",""q2"",[]]]]"
172,context,2,4,2,0,True,"[[""p0"",""p1"",""p2""],[[""c0"",null,[],[[""m0.0"",""q0"",[],null,[],[[""return"",null]]]]],[""c1"",""c0"",[],[[""m1.0"",""q0"",[],null,[],[[""check"",""p0""],[""return"",null]]]]],[""c2"",""c0"",[],[[""m2.0"",""q0"",[],null,[],[[""check"",""p1""],[""return"",null]]]]],[""c3"",null,[],[[""m3.0"",""q1"",[""c0""],""c0"",[],[[""return"",""v1""]]]]],[""c4"",""c3"",[],[]],[""c5"",""c4"",[],[]],[""c6"",null,[],[[""m6.0"",""q2"",[],null,[""c3"",""c0"",""c0"",""c0"",""c0"",""c0"",""c0"",""c0"",""c0"",""c0"",""c0""],[[""new"",""v1"",""c5""],[""new"",""v2"",""c1""],[""new"",""v3"",""c2""],[""invoke"",""v4"",""v1"",""q1"",[""v2""]],[""invoke"",""v5"",""v1"",""q1"",[""v3""]],[""invoke"",""v6"",""v1"",""q1"",[""v2""]],[""invoke"",""v7"",""v1"",""q1"",[""v3""]],[""invoke"",""v8"",""v1"",""q1"",[""v2""]],[""invoke"",""v9"",""v1"",""q1"",[""v3""]],[""move"",""v10"",""v4""],[""move"",""v11"",""v10""],[""invoke"",null,""v11"",""q0"",[]],[""return"",null]]]]]],[[""s0"",""c6"",""c6""]],[[""e0"",""s0"",""q2"",[]]]]","[[""p0"",""p1"",""p2""],[[""c0"",null,[],[[""m0.0"",""q0"",[],null,[],[[""return"",null]]]]],[""c1"",""c0"",[],[[""m1.0"",""q0"",[],null,[],[[""check"",""p0""],[""return"",null]]]]],[""c2"",""c0"",[],[[""m2.0"",""q0"",[],null,[],[[""check"",""p1""],[""return"",null]]]]],[""c3"",null,[],[[""m3.0"",""q1"",[""c0""],""c0"",[],[[""return"",""v1""]]]]],[""c4"",""c3"",[],[]],[""c5"",""c4"",[],[]],[""c6"",null,[],[[""m6.0"",""q2"",[],null,[""c3"",""c0"",""c0"",""c0"",""c0"",""c0"",""c0"",""c0"",""c0"",""c0"",""c0"",""c0""],[[""new"",""v1"",""c5""],[""new"",""v2"",""c1""],[""new"",""v3"",""c2""],[""invoke"",""v4"",""v1"",""q1"",[""v2""]],[""invoke"",""v5"",""v1"",""q1"",[""v3""]],[""invoke"",""v6"",""v1"",""q1"",[""v2""]],[""invoke"",""v7"",""v1"",""q1"",[""v3""]],[""invoke"",""v8"",""v1"",""q1"",[""v2""]],[""invoke"",""v9"",""v1"",""q1"",[""v3""]],[""move"",""v10"",""v4""],[""move"",""v11"",""v10""],[""move"",""v12"",""v11""],[""invoke"",null,""v12"",""q0"",[]],[""return"",null]]]]]],[[""s0"",""c6"",""c6""]],[[""e0"",""s0"",""q2"",[]]]]"
173,context,3,4,2,0,False,"[[""p0"",""p1"",""p2""],[[""c0"",null,[],[[""m0.0"",""q0"",[],null,[],[[""return"",null]]]]],[""c1"",""c0"",[],[[""m1.0"",""q0"",[],null,[],[[""check"",""p0""],[""return"",null]]]]],[""c2"",""c0"",[],[[""m2.0"",""q0"",[],null,[],[[""check"",""p1""],[""return"",null]]]]],[""c3"",null,[],[[""m3.0"",""q1"",[""c0""],""c0"",[],[[""return"",""v1""]]]]],[""c4"",""c3"",[],[]],[""c5"",""c4"",[],[]],[""c6"",null,[],[[""m6.0"",""q2"",[],null,[""c3"",""c0"",""c0"",""c0"",""c0"",""c0"",""c0"",""c0"",""c0"",""c0"",""c0"",""c0""],[[""new"",""v1"",""c5""],[""new"",""v2"",""c1""],[""new"",""v3"",""c2""],[""invoke"",""v4"",""v1"",""q1"",[""v2""]],[""invoke"",""v5"",""v1"",""q1"",[""v3""]],[""invoke"",""v6"",""v1"",""q1"",[""v2""]],[""invoke"",""v7"",""v1"",""q1"",[""v3""]],[""invoke"",""v8"",""v1"",""q1"",[""v2""]],[""invoke"",""v9"",""v1"",""q1"",[""v3""]],[""move"",""v10"",""v4""],[""move"",""v11"",""v10""],[""move"",""v12"",""v11""],[""invoke"",null,""v12"",""q0"",[]],[""return"",null]]]]]],[[""s0"",""c6"",""c6""]],[[""e0"",""s0"",""q2"",[]]]]","[[""p0"",""p1"",""p2""],[[""c0"",null,[],[[""m0.0"",""q0"",[],null,[],[[""return"",null]]]]],[""c1"",""c0"",[],[[""m1.0"",""q0"",[],null,[],[[""check"",""p0""],[""return"",null]]]]],[""c2"",""c0"",[],[[""m2.0"",""q0"",[],null,[],[[""check"",""p1""],[""return"",null]]]]],[""c3"",null,[],[[""m3.0"",""q1"",[""c0""],""c0"",[],[[""return"",""v1""]]]]],[""c4"",""c3"",[],[]],[""c5"",""c4"",[],[]],[""c6"",null,[],[[""m6.0"",""q2"",[],null,[""c3"",""c0"",""c0"",""c0"",""c0"",""c0"",""c0"",""c0"",""c0"",""c0"",""c0"",""c0""],[[""new"",""v1"",""c5""],[""new"",""v2"",""c1""],[""new"",""v3"",""c2""],[""invoke"",""v4"",""v1"",""q1"",[""v2""]],[""invoke"",""v5"",""v1"",""q1"",[""v3""]],[""invoke"",""v6"",""v1"",""q1"",[""v2""]],[""invoke"",""v7"",""v1"",""q1"",[""v3""]],[""invoke"",""v8"",""v1"",""q1"",[""v2""]],[""invoke"",""v9"",""v1"",""q1"",[""v3""]],[""move"",""v10"",""v5""],[""move"",""v11"",""v10""],[""move"",""v12"",""v11""],[""invoke"",null,""v12"",""q0"",[]],[""return"",null]]]]]],[[""s0"",""c6"",""c6""]],[[""e0"",""s0"",""q2"",[]]]]"
174,context,4,4,2,0,True,"[[""p0"",""p1"",""p2""],[[""c0"",null,[],[[""m0.0"",""q0"",[],null,[],[[""return"",null]]]]],[""c1"",""c0"",[],[[""m1.0"",""q0"",[],null,[],[[""check"",""p0""],[""return"",null]]]]],[""c2"",""c0"",[],[[""m2.0"",""q0"",[],null,[],[[""check"",""p1""],[""return"",null]]]]],[""c3"",null,[],[[""m3.0"",""q1"",[""c0""],""c0"",[],[[""return"",""v1""]]]]],[""c4"",""c3"",[],[]],[""c5"",""c4"",[],[]],[""c6"",null,[],[[""m6.0"",""q2"",[],null,[""c3"",""c0"",""c0"",""c0"",""c0"",""c0"",""c0"",""c0"",""c0"",""c0"",""c0"",""c0"",""c0""],[[""new"",""v1"",""c5""],[""new"",""v2"",""c1""],[""new"",""v3"",""c2""],[""invoke"",""v4"",""v1"",""q1"",[""v2""]],[""invoke"",""v5"",""v1"",""q1"",[""v3""]],[""invoke"",""v6"",""v1"",""q1"",[""v2""]],[""invoke"",""v7"",""v1"",""q1"",[""v3""]],[""invoke"",""v8"",""v1"",""q1"",[""v2""]],[""invoke"",""v9"",""v1"",""q1"",[""v3""]],[""move"",""v10"",""v4""],[""move"",""v11"",""v10""],[""move"",""v12"",""v11""],[""move"",""v13"",""v12""],[""invoke"",null,""v13"",""q0"",[]],[""return"",null]]]]]],[[""s0"",""c6"",""c6""]],[[""e0"",""s0"",""q2"",[]]]]","[[""p0"",""p1"",""p2""],[[""c0"",null,[],[[""m0.0"",""q0"",[],null,[],[[""return"",null]]]]],[""c1"",""c0"",[],[[""m1.0"",""q0"",[],null,[],[[""check"",""p0""],[""return"",null]]]]],[""c2"",""c0"",[],[[""m2.0"",""q0"",[],null,[],[[""check"",""p1""],[""return"",null]]]]],[""c3"",null,[],[[""m3.0"",""q1"",[""c0""],""c0"",[],[[""return"",""v1""]]]]],[""c4"",""c3"",[],[]],[""c5"",""c4"",[],[]],[""c6"",null,[],[[""m6.0"",""q2"",[],null,[""c3"",""c0"",""c0"",""c0"",""c0"",""c0"",""c0"",""c0"",""c0"",""c0"",""c0"",""c0"",""c0""],[[""new"",""v1"",""c5""],[""new"",""v2"",""c1""],[""new"",""v3"",""c2""],[""invoke"",""v4"",""v1"",""q1"",[""v2""]],[""invoke"",""v5"",""v1"",""q1"",[""v3""]],[""invoke"",""v6"",""v1"",""q1"",[""v2""]],[""invoke"",""v7"",""v1"",""q1"",[""v3""]],[""invoke"",""v8"",""v1"",""q1"",[""v2""]],[""invoke"",""v9"",""v1"",""q1"",[""v3""]],[""move"",""v10"",""v4""],[""move"",""v11"",""v10""],[""move"",""v12"",""v11""],[""move"",""v13"",""v12""],[""invoke"",null,""v13"",""q0"",[]],[""return"",null]]]]],[""c7"",null,[],[[""m7.0"",""q3"",[],null,[],[[""check"",""p0""],[""return"",null]]]]]],[[""s0"",""c6"",""c6""]],[[""e0"",""s0"",""q2"",[]]]]"
175,context,0,0,3,2,False,"[[""p0"",""p1"",""p2""],[[""c0"",null,[],[[""m0.0"",""q0"",[],null,[],[[""return"",null]]]]],[""c1"",""c0"",[],[[""m1.0"",""q0"",[],null,[],[[""check"",""p0""],[""return"",null]]]]],[""c2"",""c0"",[],[[""m2.0"",""q0"",[],null,[],[[""check"",""p1""],[""return"",null]]]]],[""c3"",null,[],[[""m3.0"",""q1"",[""c0""],""c0"",[],[[""return"",""v1""]]]]],[""c4"",""c3"",[],[]],[""c5"",""c4"",[],[]],[""c6"",""c5"",[],[]],[""c7"",null,[],[[""m7.0"",""q2"",[],null,[""c3"",""c0"",""c0"",""c0"",""c0""],[[""new"",""v1"",""c6""],[""new"",""v2"",""c1""],[""new"",""v3"",""c2""],[""invoke"",""v4"",""v1"",""q1"",[""v2""]],[""invoke"",""v5"",""v1"",""q1"",[""v3""]],[""invoke"",null,""v4"",""q0"",[]],[""opaque"",[[""direct"",null,""m7.1"",[]]]],[""return"",null]]],[""m7.1"",""q3"",[],null,[],[[""opaque"",[[""check"",""p2""]]],[""return"",null]]]]]],[[""s0"",""c7"",""c7""]],[[""e0"",""s0"",""q2"",[]]]]","[[""p0"",""p1"",""p2""],[[""c0"",null,[],[[""m0.0"",""q0"",[],null,[],[[""return"",null]]]]],[""c1"",""c0"",[],[[""m1.0"",""q0"",[],null,[],[[""check"",""p0""],[""return"",null]]]]],[""c2"",""c0"",[],[[""m2.0"",""q0"",[],null,[],[[""check"",""p1""],[""return"",null]]]]],[""c3"",null,[],[[""m3.0"",""q1"",[""c0""],""c0"",[],[[""return"",""v1""]]]]],[""c4"",""c3"",[],[]],[""c5"",""c4"",[],[]],[""c6"",""c5"",[],[]],[""c7"",null,[],[[""m7.0"",""q2"",[],null,[""c3"",""c0"",""c0"",""c0"",""c0""],[[""new"",""v1"",""c6""],[""new"",""v2"",""c1""],[""new"",""v3"",""c2""],[""invoke"",""v4"",""v1"",""q1"",[""v2""]],[""invoke"",""v5"",""v1"",""q1"",[""v3""]],[""invoke"",null,""v5"",""q0"",[]],[""opaque"",[[""direct"",null,""m7.1"",[]]]],[""return"",null]]],[""m7.1"",""q3"",[],null,[],[[""opaque"",[[""check"",""p2""]]],[""return"",null]]]]]],[[""s0"",""c7"",""c7""]],[[""e0"",""s0"",""q2"",[]]]]"
176,context,1,0,3,0,True,"[[""p0"",""p1"",""p2""],[[""c0"",null,[],[[""m0.0"",""q0"",[],null,[],[[""return"",null]]]]],[""c1"",""c0"",[],[[""m1.0"",""q0"",[],null,[],[[""check"",""p0""],[""return"",null]]]]],[""c2"",""c0"",[],[[""m2.0"",""q0"",[],null,[],[[""check"",""p1""],[""return"",null]]]]],[""c3"",null,[],[[""m3.0"",""q1"",[""c0""],""c0"",[],[[""return"",""v1""]]]]],[""c4"",""c3"",[],[]],[""c5"",""c4"",[],[]],[""c6"",""c5"",[],[]],[""c7"",null,[],[[""m7.0"",""q2"",[],null,[""c3"",""c0"",""c0"",""c0"",""c0"",""c0""],[[""new"",""v1"",""c6""],[""new"",""v2"",""c1""],[""new"",""v3"",""c2""],[""invoke"",""v4"",""v1"",""q1"",[""v2""]],[""invoke"",""v5"",""v1"",""q1"",[""v3""]],[""move"",""v6"",""v4""],[""invoke"",null,""v6"",""q0"",[]],[""return"",null]]]]]],[[""s0"",""c7"",""c7""]],[[""e0"",""s0"",""q2"",[]]]]","[[""p0"",""p1"",""p2""],[[""c0"",null,[],[[""m0.0"",""q0"",[],null,[],[[""return"",null]]]]],[""c1"",""c0"",[],[[""m1.0"",""q0"",[],null,[],[[""check"",""p0""],[""return"",null]]]]],[""c2"",""c0"",[],[[""m2.0"",""q0"",[],null,[],[[""check"",""p1""],[""return"",null]]]]],[""c3"",null,[],[[""m3.0"",""q1"",[""c0""],""c0"",[],[[""return"",""v1""]]]]],[""c4"",""c3"",[],[]],[""c5"",""c4"",[],[]],[""c6"",""c5"",[],[]],[""c7"",null,[],[[""m7.0"",""q2"",[],null,[""c3"",""c0"",""c0"",""c0"",""c0"",""c0""],[[""new"",""v1"",""c6""],[""new"",""v2"",""c1""],[""new"",""v3"",""c2""],[""invoke"",""v4"",""v1"",""q1"",[""v2""]],[""invoke"",""v5"",""v1"",""q1"",[""v3""]],[""move"",""v6"",""v4""],[""invoke"",null,""v6"",""q0"",[]],[""return"",null]]]]],[""c8"",""c3"",[],[]]],[[""s0"",""c7"",""c7""]],[[""e0"",""s0"",""q2"",[]]]]"
177,context,2,0,3,0,False,"[[""p0"",""p1"",""p2""],[[""c0"",null,[],[[""m0.0"",""q0"",[],null,[],[[""return"",null]]]]],[""c1"",""c0"",[],[[""m1.0"",""q0"",[],null,[],[[""check"",""p0""],[""return"",null]]]]],[""c2"",""c0"",[],[[""m2.0"",""q0"",[],null,[],[[""check"",""p1""],[""return"",null]]]]],[""c3"",null,[],[[""m3.0"",""q1"",[""c0""],""c0"",[],[[""return"",""v1""]]]]],[""c4"",""c3"",[],[]],[""c5"",""c4"",[],[]],[""c6"",""c5"",[],[]],[""c7"",null,[],[[""m7.0"",""q2"",[],null,[""c3"",""c0"",""c0"",""c0"",""c0"",""c0"",""c0""],[[""new"",""v1"",""c6""],[""new"",""v2"",""c1""],[""new"",""v3"",""c2""],[""invoke"",""v4"",""v1"",""q1"",[""v2""]],[""invoke"",""v5"",""v1"",""q1"",[""v3""]],[""move"",""v6"",""v4""],[""move"",""v7"",""v6""],[""invoke"",null,""v7"",""q0"",[]],[""return"",null]]]]]],[[""s0"",""c7"",""c7""]],[[""e0"",""s0"",""q2"",[]]]]","[[""p0"",""p1"",""p2""],[[""c0"",null,[],[[""m0.0"",""q0"",[],null,[],[[""return"",null]]]]],[""c1"",""c0"",[],[[""m1.0"",""q0"",[],null,[],[[""check"",""p0""],[""return"",null]]]]],[""c2"",""c0"",[],[[""m2.0"",""q0"",[],null,[],[[""check"",""p1""],[""return"",null]]]]],[""c3"",null,[],[[""m3.0"",""q1"",[""c0""],""c0"",[],[[""return"",""v1""]]]]],[""c4"",""c3"",[],[]],[""c5"",""c4"",[],[]],[""c6"",""c5"",[],[]],[""c7"",null,[],[[""m7.0"",""q2"",[],null,[""c3"",""c0"",""c0"",""c0"",""c0"",""c0"",""c0""],[[""new"",""v1"",""c6""],[""new"",""v2"",""c1""],[""new"",""v3"",""c2""],[""invoke"",""v4"",""v1"",""q1"",[""v2""]],[""invoke"",""v5"",""v1"",""q1"",[""v3""]],[""move"",""v6"",""v5""],[""move"",""v7"",""v6""],[""invoke"",null,""v7"",""q0"",[]],[""return"",null]]]]]],[[""s0"",""c7"",""c7""]],[[""e0"",""s0"",""q2"",[]]]]"
178,context,3,0,3,0,True,"[[""p0"",""p1"",""p2""],[[""c0"",null,[],[[""m0.0"",""q0"",[],null,[],[[""return"",null]]]]],[""c1"",""c0"",[],[[""m1.0"",""q0"",[],null,[],[[""check"",""p0""],[""return"",null]]]]],[""c2"",""c0"",[],[[""m2.0"",""q0"",[],null,[],[[""check"",""p1""],[""return"",null]]]]],[""c3"",null,[],[[""m3.0"",""q1"",[""c0""],""c0"",[],[[""return"",""v1""]]]]],[""c4"",""c3"",[],[]],[""c5"",""c4"",[],[]],[""c6"",""c5"",[],[]],[""c7"",null,[],[[""m7.0"",""q2"",[],null,[""c3"",""c0"",""c0"",""c0"",""c0"",""c0"",""c0"",""c0""],[[""new"",""v1"",""c6""],[""new"",""v2"",""c1""],[""new"",""v3"",""c2""],[""invoke"",""v4"",""v1"",""q1"",[""v2""]],[""invoke"",""v5"",""v1"",""q1"",[""v3""]],[""move"",""v6"",""v4""],[""move"",""v7"",""v6""],[""move"",""v8"",""v7""],[""invoke"",null,""v8"",""q0"",[]],[""return"",null]]]]]],[[""s0"",""c7"",""c7""]],[[""e0"",""s0"",""q2"",[]]]]","[[""p0"",""p1"",""p2""],[[""c0"",null,[],[[""m0.0"",""q0"",[],null,[],[[""return"",null]]]]],[""c1"",""c0"",[],[[""m1.0"",""q0"",[],null,[],[[""check"",""p0""],[""return"",null]]]]],[""c2"",""c0"",[],[[""m2.0"",""q0"",[],null,[],[[""check"",""p1""],[""return"",null]]]]],[""c3"",null,[],[[""m3.0"",""q1"",[""c0""],""c0"",[],[[""return"",""v1""]]]]],[""c4"",""c3"",[],[]],[""c5"",""c4"",[],[]],[""c6"",""c5"",[],[]],[""c7"",null,[],[[""m7.0"",""q2"",[],null,[""c3"",""c0"",""c0"",""c0"",""c0"",""c0"",""c0"",""c0"",""c0""],[[""new"",""v1"",""c6""],[""new"",""v2"",""c1""],[""new"",""v3"",""c2""],[""invoke"",""v4"",""v1"",""q1"",[""v2""]],[""invoke"",""v5"",""v1"",""q1"",[""v3""]],[""move"",""v6"",""v4""],[""move"",""v7"",""v6""],[""move"",""v8"",""v7""],[""move"",""v9"",""v8""],[""invoke"",null,""v9"",""q0"",[]],[""return"",null]]]]]],[[""s0"",""c7"",""c7""]],[[""e0"",""s0"",""q2"",[]]]]"
179,context,4,0,3,0,False,"[[""p0"",""p1"",""p2""],[[""c0"",null,[],[[""m0.0"",""q0"",[],null,[],[[""return"",null]]]]],[""c1"",""c0"",[],[[""m1.0"",""q0"",[],null,[],[[""check"",""p0""],[""return"",null]]]]],[""c2"",""c0"",[],[[""m2.0"",""q0"",[],null,[],[[""check"",""p1""],[""return"",null]]]]],[""c3"",null,[],[[""m3.0"",""q1"",[""c0""],""c0"",[],[[""return"",""v1""]]]]],[""c4"",""c3"",[],[]],[""c5"",""c4"",[],[]],[""c6"",""c5"",[],[]],[""c7"",null,[],[[""m7.0"",""q2"",[],null,[""c3"",""c0"",""c0"",""c0"",""c0"",""c0"",""c0"",""c0"",""c0""],[[""new"",""v1"",""c6""],[""new"",""v2"",""c1""],[""new"",""v3"",""c2""],[""invoke"",""v4"",""v1"",""q1"",[""v2""]],[""invoke"",""v5"",""v1"",""q1"",[""v3""]],[""move"",""v6"",""v4""],[""move"",""v7"",""v6""],[""move"",""v8"",""v7""],[""move"",""v9"",""v8""],[""invoke"",null,""v9"",""q0"",[]],[""return"",null]]]]]],[[""s0"",""c7"",""c7""]],[[""e0"",""s0"",""q2"",[]]]]","[[""p0"",""p1"",""p2""],[[""c0"",null,[],[[""m0.0"",""q0"",[],null,[],[[""return"",null]]]]],[""c1"",""c0"",[],[[""m1.0"",""q0"",[],null,[],[[""check"",""p0""],[""return"",null]]]]],[""c2"",""c0"",[],[[""m2.0"",""q0"",[],null,[],[[""check"",""p1""],[""return"",null]]]]],[""c3"",null,[],[[""m3.0"",""q1"",[""c0""],""c0"",[],[[""return"",""v1""]]]]],[""c4"",""c3"",[],[]],[""c5"",""c4"",[],[]],[""c6"",""c5"",[],[]],[""c7"",null,[],[[""m7.0"",""q2"",[],null,[""c3"",""c0"",""c0"",""c0"",""c0"",""c0"",""c0"",""c0"",""c0""],[[""new"",""v1"",""c6""],[""new"",""v2"",""c1""],[""new"",""v3"",""c2""],[""invoke"",""v4"",""v1"",""q1"",[""v2""]],[""invoke"",""v5"",""v1"",""q1"",[""v3""]],[""move"",""v6"",""v5""],[""move"",""v7"",""v6""],[""move"",""v8"",""v7""],[""move"",""v9"",""v8""],[""invoke"",null,""v9"",""q0"",[]],[""return"",null]]]]]],[[""s0"",""c7"",""c7""]],[[""e0"",""s0"",""q2"",[]]]]"
180,context,0,1,3,3,True,"[[""p0"",""p1"",""p2""],[[""c0"",null,[],[[""m0.0"",""q0"",[],null,[],[[""return"",null]]]]],[""c1"",""c0"",[],[[""m1.0"",""q0"",[],null,[],[[""check"",""p0""],[""return"",null]]]]],[""c2"",""c0"",[],[[""m2.0"",""q0"",[],null,[],[[""check"",""p1""],[""return"",null]]]]],[""c3"",null,[],[[""m3.0"",""q1"",[""c0""],""c0"",[],[[""return"",""v1""]]]]],[""c4"",""c3"",[],[]],[""c5"",""c4"",[],[]],[""c6"",""c5"",[],[]],[""c7"",null,[],[[""m7.0"",""q2"",[],null,[""c3"",""c0"",""c0"",""c0"",""c0"",""c0""],[[""new"",""v1"",""c6""],[""new"",""v2"",""c1""],[""new"",""v3"",""c2""],[""invoke"",""v4"",""v1"",""q1"",[""v2""]],[""invoke"",""v5"",""v1"",""q1"",[""v3""]],[""invoke"",""v6"",""v1"",""q1"",[""v2""]],[""invoke"",null,""v4"",""q0"",[]],[""opaque"",[[""direct"",null,""m7.1"",[]]]],[""return"",null]]],[""m7.1"",""q3"",[],null,[],[[""opaque"",[[""direct"",null,""m7.2"",[]]]],[""return"",null]]],[""m7.2"",""q4"",[],null,[],[[""opaque"",[[""check"",""p2""]]],[""return"",null]]]]]],[[""s0"",""c7"",""c7""]],[[""e0"",""s0"",""q2"",[]]]]","[[""p0"",""p1"",""p2""],[[""c0"",null,[],[[""m0.0"",""q0"",[],null,[],[[""return"",null]]]]],[""c1"",""c0"",[],[[""m1.0"",""q0"",[],null,[],[[""check"",""p0""],[""return"",null]]]]],[""c2"",""c0"",[],[[""m2.0"",""q0"",[],null,[],[[""check"",""p1""],[""return"",null]]]]],[""c3"",null,[],[[""m3.0"",""q1"",[""c0""],""c0"",[],[[""return"",""v1""]]]]],[""c4"",""c3"",[],[]],[""c5"",""c4"",[],[]],[""c6"",""c5"",[],[]],[""c7"",null,[],[[""m7.0"",""q2"",[],null,[""c3"",""c0"",""c0"",""c0"",""c0"",""c0""],[[""new"",""v1"",""c6""],[""new"",""v2"",""c1""],[""new"",""v3"",""c2""],[""invoke"",""v4"",""v1"",""q1"",[""v2""]],[""invoke"",""v5"",""v1"",""q1"",[""v3""]],[""invoke"",""v6"",""v1"",""q1"",[""v2""]],[""invoke"",null,""v4"",""q0"",[]],[""opaque"",[[""direct"",null,""m7.1"",[]]]],[""return"",null]]],[""m7.1"",""q3"",[],null,[],[[""opaque"",[[""direct"",null,""m7.2"",[]]]],[""return"",null]]],[""m7.2"",""q4"",[],null,[],[[""opaque"",[[""check"",""p2""]]],[""return"",null]]]]],[""c8"",null,[],[[""m8.0"",""q5"",[],null,[],[[""check"",""p0""],[""return"",null]]]]]],[[""s0"",""c7"",""c7""]],[[""e0"",""s0"",""q2"",[]]]]"
181,context,1,1,3,0,False,"[[""p0"",""p1"",""p2""],[[""c0"",null,[],[[""m0.0"",""q0"",[],null,[],[[""return"",null]]]]],[""c1"",""c0"",[],[[""m1.0"",""q0"",[],null,[],[[""check"",""p0""],[""return"",null]]]]],[""c2"",""c0"",[],[[""m2.0"",""q0"",[],null,[],[[""check"",""p1""],[""return"",null]]]]],[""c3"",null,[],[[""m3.0"",""q1"",[""c0""],""c0"",[],[[""return"",""v1""]]]]],[""c4"",""c3"",[],[]],[""c5"",""c4"",[],[]],[""c6"",""c5"",[],[]],[""c7"",null,[],[[""m7.0"",""q2"",[],null,[""c3"",""c0"",""c0"",""c0"",""c0"",""c0"",""c0""],[[""new"",""v1"",""c6""],[""new"",""v2"",""c1""],[""new"",""v3"",""c2""],[""invoke"",""v4"",""v1"",""q1"",[""v2""]],[""invoke"",""v5"",""v1"",""q1"",[""v3""]],[""invoke"",""v6"",""v1"",""q1"",[""v2""]],[""move"",""v7"",""v4""],[""invoke"",null,""v7"",""q0"",[]],[""return"",null]]]]]],[[""s0"",""c7"",""c7""]],[[""e0"",""s0"",""q2"",[]]]]","[[""p0"",""p1"",""p2""],[[""c0"",null,[],[[""m0.0"",""q0"",[],null,[],[[""return"",null]]]]],[""c1"",""c0"",[],[[""m1.0"",""q0"",[],null,[],[[""check"",""p0""],[""return"",null]]]]],[""c2"",""c0"",[],[[""m2.0"",""q0"",[],null,[],[[""check"",""p1""],[""return"",null]]]]],[""c3"",null,[],[[""m3.0"",""q1"",[""c0""],""c0"",[],[[""return"",""v1""]]]]],[""c4"",""c3"",[],[]],[""c5"",""c4"",[],[]],[""c6"",""c5"",[],[]],[""c7"",null,[],[[""m7.0"",""q2"",[],null,[""c3"",""c0"",""c0"",""c0"",""c0"",""c0"",""c0""],[[""new"",""v1"",""c6""],[""new"",""v2"",""c1""],[""new"",""v3"",""c2""],[""invoke"",""v4"",""v1"",""q1"",[""v2""]],[""invoke"",""v5"",""v1"",""q1"",[""v3""]],[""invoke"",""v6"",""v1"",""q1"",[""v2""]],[""move"",""v7"",""v5""],[""invoke"",null,""v7"",""q0"",[]],[""return"",null]]]]]],[[""s0"",""c7"",""c7""]],[[""e0"",""s0"",""q2"",[]]]]"
182,context,2,1,3,0,True,"[[""p0"",""p1"",""p2""],[[""c0"",null,[],[[""m0.0"",""q0"",[],null,[],[[""return"",null]]]]],[""c1"",""c0"",[],[[""m1.0"",""q0"",[],null,[],[[""check"",""p0""],[""return"",null]]]]],[""c2"",""c0"",[],[[""m2.0"",""q0"",[],null,[],[[""check"",""p1""],[""return"",null]]]]],[""c3"",null,[],[[""m3.0"",""q1"",[""c0""],""c0"",[],[[""return"",""v1""]]]]],[""c4"",""c3"",[],[]],[""c5"",""c4"",[],[]],[""c6"",""c5"",[],[]],[""c7"",null,[],[[""m7.0"",""q2"",[],null,[""c3"",""c0"",""c0"",""c0"",""c0"",""c0"",""c0"",""c0""],[[""new"",""v1"",""c6""],[""new"",""v2"",""c1""],[""new"",""v3"",""c2""],[""invoke"",""v4"",""v1"",""q1"",[""v2""]],[""invoke"",""v5"",""v1"",""q1"",[""v3""]],[""invoke"",""v6"",""v1"",""q1"",[""v2""]],[""move"",""v7"",""v4""],[""move"",""v8"",""v7""],[""invoke"",null,""v8"",""q0"",[]],[""return"",null]]]]]],[[""s0"",""c7"",""c7""]],[[""e0"",""s0"",""q2"",[]]]]","[[""p0"",""p1"",""p2""],[[""c0"",null,[],[[""m0.0"",""q0"",[],null,[],[[""return"",null]]]]],[""c1"",""c0"",[],[[""m1.0"",""q0"",[],null,[],[[""check"",""p0""],[""return"",null]]]]],[""c2"",""c0"",[],[[""m2.0"",""q0"",[],null,[],[[""check"",""p1""],[""return"",null]]]]],[""c3"",null,[],[[""m3.0"",""q1"",[""c0""],""c0"",[],[[""return"",""v1""]]]]],[""c4"",""c3"",[],[]],[""c5"",""c4"",[],[]],[""c6"",""c5"",[],[]],[""c7"",null,[],[[""m7.0"",""q2"",[],null,[""c3"",""c0"",""c0"",""c0"",""c0"",""c0"",""c0"",""c0""],[[""new"",""v1"",""c6""],[""new"",""v2"",""c1""],[""new"",""v3"",""c2""],[""invoke"",""v4"",""v1"",""q1"",[""v2""]],[""invoke"",""v5"",""v1"",""q1"",[""v3""]],[""invoke"",""v6"",""v1"",""q1"",[""v2""]],[""move"",""v7"",""v4""],[""move"",""v8"",""v7""],[""invoke"",null,""v8"",""q0"",[]],[""return"",null]]]]],[""c8"",""c3"",[],[]]],[[""s0"",""c7"",""c7""]],[[""e0"",""s0"",""q2"",[]]]]"
183,context,3,1,3,0,False,"[[""p0"",""p1"",""p2""],[[""c0"",null,[],[[""m0.0"",""q0"",[],null,[],[[""return"",null]]]]],[""c1"",""c0"",[],[[""m1.0"",""q0"",[],null,[],[[""check"",""p0""],[""return"",null]]]]],[""c2"",""c0"",[],[[""m2.0"",""q0"",[],null,[],[[""check"",""p1""],[""return"",null]]]]],[""c3"",null,[],[[""m3.0"",""q1"",[""c0""],""c0"",[],[[""return"",""v1""]]]]],[""c4"",""c3"",[],[]],[""c5"",""c4"",[],[]],[""c6"",""c5"",[],[]],[""c7"",null,[],[[""m7.0"",""q2"",[],null,[""c3"",""c0"",""c0"",""c0"",""c0"",""c0"",""c0"",""c0"",""c0""],[[""new"",""v1"",""c6""],[""new"",""v2"",""c1""],[""new"",""v3"",""c2""],[""invoke"",""v4"",""v1"",""q1"",[""v2""]],[""invoke"",""v5"",""v1"",""q1"",[""v3""]],[""invoke"",""v6"",""v1"",""q1"",[""v2""]],[""move"",""v7"",""v4""],[""move"",""v8"",""v7""],[""move"",""v9"",""v8""],[""invoke"",null,""v9"",""q0"",[]],[""return"",null]]]]]],[[""s0"",""c7"",""c7""]],[[""e0"",""s0"",""q2"",[]]]]","[[""p0"",""p1"",""p2""],[[""c0"",null,[],[[""m0.0"",""q0"",[],null,[],[[""return"",null]]]]],[""c1"",""c0"",[],[[""m1.0"",""q0"",[],null,[],[[""check"",""p0""],[""return"",null]]]]],[""c2"",""c0"",[],[[""m2.0"",""q0"",[],null,[],[[""check"",""p1""],[""return"",null]]]]],[""c3"",null,[],[[""m3.0"",""q1"",[""c0""],""c0"",[],[[""return"",""v1""]]]]],[""c4"",""c3"",[],[]],[""c5"",""c4"",[],[]],[""c6"",""c5"",[],[]],[""c7"",null,[],[[""m7.0"",""q2"",[],null,[""c3"",""c0"",""c0"",""c0"",""c0"",""c0"",""c0"",""c0"",""c0""],[[""new"",""v1"",""c6""],[""new"",""v2"",""c1""],[""new"",""v3"",""c2""],[""invoke"",""v4"",""v1"",""q1"",[""v2""]],[""invoke"",""v5"",""v1"",""q1"",[""v3""]],[""invoke"",""v6"",""v1"",""q1"",[""v2""]],[""move"",""v7"",""v5""],[""move"",""v8"",""v7""],[""move"",""v9"",""v8""],[""invoke"",null,""v9"",""q0"",[]],[""return"",null]]]]]],[[""s0"",""c7"",""c7""]],[[""e0"",""s0"",""q2"",[]]]]"
184,context,4,1,3,0,True,"[[""p0"",""p1"",""p2""],[[""c0"",null,[],[[""m0.0"",""q0"",[],null,[],[[""return"",null]]]]],[""c1"",""c0"",[],[[""m1.0"",""q0"",[],null,[],[[""check"",""p0""],[""return"",null]]]]],[""c2"",""c0"",[],[[""m2.0"",""q0"",[],null,[],[[""check"",""p1""],[""return"",null]]]]],[""c3"",null,[],[[""m3.0"",""q1"",[""c0""],""c0"",[],[[""return"",""v1""]]]]],[""c4"",""c3"",[],[]],[""c5"",""c4"",[],[]],[""c6"",""c5"",[],[]],[""c7"",null,[],[[""m7.0"",""q2"",[],null,[""c3"",""c0"",""c0"",""c0"",""c0"",""c0"",""c0"",""c0"",""c0"",""c0""],[[""new"",""v1"",""c6""],[""new"",""v2"",""c1""],[""new"",""v3"",""c2""],[""invoke"",""v4"",""v1"",""q1"",[""v2""]],[""invoke"",""v5"",""v1"",""q1"",[""v3""]],[""invoke"",""v6"",""v1"",""q1"",[""v2""]],[""move"",""v7"",""v4""],[""move"",""v8"",""v7""],[""move"",""v9"",""v8""],[""move"",""v10"",""v9""],[""invoke"",null,""v10"",""q0"",[]],[""return"",null]]]]]],[[""s0"",""c7"",""c7""]],[[""e0"",""s0"",""q2"",[]]]]","[[""p0"",""p1"",""p2""],[[""c0"",null,[],[[""m0.0"",""q0"",[],null,[],[[""return"",null]]]]],[""c1"",""c0"",[],[[""m1.0"",""q0"",[],null,[],[[""check"",""p0""],[""return"",null]]]]],[""c2"",""c0"",[],[[""m2.0"",""q0"",[],null,[],[[""check"",""p1""],[""return"",null]]]]],[""c3"",null,[],[[""m3.0"",""q1"",[""c0""],""c0"",[],[[""return"",""v1""]]]]],[""c4"",""c3"",[],[]],[""c5"",""c4"",[],[]],[""c6"",""c5"",[],[]],[""c7"",null,[],[[""m7.0"",""q2"",[],null,[""c3"",""c0"",""c0"",""c0"",""c0"",""c0"",""c0"",""c0"",""c0"",""c0"",""c0""],[[""new"",""v1"",""c6""],[""new"",""v2"",""c1""],[""new"",""v3"",""c2""],[""invoke"",""v4"",""v1"",""q1"",[""v2""]],[""invoke"",""v5"",""v1"",""q1"",[""v3""]],[""invoke"",""v6"",""v1"",""q1"",[""v2""]],[""move"",""v7"",""v4""],[""move"",""v8"",""v7""],[""move"",""v9"",""v8""],[""move"",""v10"",""v9""],[""move"",""v11"",""v10""],[""invoke"",null,""v11"",""q0"",[]],[""return"",null]]]]]],[[""s0"",""c7"",""c7""]],[[""e0"",""s0"",""q2"",[]]]]"
185,context,0,2,3,1,False,"[[""p0"",""p1"",""p2""],[[""c0"",null,[],[[""m0.0"",""q0"",[],null,[],[[""return"",null]]]]],[""c1"",""c0"",[],[[""m1.0"",""q0"",[],null,[],[[""check"",""p0""],[""return"",null]]]]],[""c2"",""c0"",[],[[""m2.0"",""q0"",[],null,[],[[""check"",""p1""],[""return"",null]]]]],[""c3"",null,[],[[""m3.0"",""q1"",[""c0""],""c0"",[],[[""return"",""v1""]]]]],[""c4"",""c3"",[],[]],[""c5"",""c4"",[],[]],[""c6"",""c5"",[],[]],[""c7"",null,[],[[""m7.0"",""q2"",[],null,[""c3"",""c0"",""c0"",""c0"",""c0"",""c0"",""c0""],[[""new"",""v1"",""c6""],[""new"",""v2"",""c1""],[""new"",""v3"",""c2""],[""invoke"",""v4"",""v1"",""q1"",[""v2""]],[""invoke"",""v5"",""v1"",""q1"",[""v3""]],[""invoke"",""v6"",""v1"",""q1"",[""v2""]],[""invoke"",""v7"",""v1"",""q1"",[""v3""]],[""invoke"",null,""v4"",""q0"",[]],[""opaque"",[[""check"",""p2""]]],[""return"",null]]]]]],[[""s0"",""c7"",""c7""]],[[""e0"",""s0"",""q2"",[]]]]","[[""p0"",""p1"",""p2""],[[""c0"",null,[],[[""m0.0"",""q0"",[],null,[],[[""return"",null]]]]],[""c1"",""c0"",[],[[""m1.0"",""q0"",[],null,[],[[""check"",""p0""],[""return"",null]]]]],[""c2"",""c0"",[],[[""m2.0"",""q0"",[],null,[],[[""check"",""p1""],[""return"",null]]]]],[""c3"",null,[],[[""m3.0"",""q1"",[""c0""],""c0"",[],[[""return"",""v1""]]]]],[""c4"",""c3"",[],[]],[""c5"",""c4"",[],[]],[""c6"",""c5"",[],[]],[""c7"",null,[],[[""m7.0"",""q2"",[],null,[""c3"",""c0"",""c0"",""c0"",""c0"",""c0"",""c0""],[[""new"",""v1"",""c6""],[""new"",""v2"",""c1""],[""new"",""v3"",""c2""],[""invoke"",""v4"",""v1"",""q1"",[""v2""]],[""invoke"",""v5"",""v1"",""q1"",[""v3""]],[""invoke"",""v6"",""v1"",""q1"",[""v2""]],[""invoke"",""v7"",""v1"",""q1"",[""v3""]],[""invoke"",null,""v5"",""q0"",[]],[""opaque"",[[""check"",""p2""]]],[""return"",null]]]]]],[[""s0"",""c7"",""c7""]],[[""e0"",""s0"",""q2"",[]]]]"
186,context,1,2,3,0,True,"[[""p0"",""p1"",""p2""],[[""c0"",null,[],[[""m0.0"",""q0"",[],null,[],[[""return"",null]]]]],[""c1"",""c0"",[],[[""m1.0"",""q0"",[],null,[],[[""check"",""p0""],[""return"",null]]]]],[""c2"",""c0"",[],[[""m2.0"",""q0"",[],null,[],[[""check"",""p1""],[""return"",null]]]]],[""c3"",null,[],[[""m3.0"",""q1"",[""c0""],""c0"",[],[[""return"",""v1""]]]]],[""c4"",""c3"",[],[]],[""c5"",""c4"",[],[]],[""c6"",""c5"",[],[]],[""c7"",null,[],[[""m7.0"",""q2"",[],null,[""c3"",""c0"",""c0"",""c0"",""c0"",""c0"",""c0"",""c0""],[[""new"",""v1"",""c6""],[""new"",""v2"",""c1""],[""new"",""v3"",""c2""],[""invoke"",""v4"",""v1"",""q1"",[""v2""]],[""invoke"",""v5"",""v1"",""q1"",[""v3""]],[""invoke"",""v6"",""v1"",""q1"",[""v2""]],[""invoke"",""v7"",""v1"",""q1"",[""v3""]],[""move"",""v8"",""v4""],[""invoke"",null,""v8"",""q0"",[]],[""return"",null]]]]]],[[""s0"",""c7"",""c7""]],[[""e0"",""s0"",""q2"",[]]]]","[[""p0"",""p1"",""p2""],[[""c0"",null,[],[[""m0.0"",""q0"",[],null,[],[[""return"",null]]]]],[""c1"",""c0"",[],[[""m1.0"",""q0"",[],null,[],[[""check"",""p0""],[""return"",null]]]]],[""c2"",""c0"",[],[[""m2.0"",""q0"",[],null,[],[[""check"",""p1""],[""return"",null]]]]],[""c3"",null,[],[[""m3.0"",""q1"",[""c0""],""c0"",[],[[""return"",""v1""]]]]],[""c4"",""c3"",[],[]],[""c5"",""c4"",[],[]],[""c6"",""c5"",[],[]],[""c7"",null,[],[[""m7.0"",""q2"",[],null,[""c3"",""c0"",""c0"",""c0"",""c0"",""c0"",""c0"",""c0""],[[""new"",""v1"",""c6""],[""new"",""v2"",""c1""],[""new"",""v3"",""c2""],[""invoke"",""v4"",""v1"",""q1"",[""v2""]],[""invoke"",""v5"",""v1"",""q1"",[""v3""]],[""invoke"",""v6"",""v1"",""q1"",[""v2""]],[""invoke"",""v7"",""v1"",""q1"",[""v3""]],[""move"",""v8"",""v4""],[""invoke"",null,""v8"",""q0"",[]],[""return"",null]]]]],[""c8"",null,[],[[""m8.0"",""q3"",[],null,[],[[""check"",""p0""],[""return"",null]]]]]],[[""s0"",""c7"",""c7""]],[[""e0"",""s0"",""q2"",[]]]]"
187,context,2,2,3,0,False,"[[""p0"",""p1"",""p2""],[[""c0"",null,[],[[""m0.0"",""q0"",[],null,[],[[""return"",null]]]]],[""c1"",""c0"",[],[[""m1.0"",""q0"",[],null,[],[[""check"",""p0""],[""return"",null]]]]],[""c2"",""c0"",[],[[""m2.0"",""q0"",[],null,[],[[""check"",""p1""],[""return"",null]]]]],[""c3"",null,[],[[""m3.0"",""q1"",[""c0""],""c0"",[],[[""return"",""v1""]]]]],[""c4"",""c3"",[],[]],[""c5"",""c4"",[],[]],[""c6"",""c5"",[],[]],[""c7"",null,[],[[""m7.0"",""q2"",[],null,[""c3"",""c0"",""c0"",""c0"",""c0"",""c0"",""c0"",""c0"",""c0""],[[""new"",""v1"",""c6""],[""new"",""v2"",""c1""],[""new"",""v3"",""c2""],[""invoke"",""v4"",""v1"",""q1"",[""v2""]],[""invoke"",""v5"",""v1"",""q1"",[""v3""]],[""invoke"",""v6"",""v1"",""q1"",[""v2""]],[""invoke"",""v7"",""v1"",""q1"",[""v3""]],[""move"",""v8"",""v4""],[""move"",""v9"",""v8""],[""invoke"",null,""v9"",""q0"",[]],[""return"",null]]]]]],[[""s0"",""c7"",""c7""]],[[""e0"",""s0"",""q2"",[]]]]","[[""p0"",""p1"",""p2""],[[""c0"",null,[],[[""m0.0"",""q0"",[],null,[],[[""return"",null]]]]],[""c1"",""c0"",[],[[""m1.0"",""q0"",[],null,[],[[""check"",""p0""],[""return"",null]]]]],[""c2"",""c0"",[],[[""m2.0"",""q0"",[],null,[],[[""check"",""p1""],[""return"",null]]]]],[""c3"",null,[],[[""m3.0"",""q1"",[""c0""],""c0"",[],[[""return"",""v1""]]]]],[""c4"",""c3"",[],[]],[""c5"",""c4"",[],[]],[""c6"",""c5"",[],[]],[""c7"",null,[],[[""m7.0"",""q2"",[],null,[""c3"",""c0"",""c0"",""c0"",""c0"",""c0"",""c0"",""c0"",""c0""],[[""new"",""v1"",""c6""],[""new"",""v2"",""c1""],[""new"",""v3"",""c2""],[""invoke"",""v4"",""v1"",""q1"",[""v2""]],[""invoke"",""v5"",""v1"",""q1"",[""v3""]],[""invoke"",""v6"",""v1"",""q1"",[""v2""]],[""invoke"",""v7"",""v1"",""q1"",[""v3""]],[""move"",""v8"",""v5""],[""move"",""v9"",""v8""],[""invoke"",null,""v9"",""q0"",[]],[""return"",null]]]]]],[[""s0"",""c7"",""c7""]],[[""e0"",""s0"",""q2"",[]]]]"
188,context,3,2,3,0,True,"[[""p0"",""p1"",""p2""],[[""c0"",null,[],[[""m0.0"",""q0"",[],null,[],[[""return"",null]]]]],[""c1"",""c0"",[],[[""m1.0"",""q0"",[],null,[],[[""check"",""p0""],[""return"",null]]]]],[""c2"",""c0"",[],[[""m2.0"",""q0"",[],null,[],[[""check"",""p1""],[""return"",null]]]]],[""c3"",null,[],[[""m3.0"",""q1"",[""c0""],""c0"",[],[[""return"",""v1""]]]]],[""c4"",""c3"",[],[]],[""c5"",""c4"",[],[]],[""c6"",""c5"",[],[]],[""c7"",null,[],[[""m7.0"",""q2"",[],null,[""c3"",""c0"",""c0"",""c0"",""c0"",""c0"",""c0"",""c0"",""c0"",""c0""],[[""new"",""v1"",""c6""],[""new"",""v2"",""c1""],[""new"",""v3"",""c2""],[""invoke"",""v4"",""v1"",""q1"",[""v2""]],[""invoke"",""v5"",""v1"",""q1"",[""v3""]],[""invoke"",""v6"",""v1"",""q1"",[""v2""]],[""invoke"",""v7"",""v1"",""q1"",[""v3""]],[""move"",""v8"",""v4""],[""move"",""v9"",""v8""],[""move"",""v10"",""v9""],[""invoke"",null,""v10"",""q0"",[]],[""return"",null]]]]]],[[""s0"",""c7"",""c7""]],[[""e0"",""s0"",""q2"",[]]]]","[[""p0"",""p1"",""p2""],[[""c0"",null,[],[[""m0.0"",""q0"",[],null,[],[[""return"",null]]]]],[""c1"",""c0"",[],[[""m1.0"",""q0"",[],null,[],[[""check"",""p0""],[""return"",null]]]]],[""c2"",""c0"",[],[[""m2.0"",""q0"",[],null,[],[[""check"",""p1""],[""return"",null]]]]],[""c3"",null,[],[[""m3.0"",""q1"",[""c0""],""c0"",[],[[""return"",""v1""]]]]],[""c4"",""c3"",[],[]],[""c5"",""c4"",[],[]],[""c6"",""c5"",[],[]],[""c7"",null,[],[[""m7.0"",""q2"",[],null,[""c3"",""c0"",""c0"",""c0"",""c0"",""c0"",""c0"",""c0"",""c0"",""c0""],[[""new"",""v1"",""c6""],[""new"",""v2"",""c1""],[""new"",""v3"",""c2""],[""invoke"",""v4"",""v1"",""q1"",[""v2""]],[""invoke"",""v5"",""v1"",""q1"",[""v3""]],[""invoke"",""v6"",""v1"",""q1"",[""v2""]],[""invoke"",""v7"",""v1"",""q1"",[""v3""]],[""move"",""v8"",""v4""],[""move"",""v9"",""v8""],[""move"",""v10"",""v9""],[""invoke"",null,""v10"",""q0"",[]],[""return"",null]]]]],[""c8"",""c3"",[],[]]],[[""s0"",""c7"",""c7""]],[[""e0"",""s0"",""q2"",[]]]]"
189,context,4,2,3,0,False,"[[""p0"",""p1"",""p2""],[[""c0"",null,[],[[""m0.0"",""q0"",[],null,[],[[""return"",null]]]]],[""c1"",""c0"",[],[[""m1.0"",""q0"",[],null,[],[[""check"",""p0""],[""return"",null]]]]],[""c2"",""c0"",[],[[""m2.0"",""q0"",[],null,[],[[""check"",""p1""],[""return"",null]]]]],[""c3"",null,[],[[""m3.0"",""q1"",[""c0""],""c0"",[],[[""return"",""v1""]]]]],[""c4"",""c3"",[],[]],[""c5"",""c4"",[],[]],[""c6"",""c5"",[],[]],[""c7"",null,[],[[""m7.0"",""q2"",[],null,[""c3"",""c0"",""c0"",""c0"",""c0"",""c0"",""c0"",""c0"",""c0"",""c0"",""c0""],[[""new"",""v1"",""c6""],[""new"",""v2"",""c1""],[""new"",""v3"",""c2""],[""invoke"",""v4"",""v1"",""q1"",[""v2""]],[""invoke"",""v5"",""v1"",""q1"",[""v3""]],[""invoke"",""v6"",""v1"",""q1"",[""v2""]],[""invoke"",""v7"",""v1"",""q1"",[""v3""]],[""move"",""v8"",""v4""],[""move"",""v9"",""v8""],[""move"",""v10"",""v9""],[""move"",""v11"",""v10""],[""invoke"",null,""v11"",""q0"",[]],[""return"",null]]]]]],[[""s0"",""c7"",""c7""]],[[""e0"",""s0"",""q2"",[]]]]","[[""p0"",""p1"",""p2""],[[""c0"",null,[],[[""m0.0"",""q0"",[],null,[],[[""return"",null]]]]],[""c1"",""c0"",[],[[""m1.0"",""q0"",[],null,[],[[""check"",""p0""],[""return"",null]]]]],[""c2"",""c0"",[],[[""m2.0"",""q0"",[],null,[],[[""check"",""p1""],[""return"",null]]]]],[""c3"",null,[],[[""m3.0"",""q1"",[""c0""],""c0"",[],[[""return"",""v1""]]]]],[""c4"",""c3"",[],[]],[""c5"",""c4"",[],[]],[""c6"",""c5"",[],[]],[""c7"",null,[],[[""m7.0"",""q2"",[],null,[""c3"",""c0"",""c0"",""c0"",""c0"",""c0"",""c0"",""c0"",""c0"",""c0"",""c0""],[[""new"",""v1"",""c6""],[""new"",""v2"",""c1""],[""new"",""v3"",""c2""],[""invoke"",""v4"",""v1"",""q1"",[""v2""]],[""invoke"",""v5"",""v1"",""q1"",[""v3""]],[""invoke"",""v6"",""v1"",""q1"",[""v2""]],[""invoke"",""v7"",""v1"",""q1"",[""v3""]],[""move"",""v8"",""v5""],[""move"",""v9"",""v8""],[""move"",""v10"",""v9""],[""move"",""v11"",""v10""],[""invoke"",null,""v11"",""q0"",[]],[""return"",null]]]]]],[[""s0"",""c7"",""c7""]],[[""e0"",""s0"",""q2"",[]]]]"
190,context,0,3,3,2,True,"[[""p0"",""p1"",""p2""],[[""c0"",null,[],[[""m0.0"",""q0"",[],null,[],[[""return"",null]]]]],[""c1"",""c0"",[],[[""m1.0"",""q0"",[],null,[],[[""check"",""p0""],[""return"",null]]]]],[""c2"",""c0"",[],[[""m2.0"",""q0"",[],null,[],[[""check"",""p1""],[""return"",null]]]]],[""c3"",null,[],[[""m3.0"",""q1"",[""c0""],""c0"",[],[[""return"",""v1""]]]]],[""c4"",""c3"",[],[]],[""c5"",""c4"",[],[]],[""c6"",""c5"",[],[]],[""c7"",null,[],[[""m7.0"",""q2"",[],null,[""c3"",""c0"",""c0"",""c0"",""c0"",""c0"",""c0"",""c0""],[[""new"",""v1"",""c6""],[""new"",""v2"",""c1""],[""new"",""v3"",""c2""],[""invoke"",""v4"",""v1"",""q1"",[""v2""]],[""invoke"",""v5"",""v1"",""q1"",[""v3""]],[""invoke"",""v6"",""v1"",""q1"",[""v2""]],[""invoke"",""v7"",""v1"",""q1"",[""v3""]],[""invoke"",""v8"",""v1"",""q1"",[""v2""]],[""invoke"",null,""v4"",""q0"",[]],[""opaque"",[[""direct"",null,""m7.1"",[]]]],[""return"",null]]],[""m7.1"",""q3"",[],null,[],[[""opaque"",[[""check"",""p2""]]],[""return"",null]]]]]],[[""s0"",""c7"",""c7""]],[[""e0"",""s0"",""q2"",[]]]]","[[""p0"",""p1"",""p2""],[[""c0"",null,[],[[""m0.0"",""q0"",[],null,[],[[""return"",null]]]]],[""c1"",""c0"",[],[[""m1.0"",""q0"",[],null,[],[[""check"",""p0""],[""return"",null]]]]],[""c2"",""c0"",[],[[""m2.0"",""q0"",[],null,[],[[""check"",""p1""],[""return"",null]]]]],[""c3"",null,[],[[""m3.0"",""q1"",[""c0""],""c0"",[],[[""return"",""v1""]]]]],[""c4"",""c3"",[],[]],[""c5"",""c4"",[],[]],[""c6"",""c5"",[],[]],[""c7"",null,[],[[""m7.0"",""q2"",[],null,[""c3"",""c0"",""c0"",""c0"",""c0"",""c0"",""c0"",""c0"",""c0""],[[""new"",""v1"",""c6""],[""new"",""v2"",""c1""],[""new"",""v3"",""c2""],[""invoke"",""v4"",""v1"",""q1"",[""v2""]],[""invoke"",""v5"",""v1"",""q1"",[""v3""]],[""invoke"",""v6"",""v1"",""q1"",[""v2""]],[""invoke"",""v7"",""v1"",""q1"",[""v3""]],[""invoke"",""v8"",""v1"",""q1"",[""v2""]],[""move"",""v9"",""v4""],[""invoke"",null,""v9"",""q0"",[]],[""opaque"",[[""direct"",null,""m7.1"",[]]]],[""return"",null]]],[""m7.1"",""q3"",[],null,[],[[""opaque"",[[""check"",""p2""]]],[""return"",null]]]]]],[[""s0"",""c7"",""c7""]],[[""e0"",""s0"",""q2"",[]]]]"
191,context,1,3,3,0,False,"[[""p0"",""p1"",""p2""],[[""c0"",null,[],[[""m0.0"",""q0"",[],null,[],[[""return"",null]]]]],[""c1"",""c0"",[],[[""m1.0"",""q0"",[],null,[],[[""check"",""p0""],[""return"",null]]]]],[""c2"",""c0"",[],[[""m2.0"",""q0"",[],null,[],[[""check"",""p1""],[""return"",null]]]]],[""c3"",null,[],[[""m3.0"",""q1"",[""c0""],""c0"",[],[[""return"",""v1""]]]]],[""c4"",""c3"",[],[]],[""c5"",""c4"",[],[]],[""c6"",""c5"",[],[]],[""c7"",null,[],[[""m7.0"",""q2"",[],null,[""c3"",""c0"",""c0"",""c0"",""c0"",""c0"",""c0"",""c0"",""c0""],[[""new"",""v1"",""c6""],[""new"",""v2"",""c1""],[""new"",""v3"",""c2""],[""invoke"",""v4"",""v1"",""q1"",[""v2""]],[""invoke"",""v5"",""v1"",""q1"",[""v3""]],[""invoke"",""v6"",""v1"",""q1"",[""v2""]],[""invoke"",""v7"",""v1"",""q1"",[""v3""]],[""invoke"",""v8"",""v1"",""q1"",[""v2""]],[""move"",""v9"",""v4""],[""invoke"",null,""v9"",""q0"",[]],[""return"",null]]]]]],[[""s0"",""c7"",""c7""]],[[""e0"",""s0"",""q2"",[]]]]","[[""p0"",""p1"",""p2""],[[""c0"",null,[],[[""m0.0"",""q0"",[],null,[],[[""return"",null]]]]],[""c1"",""c0"",[],[[""m1.0"",""q0"",[],null,[],[[""check"",""p0""],[""return"",null]]]]],[""c2"",""c0"",[],[[""m2.0"",""q0"",[],null,[],[[""check"",""p1""],[""return"",null]]]]],[""c3"",null,[],[[""m3.0"",""q1"",[""c0""],""c0"",[],[[""return"",""v1""]]]]],[""c4"",""c3"",[],[]],[""c5"",""c4"",[],[]],[""c6"",""c5"",[],[]],[""c7"",null,[],[[""m7.0"",""q2"",[],null,[""c3"",""c0"",""c0"",""c0"",""c0"",""c0"",""c0"",""c0"",""c0""],[[""new"",""v1"",""c6""],[""new"",""v2"",""c1""],[""new"",""v3"",""c2""],[""invoke"",""v4"",""v1"",""q1"",[""v2""]],[""invoke"",""v5"",""v1"",""q1"",[""v3""]],[""invoke"",""v6"",""v1"",""q1"",[""v2""]],[""invoke"",""v7"",""v1"",""q1"",[""v3""]],[""invoke"",""v8"",""v1"",""q1"",[""v2""]],[""move"",""v9"",""v5""],[""invoke"",null,""v9"",""q0"",[]],[""return"",null]]]]]],[[""s0"",""c7"",""c7""]],[[""e0"",""s0"",""q2"",[]]]]"
192,context,2,3,3,0,True,"[[""p0"",""p1"",""p2""],[[""c0"",null,[],[[""m0.0"",""q0"",[],null,[],[[""return"",null]]]]],[""c1"",""c0"",[],[[""m1.0"",""q0"",[],null,[],[[""check"",""p0""],[""return"",null]]]]],[""c2"",""c0"",[],[[""m2.0"",""q0"",[],null,[],[[""check"",""p1""],[""return"",null]]]]],[""c3"",null,[],[[""m3.0"",""q1"",[""c0""],""c0"",[],[[""return"",""v1""]]]]],[""c4"",""c3"",[],[]],[""c5"",""c4"",[],[]],[""c6"",""c5"",[],[]],[""c7"",null,[],[[""m7.0"",""q2"",[],null,[""c3"",""c0"",""c0"",""c0"",""c0"",""c0"",""c0"",""c0"",""c0"",""c0""],[[""new"",""v1"",""c6""],[""new"",""v2"",""c1""],[""new"",""v3"",""c2""],[""invoke"",""v4"",""v1"",""q1"",[""v2""]],[""invoke"",""v5"",""v1"",""q1"",[""v3""]],[""invoke"",""v6"",""v1"",""q1"",[""v2""]],[""invoke"",""v7"",""v1"",""q1"",[""v3""]],[""invoke"",""v8"",""v1"",""q1"",[""v2""]],[""move"",""v9"",""v4""],[""move"",""v10"",""v9""],[""invoke"",null,""v10"",""q0"",[]],[""return"",null]]]]]],[[""s0"",""c7"",""c7""]],[[""e0"",""s0"",""q2"",[]]]]","[[""p0"",""p1"",""p2""],[[""c0"",null,[],[[""m0.0"",""q0"",[],null,[],[[""return"",null]]]]],[""c1"",""c0"",[],[[""m1.0"",""q0"",[],null,[],[[""check"",""p0""],[""return"",null]]]]],[""c2"",""c0"",[],[[""m2.0"",""q0"",[],null,[],[[""check"",""p1""],[""return"",null]]]]],[""c3"",null,[],[[""m3.0"",""q1"",[""c0""],""c0"",[],[[""return"",""v1""]]]]],[""c4"",""c3"",[],[]],[""c5"",""c4"",[],[]],[""c6"",""c5"",[],[]],[""c7"",null,[],[[""m7.0"",""q2"",[],null,[""c3"",""c0"",""c0"",""c0"",""c0"",""c0"",""c0"",""c0"",""c0"",""c0""],[[""new"",""v1"",""c6""],[""new"",""v2"",""c1""],[""new"",""v3"",""c2""],[""invoke"",""v4"",""v1"",""q1"",[""v2""]],[""invoke"",""v5"",""v1"",""q1"",[""v3""]],[""invoke"",""v6"",""v1"",""q1"",[""v2""]],[""invoke"",""v7"",""v1"",""q1"",[""v3""]],[""invoke"",""v8"",""v1"",""q1"",[""v2""]],[""move"",""v9"",""v4""],[""move"",""v10"",""v9""],[""invoke"",null,""v10"",""q0"",[]],[""return"",null]]]]],[""c8"",null,[],[[""m8.0"",""q3"",[],null,[],[[""check"",""p0""],[""return"",null]]]]]],[[""s0"",""c7"",""c7""]],[[""e0"",""s0"",""q2"",[]]]]"
193,context,3,3,3,0,False,"[[""p0"",""p1"",""p2""],[[""c0"",null,[],[[""m0.0"",""q0"",[],null,[],[[""return"",null]]]]],[""c1"",""c0"",[],[[""m1.0"",""q0"",[],null,[],[[""check"",""p0""],[""return"",null]]]]],[""c2"",""c0"",[],[[""m2.0"",""q0"",[],null,[],[[""check"",""p1""],[""return"",null]]]]],[""c3"",null,[],[[""m3.0"",""q1"",[""c0""],""c0"",[],[[""return"",""v1""]]]]],[""c4"",""c3"",[],[]],[""c5"",""c4"",[],[]],[""c6"",""c5"",[],[]],[""c7"",null,[],[[""m7.0"",""q2"",[],null,[""c3"",""c0"",""c0"",""c0"",""c0"",""c0"",""c0"",""c0"",""c0"",""c0"",""c0""],[[""new"",""v1"",""c6""],[""new"",""v2"",""c1""],[""new"",""v3"",""c2""],[""invoke"",""v4"",""v1"",""q1"",[""v2""]],[""invoke"",""v5"",""v1"",""q1"",[""v3""]],[""invoke"",""v6"",""v1"",""q1"",[""v2""]],[""invoke"",""v7"",""v1"",""q1"",[""v3""]],[""invoke"",""v8"",""v1"",""q1"",[""v2""]],[""move"",""v9"",""v4""],[""move"",""v10"",""v9""],[""move"",""v11"",""v10""],[""invoke"",null,""v11"",""q0"",[]],[""return"",null]]]]]],[[""s0"",""c7"",""c7""]],[[""e0"",""s0"",""q2"",[]]]]","[[""p0"",""p1"",""p2""],[[""c0"",null,[],[[""m0.0"",""q0"",[],null,[],[[""return"",null]]]]],[""c1"",""c0"",[],[[""m1.0"",""q0"",[],null,[],[[""check"",""p0""],[""return"",null]]]]],[""c2"",""c0"",[],[[""m2.0"",""q0"",[],null,[],[[""check"",""p1""],[""return"",null]]]]],[""c3"",null,[],[[""m3.0"",""q1"",[""c0""],""c0"",[],[[""return"",""v1""]]]]],[""c4"",""c3"",[],[]],[""c5"",""c4"",[],[]],[""c6"",""c5"",[],[]],[""c7"",null,[],[[""m7.0"",""q2"",[],null,[""c3"",""c0"",""c0"",""c0"",""c0"",""c0"",""c0"",""c0"",""c0"",""c0"",""c0""],[[""new"",""v1"",""c6""],[""new"",""v2"",""c1""],[""new"",""v3"",""c2""],[""invoke"",""v4"",""v1"",""q1"",[""v2""]],[""invoke"",""v5"",""v1"",""q1"",[""v3""]],[""invoke"",""v6"",""v1"",""q1"",[""v2""]],[""invoke"",""v7"",""v1"",""q1"",[""v3""]],[""invoke"",""v8"",""v1"",""q1"",[""v2""]],[""move"",""v9"",""v5""],[""move"",""v10"",""v9""],[""move"",""v11"",""v10""],[""invoke"",null,""v11"",""q0"",[]],[""return"",null]]]]]],[[""s0"",""c7"",""c7""]],[[""e0"",""s0"",""q2"",[]]]]"
194,context,4,3,3,0,True,"[[""p0"",""p1"",""p2""],[[""c0"",null,[],[[""m0.0"",""q0"",[],null,[],[[""return"",null]]]]],[""c1"",""c0"",[],[[""m1.0"",""q0"",[],null,[],[[""check"",""p0""],[""return"",null]]]]],[""c2"",""c0"",[],[[""m2.0"",""q0"",[],null,[],[[""check"",""p1""],[""return"",null]]]]],[""c3"",null,[],[[""m3.0"",""q1"",[""c0""],""c0"",[],[[""return"",""v1""]]]]],[""c4"",""c3"",[],[]],[""c5"",""c4"",[],[]],[""c6"",""c5"",[],[]],[""c7"",null,[],[[""m7.0"",""q2"",[],null,[""c3"",""c0"",""c0"",""c0"",""c0"",""c0"",""c0"",""c0"",""c0"",""c0"",""c0"",""c0""],[[""new"",""v1"",""c6""],[""new"",""v2"",""c1""],[""new"",""v3"",""c2""],[""invoke"",""v4"",""v1"",""q1"",[""v2""]],[""invoke"",""v5"",""v1"",""q1"",[""v3""]],[""invoke"",""v6"",""v1"",""q1"",[""v2""]],[""invoke"",""v7"",""v1"",""q1"",[""v3""]],[""invoke"",""v8"",""v1"",""q1"",[""v2""]],[""move"",""v9"",""v4""],[""move"",""v10"",""v9""],[""move"",""v11"",""v10""],[""move"",""v12"",""v11""],[""invoke"",null,""v12"",""q0"",[]],[""return"",null]]]]]],[[""s0"",""c7"",""c7""]],[[""e0"",""s0"",""q2"",[]]]]","[[""p0"",""p1"",""p2""],[[""c0"",null,[],[[""m0.0"",""q0"",[],null,[],[[""return"",null]]]]],[""c1"",""c0"",[],[[""m1.0"",""q0"",[],null,[],[[""check"",""p0""],[""return"",null]]]]],[""c2"",""c0"",[],[[""m2.0"",""q0"",[],null,[],[[""check"",""p1""],[""return"",null]]]]],[""c3"",null,[],[[""m3.0"",""q1"",[""c0""],""c0"",[],[[""return"",""v1""]]]]],[""c4"",""c3"",[],[]],[""c5"",""c4"",[],[]],[""c6"",""c5"",[],[]],[""c7"",null,[],[[""m7.0"",""q2"",[],null,[""c3"",""c0"",""c0"",""c0"",""c0"",""c0"",""c0"",""c0"",""c0"",""c0"",""c0"",""c0""],[[""new"",""v1"",""c6""],[""new"",""v2"",""c1""],[""new"",""v3"",""c2""],[""invoke"",""v4"",""v1"",""q1"",[""v2""]],[""invoke"",""v5"",""v1"",""q1"",[""v3""]],[""invoke"",""v6"",""v1"",""q1"",[""v2""]],[""invoke"",""v7"",""v1"",""q1"",[""v3""]],[""invoke"",""v8"",""v1"",""q1"",[""v2""]],[""move"",""v9"",""v4""],[""move"",""v10"",""v9""],[""move"",""v11"",""v10""],[""move"",""v12"",""v11""],[""invoke"",null,""v12"",""q0"",[]],[""return"",null]]]]],[""c8"",""c3"",[],[]]],[[""s0"",""c7"",""c7""]],[[""e0"",""s0"",""q2"",[]]]]"
195,context,0,4,3,3,False,"[[""p0"",""p1"",""p2""],[[""c0"",null,[],[[""m0.0"",""q0"",[],null,[],[[""return"",null]]]]],[""c1"",""c0"",[],[[""m1.0"",""q0"",[],null,[],[[""check"",""p0""],[""return"",null]]]]],[""c2"",""c0"",[],[[""m2.0"",""q0"",[],null,[],[[""check"",""p1""],[""return"",null]]]]],[""c3"",null,[],[[""m3.0"",""q1"",[""c0""],""c0"",[],[[""return"",""v1""]]]]],[""c4"",""c3"",[],[]],[""c5"",""c4"",[],[]],[""c6"",""c5"",[],[]],[""c7"",null,[],[[""m7.0"",""q2"",[],null,[""c3"",""c0"",""c0"",""c0"",""c0"",""c0"",""c0"",""c0"",""c0""],[[""new"",""v1"",""c6""],[""new"",""v2"",""c1""],[""new"",""v3"",""c2""],[""invoke"",""v4"",""v1"",""q1"",[""v2""]],[""invoke"",""v5"",""v1"",""q1"",[""v3""]],[""invoke"",""v6"",""v1"",""q1"",[""v2""]],[""invoke"",""v7"",""v1"",""q1"",[""v3""]],[""invoke"",""v8"",""v1"",""q1"",[""v2""]],[""invoke"",""v9"",""v1"",""q1"",[""v3""]],[""invoke"",null,""v4"",""q0"",[]],[""opaque"",[[""direct"",null,""m7.1"",[]]]],[""return"",null]]],[""m7.1"",""q3"",[],null,[],[[""opaque"",[[""direct"",null,""m7.2"",[]]]],[""return"",null]]],[""m7.2"",""q4"",[],null,[],[[""opaque"",[[""check"",""p2""]]],[""return"",null]]]]]],[[""s0"",""c7"",""c7""]],[[""e0"",""s0"",""q2"",[]]]]","[[""p0"",""p1"",""p2""],[[""c0"",null,[],[[""m0.0"",""q0"",[],null,[],[[""return"",null]]]]],[""c1"",""c0"",[],[[""m1.0"",""q0"",[],null,[],[[""check"",""p0""],[""return"",null]]]]],[""c2"",""c0"",[],[[""m2.0"",""q0"",[],null,[],[[""check"",""p1""],[""return"",null]]]]],[""c3"",null,[],[[""m3.0"",""q1"",[""c0""],""c0"",[],[[""return"",""v1""]]]]],[""c4"",""c3"",[],[]],[""c5"",""c4"",[],[]],[""c6"",""c5"",[],[]],[""c7"",null,[],[[""m7.0"",""q2"",[],null,[""c3"",""c0"",""c0"",""c0"",""c0"",""c0"",""c0"",""c0"",""c0""],[[""new"",""v1"",""c6""],[""new"",""v2"",""c1""],[""new"",""v3"",""c2""],[""invoke"",""v4"",""v1"",""q1"",[""v2""]],[""invoke"",""v5"",""v1"",""q1"",[""v3""]],[""invoke"",""v6"",""v1"",""q1"",[""v2""]],[""invoke"",""v7"",""v1"",""q1"",[""v3""]],[""invoke"",""v8"",""v1"",""q1"",[""v2""]],[""invoke"",""v9"",""v1"",""q1"",[""v3""]],[""invoke"",null,""v5"",""q0"",[]],[""opaque"",[[""direct"",null,""m7.1"",[]]]],[""return"",null]]],[""m7.1"",""q3"",[],null,[],[[""opaque"",[[""direct"",null,""m7.2"",[]]]],[""return"",null]]],[""m7.2"",""q4"",[],null,[],[[""opaque"",[[""check"",""p2""]]],[""return"",null]]]]]],[[""s0"",""c7"",""c7""]],[[""e0"",""s0"",""q2"",[]]]]"
196,context,1,4,3,0,True,"[[""p0"",""p1"",""p2""],[[""c0"",null,[],[[""m0.0"",""q0"",[],null,[],[[""return"",null]]]]],[""c1"",""c0"",[],[[""m1.0"",""q0"",[],null,[],[[""check"",""p0""],[""return"",null]]]]],[""c2"",""c0"",[],[[""m2.0"",""q0"",[],null,[],[[""check"",""p1""],[""return"",null]]]]],[""c3"",null,[],[[""m3.0"",""q1"",[""c0""],""c0"",[],[[""return"",""v1""]]]]],[""c4"",""c3"",[],[]],[""c5"",""c4"",[],[]],[""c6"",""c5"",[],[]],[""c7"",null,[],[[""m7.0"",""q2"",[],null,[""c3"",""c0"",""c0"",""c0"",""c0"",""c0"",""c0"",""c0"",""c0"",""c0""],[[""new"",""v1"",""c6""],[""new"",""v2"",""c1""],[""new"",""v3"",""c2""],[""invoke"",""v4"",""v1"",""q1"",[""v2""]],[""invoke"",""v5"",""v1"",""q1"",[""v3""]],[""invoke"",""v6"",""v1"",""q1"",[""v2""]],[""invoke"",""v7"",""v1"",""q1"",[""v3""]],[""invoke"",""v8"",""v1"",""q1"",[""v2""]],[""invoke"",""v9"",""v1"",""q1"",[""v3""]],[""move"",""v10"",""v4""],[""invoke"",null,""v10"",""q0"",[]],[""return"",null]]]]]],[[""s0"",""c7"",""c7""]],[[""e0"",""s0"",""q2"",[]]]]","[[""p0"",""p1"",""p2""],[[""c0"",null,[],[[""m0.0"",""q0"",[],null,[],[[""return"",null]]]]],[""c1"",""c0"",[],[[""m1.0"",""q0"",[],null,[],[[""check"",""p0""],[""return"",null]]]]],[""c2"",""c0"",[],[[""m2.0"",""q0"",[],null,[],[[""check"",""p1""],[""return"",null]]]]],[""c3"",null,[],[[""m3.0"",""q1"",[""c0""],""c0"",[],[[""return"",""v1""]]]]],[""c4"",""c3"",[],[]],[""c5"",""c4"",[],[]],[""c6"",""c5"",[],[]],[""c7"",null,[],[[""m7.0"",""q2"",[],null,[""c3"",""c0"",""c0"",""c0"",""c0"",""c0"",""c0"",""c0"",""c0"",""c0"",""c0""],[[""new"",""v1"",""c6""],[""new"",""v2"",""c1""],[""new"",""v3"",""c2""],[""invoke"",""v4"",""v1"",""q1"",[""v2""]],[""invoke"",""v5"",""v1"",""q1"",[""v3""]],[""invoke"",""v6"",""v1"",""q1"",[""v2""]],[""invoke"",""v7"",""v1"",""q1"",[""v3""]],[""invoke"",""v8"",""v1"",""q1"",[""v2""]],[""invoke"",""v9"",""v1"",""q1"",[""v3""]],[""move"",""v10"",""v4""],[""move"",""v11"",""v10""],[""invoke"",null,""v11"",""q0"",[]],[""return"",null]]]]]],[[""s0"",""c7"",""c7""]],[[""e0"",""s0"",""q2"",[]]]]"
197,context,2,4,3,0,False,"[[""p0"",""p1"",""p2""],[[""c0"",null,[],[[""m0.0"",""q0"",[],null,[],[[""return"",null]]]]],[""c1"",""c0"",[],[[""m1.0"",""q0"",[],null,[],[[""check"",""p0""],[""return"",null]]]]],[""c2"",""c0"",[],[[""m2.0"",""q0"",[],null,[],[[""check"",""p1""],[""return"",null]]]]],[""c3"",null,[],[[""m3.0"",""q1"",[""c0""],""c0"",[],[[""return"",""v1""]]]]],[""c4"",""c3"",[],[]],[""c5"",""c4"",[],[]],[""c6"",""c5"",[],[]],[""c7"",null,[],[[""m7.0"",""q2"",[],null,[""c3"",""c0"",""c0"",""c0"",""c0"",""c0"",""c0"",""c0"",""c0"",""c0"",""c0""],[[""new"",""v1"",""c6""],[""new"",""v2"",""c1""],[""new"",""v3"",""c2""],[""invoke"",""v4"",""v1"",""q1"",[""v2""]],[""invoke"",""v5"",""v1"",""q1"",[""v3""]],[""invoke"",""v6"",""v1"",""q1"",[""v2""]],[""invoke"",""v7"",""v1"",""q1"",[""v3""]],[""invoke"",""v8"",""v1"",""q1"",[""v2""]],[""invoke"",""v9"",""v1"",""q1"",[""v3""]],[""move"",""v10"",""v4""],[""move"",""v11"",""v10""],[""invoke"",null,""v11"",""q0"",[]],[""return"",null]]]]]],[[""s0"",""c7"",""c7""]],[[""e0"",""s0"",""q2"",[]]]]","[[""p0"",""p1"",""p2""],[[""c0"",null,[],[[""m0.0"",""q0"",[],null,[],[[""return"",null]]]]],[""c1"",""c0"",[],[[""m1.0"",""q0"",[],null,[],[[""check"",""p0""],[""return"",null]]]]],[""c2"",""c0"",[],[[""m2.0"",""q0"",[],null,[],[[""check"",""p1""],[""return"",null]]]]],[""c3"",null,[],[[""m3.0"",""q1"",[""c0""],""c0"",[],[[""return"",""v1""]]]]],[""c4"",""c3"",[],[]],[""c5"",""c4"",[],[]],[""c6"",""c5"",[],[]],[""c7"",null,[],[[""m7.0"",""q2"",[],null,[""c3"",""c0"",""c0"",""c0"",""c0"",""c0"",""c0"",""c0"",""c0"",""c0"",""c0""],[[""new"",""v1"",""c6""],[""new"",""v2"",""c1""],[""new"",""v3"",""c2""],[""invoke"",""v4"",""v1"",""q1"",[""v2""]],[""invoke"",""v5"",""v1"",""q1"",[""v3""]],[""invoke"",""v6"",""v1"",""q1"",[""v2""]],[""invoke"",""v7"",""v1"",""q1"",[""v3""]],[""invoke"",""v8"",""v1"",""q1"",[""v2""]],[""invoke"",""v9"",""v1"",""q1"",[""v3""]],[""move"",""v10"",""v5""],[""move"",""v11"",""v10""],[""invoke"",null,""v11"",""q0"",[]],[""return"",null]]]]]],[[""s0"",""c7"",""c7""]],[[""e0"",""s0"",""q2"",[]]]]"
198,context,3,4,3,0,True,"[[""p0"",""p1"",""p2""],[[""c0"",null,[],[[""m0.0"",""q0"",[],null,[],[[""return"",null]]]]],[""c1"",""c0"",[],[[""m1.0"",""q0"",[],null,[],[[""check"",""p0""],[""return"",null]]]]],[""c2"",""c0"",[],[[""m2.0"",""q0"",[],null,[],[[""check"",""p1""],[""return"",null]]]]],[""c3"",null,[],[[""m3.0"",""q1"",[""c0""],""c0"",[],[[""return"",""v1""]]]]],[""c4"",""c3"",[],[]],[""c5"",""c4"",[],[]],[""c6"",""c5"",[],[]],[""c7"",null,[],[[""m7.0"",""q2"",[],null,[""c3"",""c0"",""c0"",""c0"",""c0"",""c0"",""c0"",""c0"",""c0"",""c0"",""c0"",""c0""],[[""new"",""v1"",""c6""],[""new"",""v2"",""c1""],[""new"",""v3"",""c2""],[""invoke"",""v4"",""v1"",""q1"",[""v2""]],[""invoke"",""v5"",""v1"",""q1"",[""v3""]],[""invoke"",""v6"",""v1"",""q1"",[""v2""]],[""invoke"",""v7"",""v1"",""q1"",[""v3""]],[""invoke"",""v8"",""v1"",""q1"",[""v2""]],[""invoke"",""v9"",""v1"",""q1"",[""v3""]],[""move"",""v10"",""v4""],[""move"",""v11"",""v10""],[""move"",""v12"",""v11""],[""invoke"",null,""v12"",""q0"",[]],[""return"",null]]]]]],[[""s0"",""c7"",""c7""]],[[""e0"",""s0"",""q2"",[]]]]","[[""p0"",""p1"",""p2""],[[""c0"",null,[],[[""m0.0"",""q0"",[],null,[],[[""return"",null]]]]],[""c1"",""c0"",[],[[""m1.0"",""q0"",[],null,[],[[""check"",""p0""],[""return"",null]]]]],[""c2"",""c0"",[],[[""m2.0"",""q0"",[],null,[],[[""check"",""p1""],[""return"",null]]]]],[""c3"",null,[],[[""m3.0"",""q1"",[""c0""],""c0"",[],[[""return"",""v1""]]]]],[""c4"",""c3"",[],[]],[""c5"",""c4"",[],[]],[""c6"",""c5"",[],[]],[""c7"",null,[],[[""m7.0"",""q2"",[],null,[""c3"",""c0"",""c0"",""c0"",""c0"",""c0"",""c0"",""c0"",""c0"",""c0"",""c0"",""c0""],[[""new"",""v1"",""c6""],[""new"",""v2"",""c1""],[""new"",""v3"",""c2""],[""invoke"",""v4"",""v1"",""q1"",[""v2""]],[""invoke"",""v5"",""v1"",""q1"",[""v3""]],[""invoke"",""v6"",""v1"",""q1"",[""v2""]],[""invoke"",""v7"",""v1"",""q1"",[""v3""]],[""invoke"",""v8"",""v1"",""q1"",[""v2""]],[""invoke"",""v9"",""v1"",""q1"",[""v3""]],[""move"",""v10"",""v4""],[""move"",""v11"",""v10""],[""move"",""v12"",""v11""],[""invoke"",null,""v12"",""q0"",[]],[""return"",null]]]]],[""c8"",null,[],[[""m8.0"",""q3"",[],null,[],[[""check"",""p0""],[""return"",null]]]]]],[[""s0"",""c7"",""c7""]],[[""e0"",""s0"",""q2"",[]]]]"
199,context,4,4,3,0,False,"[[""p0"",""p1"",""p2""],[[""c0"",null,[],[[""m0.0"",""q0"",[],null,[],[[""return"",null]]]]],[""c1"",""c0"",[],[[""m1.0"",""q0"",[],null,[],[[""check"",""p0""],[""return"",null]]]]],[""c2"",""c0"",[],[[""m2.0"",""q0"",[],null,[],[[""check"",""p1""],[""return"",null]]]]],[""c3"",null,[],[[""m3.0"",""q1"",[""c0""],""c0"",[],[[""return"",""v1""]]]]],[""c4"",""c3"",[],[]],[""c5"",""c4"",[],[]],[""c6"",""c5"",[],[]],[""c7"",null,[],[[""m7.0"",""q2"",[],null,[""c3"",""c0"",""c0"",""c0"",""c0"",""c0"",""c0"",""c0"",""c0"",""c0"",""c0"",""c0"",""c0""],[[""new"",""v1"",""c6""],[""new"",""v2"",""c1""],[""new"",""v3"",""c2""],[""invoke"",""v4"",""v1"",""q1"",[""v2""]],[""invoke"",""v5"",""v1"",""q1"",[""v3""]],[""invoke"",""v6"",""v1"",""q1"",[""v2""]],[""invoke"",""v7"",""v1"",""q1"",[""v3""]],[""invoke"",""v8"",""v1"",""q1"",[""v2""]],[""invoke"",""v9"",""v1"",""q1"",[""v3""]],[""move"",""v10"",""v4""],[""move"",""v11"",""v10""],[""move"",""v12"",""v11""],[""move"",""v13"",""v12""],[""invoke"",null,""v13"",""q0"",[]],[""return"",null]]]]]],[[""s0"",""c7"",""c7""]],[[""e0"",""s0"",""q2"",[]]]]","[[""p0"",""p1"",""p2""],[[""c0"",null,[],[[""m0.0"",""q0"",[],null,[],[[""return"",null]]]]],[""c1"",""c0"",[],[[""m1.0"",""q0"",[],null,[],[[""check"",""p0""],[""return"",null]]]]],[""c2"",""c0"",[],[[""m2.0"",""q0"",[],null,[],[[""check"",""p1""],[""return"",null]]]]],[""c3"",null,[],[[""m3.0"",""q1"",[""c0""],""c0"",[],[[""return"",""v1""]]]]],[""c4"",""c3"",[],[]],[""c5"",""c4"",[],[]],[""c6"",""c5"",[],[]],[""c7"",null,[],[[""m7.0"",""q2"",[],null,[""c3"",""c0"",""c0"",""c0"",""c0"",""c0"",""c0"",""c0"",""c0"",""c0"",""c0"",""c0"",""c0""],[[""new"",""v1"",""c6""],[""new"",""v2"",""c1""],[""new"",""v3"",""c2""],[""invoke"",""v4"",""v1"",""q1"",[""v2""]],[""invoke"",""v5"",""v1"",""q1"",[""v3""]],[""invoke"",""v6"",""v1"",""q1"",[""v2""]],[""invoke"",""v7"",""v1"",""q1"",[""v3""]],[""invoke"",""v8"",""v1"",""q1"",[""v2""]],[""invoke"",""v9"",""v1"",""q1"",[""v3""]],[""move"",""v10"",""v5""],[""move"",""v11"",""v10""],[""move"",""v12"",""v11""],[""move"",""v13"",""v12""],[""invoke"",null,""v13"",""q0"",[]],[""return"",null]]]]]],[[""s0"",""c7"",""c7""]],[[""e0"",""s0"",""q2"",[]]]]"
200,hierarchy,0,0,0,2,True,"[[""p0"",""p1"",""p2""],[[""c0"",null,[],[[""m0.0"",""q0"",[],null,[],[[""return"",null]]]]],[""c1"",""c0"",[],[[""m1.0"",""q0"",[],null,[],[[""check"",""p0""],[""opaque"",[[""direct"",null,""m1.1"",[]]]],[""return"",null]]],[""m1.1"",""q1"",[],null,[],[[""opaque"",[[""check"",""p2""]]],[""return"",null]]]]],[""c2"",""c0"",[],[[""m2.0"",""q0"",[],null,[],[[""check"",""p1""],[""return"",null]]]]]],[[""s0"",""c0"",""c1""]],[[""e0"",""s0"",""q0"",[]]]]","[[""p0"",""p1"",""p2""],[[""c0"",null,[],[[""m0.0"",""q0"",[],null,[],[[""return"",null]]]]],[""c1"",""c0"",[],[[""m1.0"",""q0"",[],null,[],[[""direct"",null,""m1.2"",[]],[""check"",""p0""],[""opaque"",[[""direct"",null,""m1.1"",[]]]],[""return"",null]]],[""m1.1"",""q1"",[],null,[],[[""opaque"",[[""check"",""p2""]]],[""return"",null]]],[""m1.2"",""q2"",[],null,[],[[""return"",null]]]]],[""c2"",""c0"",[],[[""m2.0"",""q0"",[],null,[],[[""check"",""p1""],[""return"",null]]]]]],[[""s0"",""c0"",""c1""]],[[""e0"",""s0"",""q0"",[]]]]"
201,hierarchy,1,0,0,0,False,"[[""p0"",""p1"",""p2""],[[""c0"",null,[],[[""m0.0"",""q0"",[],null,[],[[""return"",null]]]]],[""c1"",""c0"",[],[[""m1.0"",""q0"",[],null,[],[[""direct"",null,""m1.1"",[]],[""return"",null]]],[""m1.1"",""q1"",[],null,[],[[""check"",""p0""],[""return"",null]]]]],[""c2"",""c0"",[],[[""m2.0"",""q0"",[],null,[],[[""direct"",null,""m2.1"",[]],[""return"",null]]],[""m2.1"",""q1"",[],null,[],[[""check"",""p1""],[""return"",null]]]]]],[[""s0"",""c0"",""c1""]],[[""e0"",""s0"",""q0"",[]]]]","[[""p0"",""p1"",""p2""],[[""c0"",null,[],[[""m0.0"",""q0"",[],null,[],[[""return"",null]]]]],[""c1"",""c0"",[],[[""m1.0"",""q0"",[],null,[],[[""direct"",null,""m1.1"",[]],[""return"",null]]],[""m1.1"",""q1"",[],null,[],[[""check"",""p0""],[""return"",null]]]]],[""c2"",""c0"",[],[[""m2.0"",""q0"",[],null,[],[[""direct"",null,""m2.1"",[]],[""return"",null]]],[""m2.1"",""q1"",[],null,[],[[""check"",""p1""],[""return"",null]]]]]],[[""s0"",""c0"",""c2""]],[[""e0"",""s0"",""q0"",[]]]]"
202,hierarchy,2,0,0,0,True,"[[""p0"",""p1"",""p2""],[[""c0"",null,[],[[""m0.0"",""q0"",[],null,[],[[""return"",null]]]]],[""c1"",""c0"",[],[[""m1.0"",""q0"",[],null,[],[[""direct"",null,""m1.1"",[]],[""return"",null]]],[""m1.1"",""q1"",[],null,[],[[""direct"",null,""m1.2"",[]],[""return"",null]]],[""m1.2"",""q2"",[],null,[],[[""check"",""p0""],[""return"",null]]]]],[""c2"",""c0"",[],[[""m2.0"",""q0"",[],null,[],[[""direct"",null,""m2.1"",[]],[""return"",null]]],[""m2.1"",""q1"",[],null,[],[[""direct"",null,""m2.2"",[]],[""return"",null]]],[""m2.2"",""q2"",[],null,[],[[""check"",""p1""],[""return"",null]]]]]],[[""s0"",""c0"",""c1""]],[[""e0"",""s0"",""q0"",[]]]]","[[""p0"",""p1"",""p2""],[[""c0"",null,[],[[""m0.0"",""q0"",[],null,[],[[""return"",null]]]]],[""c1"",""c0"",[],[[""m1.0"",""q0"",[],null,[],[[""direct"",null,""m1.1"",[]],[""return"",null]]],[""m1.1"",""q1"",[],null,[],[[""direct"",null,""m1.2"",[]],[""return"",null]]],[""m1.2"",""q2"",[],null,[],[[""check"",""p0""],[""return"",null]]]]],[""c2"",""c0"",[],[[""m2.0"",""q0"",[],null,[],[[""direct"",null,""m2.1"",[]],[""return"",null]]],[""m2.1"",""q1"",[],null,[],[[""direct"",null,""m2.2"",[]],[""return"",null]]],[""m2.2"",""q2"",[],null,[],[[""check"",""p1""],[""return"",null]]]]],[""c3"",""c0"",[],[[""m3.0"",""q0"",[],null,[],[[""check"",""p0""],[""return"",null]]]]]],[[""s0"",""c0"",""c1""]],[[""e0"",""s0"",""q0"",[]]]]"
203,hierarchy,3,0,0,0,False,"[[""p0"",""p1"",""p2""],[[""c0"",null,[],[[""m0.0"",""q0"",[],null,[],[[""return"",null]]]]],[""c1"",""c0"",[],[[""m1.0"",""q0"",[],null,[],[[""direct"",null,""m1.1"",[]],[""return"",null]]],[""m1.1"",""q1"",[],null,[],[[""direct"",null,""m1.2"",[]],[""return"",null]]],[""m1.2"",""q2"",[],null,[],[[""direct"",null,""m1.3"",[]],[""return"",null]]],[""m1.3"",""q3"",[],null,[],[[""check"",""p0""],[""return"",null]]]]],[""c2"",""c0"",[],[[""m2.0"",""q0"",[],null,[],[[""direct"",null,""m2.1"",[]],[""return"",null]]],[""m2.1"",""q1"",[],null,[],[[""direct"",null,""m2.2"",[]],[""return"",null]]],[""m2.2"",""q2"",[],null,[],[[""direct"",null,""m2.3"",[]],[""return"",null]]],[""m2.3"",""q3"",[],null,[],[[""check"",""p1""],[""return"",null]]]]]],[[""s0"",""c0"",""c1""]],[[""e0"",""s0"",""q0"",[]]]]","[[""p0"",""p1"",""p2""],[[""c0"",null,[],[[""m0.0"",""q0"",[],null,[],[[""return"",null]]]]],[""c1"",""c0"",[],[[""m1.0"",""q0"",[],null,[],[[""direct"",null,""m1.1"",[]],[""return"",null]]],[""m1.1"",""q1"",[],null,[],[[""direct"",null,""m1.2"",[]],[""return"",null]]],[""m1.2"",""q2"",[],null,[],[[""direct"",null,""m1.3"",[]],[""return"",null]]],[""m1.3"",""q3"",[],null,[],[[""check"",""p0""],[""return"",null]]]]],[""c2"",""c0"",[],[[""m2.0"",""q0"",[],null,[],[[""direct"",null,""m2.1"",[]],[""return"",null]]],[""m2.1"",""q1"",[],null,[],[[""direct"",null,""m2.2"",[]],[""return"",null]]],[""m2.2"",""q2"",[],null,[],[[""direct"",null,""m2.3"",[]],[""return"",null]]],[""m2.3"",""q3"",[],null,[],[[""check"",""p1""],[""return"",null]]]]]],[[""s0"",""c0"",""c2""]],[[""e0"",""s0"",""q0"",[]]]]"
204,hierarchy,4,0,0,0,True,"[[""p0"",""p1"",""p2""],[[""c0"",null,[],[[""m0.0"",""q0"",[],null,[],[[""return"",null]]]]],[""c1"",""c0"",[],[[""m1.0"",""q0"",[],null,[],[[""direct"",null,""m1.1"",[]],[""return"",null]]],[""m1.1"",""q1"",[],null,[],[[""direct"",null,""m1.2"",[]],[""return"",null]]],[""m1.2"",""q2"",[],null,[],[[""direct"",null,""m1.3"",[]],[""return"",null]]],[""m1.3"",""q3"",[],null,[],[[""direct"",null,""m1.4"",[]],[""return"",null]]],[""m1.4"",""q4"",[],null,[],[[""check"",""p0""],[""return"",null]]]]],[""c2"",""c0"",[],[[""m2.0"",""q0"",[],null,[],[[""direct"",null,""m2.1"",[]],[""return"",null]]],[""m2.1"",""q1"",[],null,[],[[""direct"",null,""m2.2"",[]],[""return"",null]]],[""m2.2"",""q2"",[],null,[],[[""direct"",null,""m2.3"",[]],[""return"",null]]],[""m2.3"",""q3"",[],null,[],[[""direct"",null,""m2.4"",[]],[""return"",null]]],[""m2.4"",""q4"",[],null,[],[[""check"",""p1""],[""return"",null]]]]]],[[""s0"",""c0"",""c1""]],[[""e0"",""s0"",""q0"",[]]]]","[[""p0"",""p1"",""p2""],[[""c0"",null,[],[[""m0.0"",""q0"",[],null,[],[[""return"",null]]]]],[""c1"",""c0"",[],[[""m1.0"",""q0"",[],null,[],[[""direct"",null,""m1.1"",[]],[""return"",null]]],[""m1.1"",""q1"",[],null,[],[[""direct"",null,""m1.2"",[]],[""return"",null]]],[""m1.2"",""q2"",[],null,[],[[""direct"",null,""m1.3"",[]],[""return"",null]]],[""m1.3"",""q3"",[],null,[],[[""direct"",null,""m1.4"",[]],[""return"",null]]],[""m1.4"",""q4"",[],null,[],[[""check"",""p0""],[""return"",null]]]]],[""c2"",""c0"",[],[[""m2.0"",""q0"",[],null,[],[[""direct"",null,""m2.1"",[]],[""return"",null]]],[""m2.1"",""q1"",[],null,[],[[""direct"",null,""m2.2"",[]],[""return"",null]]],[""m2.2"",""q2"",[],null,[],[[""direct"",null,""m2.3"",[]],[""return"",null]]],[""m2.3"",""q3"",[],null,[],[[""direct"",null,""m2.4"",[]],[""return"",null]]],[""m2.4"",""q4"",[],null,[],[[""check"",""p1""],[""return"",null]]]]],[""c3"",""c0"",[],[]]],[[""s0"",""c0"",""c1""]],[[""e0"",""s0"",""q0"",[]]]]"
205,hierarchy,0,1,0,3,False,"[[""p0"",""p1"",""p2""],[[""c0"",null,[],[[""m0.0"",""q0"",[],null,[],[[""return"",null]]]]],[""c1"",""c0"",[],[[""m1.0"",""q0"",[],null,[],[[""check"",""p0""],[""opaque"",[[""direct"",null,""m1.1"",[]]]],[""return"",null]]],[""m1.1"",""q1"",[],null,[],[[""opaque"",[[""direct"",null,""m1.2"",[]]]],[""return"",null]]],[""m1.2"",""q2"",[],null,[],[[""opaque"",[[""check"",""p2""]]],[""return"",null]]]]],[""c2"",""c0"",[],[[""m2.0"",""q0"",[],null,[],[[""check"",""p1""],[""return"",null]]]]],[""c3"",""c0"",[],[[""m3.0"",""q0"",[],null,[],[[""check"",""p0""],[""return"",null]]]]]],[[""s0"",""c0"",""c1""]],[[""e0"",""s0"",""q0"",[]]]]","[[""p0"",""p1"",""p2""],[[""c0"",null,[],[[""m0.0"",""q0"",[],null,[],[[""return"",null]]]]],[""c1"",""c0"",[],[[""m1.0"",""q0"",[],null,[],[[""check"",""p0""],[""return"",null]]]]],[""c2"",""c0"",[],[[""m2.0"",""q0"",[],null,[],[[""check"",""p1""],[""opaque"",[[""direct"",null,""m2.1"",[]]]],[""return"",null]]],[""m2.1"",""q1"",[],null,[],[[""opaque"",[[""direct"",null,""m2.2"",[]]]],[""return"",null]]],[""m2.2"",""q2"",[],null,[],[[""opaque"",[[""check"",""p2""]]],[""return"",null]]]]],[""c3"",""c0"",[],[[""m3.0"",""q0"",[],null,[],[[""check"",""p0""],[""return"",null]]]]]],[[""s0"",""c0"",""c2""]],[[""e0"",""s0"",""q0"",[]]]]"
206,hierarchy,1,1,0,0,True,"[[""p0"",""p1"",""p2""],[[""c0"",null,[],[[""m0.0"",""q0"",[],null,[],[[""return"",null]]]]],[""c1"",""c0"",[],[[""m1.0"",""q0"",[],null,[],[[""direct"",null,""m1.1"",[]],[""return"",null]]],[""m1.1"",""q1"",[],null,[],[[""check"",""p0""],[""return"",null]]]]],[""c2"",""c0"",[],[[""m2.0"",""q0"",[],null,[],[[""direct"",null,""m2.1"",[]],[""return"",null]]],[""m2.1"",""q1"",[],null,[],[[""check"",""p1""],[""return"",null]]]]],[""c3"",""c0"",[],[[""m3.0"",""q0"",[],null,[],[[""direct"",null,""m3.1"",[]],[""return"",null]]],[""m3.1"",""q1"",[],null,[],[[""check"",""p0""],[""return"",null]]]]]],[[""s0"",""c0"",""c1""]],[[""e0"",""s0"",""q0"",[]]]]","[[""p0"",""p1"",""p2""],[[""c0"",null,[],[[""m0.0"",""q0"",[],null,[],[[""return"",null]]]]],[""c1"",""c0"",[],[[""m1.0"",""q0"",[],null,[],[[""direct"",null,""m1.2"",[]],[""direct"",null,""m1.1"",[]],[""return"",null]]],[""m1.1"",""q1"",[],null,[],[[""check"",""p0""],[""return"",null]]],[""m1.2"",""q2"",[],null,[],[[""return"",null]]]]],[""c2"",""c0"",[],[[""m2.0"",""q0"",[],null,[],[[""direct"",null,""m2.1"",[]],[""return"",null]]],[""m2.1"",""q1"",[],null,[],[[""check"",""p1""],[""return"",null]]]]],[""c3"",""c0"",[],[[""m3.0"",""q0"",[],null,[],[[""direct"",null,""m3.1"",[]],[""return"",null]]],[""m3.1"",""q1"",[],null,[],[[""check"",""p0""],[""return"",null]]]]]],[[""s0"",""c0"",""c1""]],[[""e0"",""s0"",""q0"",[]]]]"
207,hierarchy,2,1,0,0,False,"[[""p0"",""p1"",""p2""],[[""c0"",null,[],[[""m0.0"",""q0"",[],null,[],[[""return"",null]]]]],[""c1"",""c0"",[],[[""m1.0"",""q0"",[],null,[],[[""direct"",null,""m1.1"",[]],[""return"",null]]],[""m1.1"",""q1"",[],null,[],[[""direct"",null,""m1.2"",[]],[""return"",null]]],[""m1.2"",""q2"",[],null,[],[[""check"",""p0""],[""return"",null]]]]],[""c2"",""c0"",[],[[""m2.0"",""q0"",[],null,[],[[""direct"",null,""m2.1"",[]],[""return"",null]]],[""m2.1"",""q1"",[],null,[],[[""direct"",null,""m2.2"",[]],[""return"",null]]],[""m2.2"",""q2"",[],null,[],[[""check"",""p1""],[""return"",null]]]]],[""c3"",""c0"",[],[[""m3.0"",""q0"",[],null,[],[[""direct"",null,""m3.1"",[]],[""return"",null]]],[""m3.1"",""q1"",[],null,[],[[""direct"",null,""m3.2"",[]],[""return"",null]]],[""m3.2"",""q2"",[],null,[],[[""check"",""p0""],[""return"",null]]]]]],[[""s0"",""c0"",""c1""]],[[""e0"",""s0"",""q0"",[]]]]","[[""p0"",""p1"",""p2""],[[""c0"",null,[],[[""m0.0"",""q0"",[],null,[],[[""return"",null]]]]],[""c1"",""c0"",[],[[""m1.0"",""q0"",[],null,[],[[""direct"",null,""m1.1"",[]],[""return"",null]]],[""m1.1"",""q1"",[],null,[],[[""direct"",null,""m1.2"",[]],[""return"",null]]],[""m1.2"",""q2"",[],null,[],[[""check"",""p0""],[""return"",null]]]]],[""c2"",""c0"",[],[[""m2.0"",""q0"",[],null,[],[[""direct"",null,""m2.1"",[]],[""return"",null]]],[""m2.1"",""q1"",[],null,[],[[""direct"",null,""m2.2"",[]],[""return"",null]]],[""m2.2"",""q2"",[],null,[],[[""check"",""p1""],[""return"",null]]]]],[""c3"",""c0"",[],[[""m3.0"",""q0"",[],null,[],[[""direct"",null,""m3.1"",[]],[""return"",null]]],[""m3.1"",""q1"",[],null,[],[[""direct"",null,""m3.2"",[]],[""return"",null]]],[""m3.2"",""q2"",[],null,[],[[""check"",""p0""],[""return"",null]]]]]],[[""s0"",""c0"",""c2""]],[[""e0"",""s0"",""q0"",[]]]]"
208,hierarchy,3,1,0,0,True,"[[""p0"",""p1"",""p2""],[[""c0"",null,[],[[""m0.0"",""q0"",[],null,[],[[""return"",null]]]]],[""c1"",""c0"",[],[[""m1.0"",""q0"",[],null,[],[[""direct"",null,""m1.1"",[]],[""return"",null]]],[""m1.1"",""q1"",[],null,[],[[""direct"",null,""m1.2"",[]],[""return"",null]]],[""m1.2"",""q2"",[],null,[],[[""direct"",null,""m1.3"",[]],[""return"",null]]],[""m1.3"",""q3"",[],null,[],[[""check"",""p0""],[""return"",null]]]]],[""c2"",""c0"",[],[[""m2.0"",""q0"",[],null,[],[[""direct"",null,""m2.1"",[]],[""return"",null]]],[""m2.1"",""q1"",[],null,[],[[""direct"",null,""m2.2"",[]],[""return"",null]]],[""m2.2"",""q2"",[],null,[],[[""direct"",null,""m2.3"",[]],[""return"",null]]],[""m2.3"",""q3"",[],null,[],[[""check"",""p1""],[""return"",null]]]]],[""c3"",""c0"",[],[[""m3.0"",""q0"",[],null,[],[[""direct"",null,""m3.1"",[]],[""return"",null]]],[""m3.1"",""q1"",[],null,[],[[""direct"",null,""m3.2"",[]],[""return"",null]]],[""m3.2"",""q2"",[],null,[],[[""direct"",null,""m3.3"",[]],[""return"",null]]],[""m3.3"",""q3"",[],null,[],[[""check"",""p0""],[""return"",null]]]]]],[[""s0"",""c0"",""c1""]],[[""e0"",""s0"",""q0"",[]]]]","[[""p0"",""p1"",""p2""],[[""c0"",null,[],[[""m0.0"",""q0"",[],null,[],[[""return"",null]]]]],[""c1"",""c0"",[],[[""m1.0"",""q0"",[],null,[],[[""direct"",null,""m1.1"",[]],[""return"",null]]],[""m1.1"",""q1"",[],null,[],[[""direct"",null,""m1.2"",[]],[""return"",null]]],[""m1.2"",""q2"",[],null,[],[[""direct"",null,""m1.3"",[]],[""return"",null]]],[""m1.3"",""q3"",[],null,[],[[""check"",""p0""],[""return"",null]]]]],[""c2"",""c0"",[],[[""m2.0"",""q0"",[],null,[],[[""direct"",null,""m2.1"",[]],[""return"",null]]],[""m2.1"",""q1"",[],null,[],[[""direct"",null,""m2.2"",[]],[""return"",null]]],[""m2.2"",""q2"",[],null,[],[[""direct"",null,""m2.3"",[]],[""return"",null]]],[""m2.3"",""q3"",[],null,[],[[""check"",""p1""],[""return"",null]]]]],[""c3"",""c0"",[],[[""m3.0"",""q0"",[],null,[],[[""direct"",null,""m3.1"",[]],[""return"",null]]],[""m3.1"",""q1"",[],null,[],[[""direct"",null,""m3.2"",[]],[""return"",null]]],[""m3.2"",""q2"",[],null,[],[[""direct"",null,""m3.3"",[]],[""return"",null]]],[""m3.3"",""q3"",[],null,[],[[""check"",""p0""],[""return"",null]]]]],[""c4"",""c0"",[],[[""m4.0"",""q0"",[],null,[],[[""check"",""p0""],[""return"",null]]]]]],[[""s0"",""c0"",""c1""]],[[""e0"",""s0"",""q0"",[]]]]"
209,hierarchy,4,1,0,0,False,"[[""p0"",""p1"",""p2""],[[""c0"",null,[],[[""m0.0"",""q0"",[],null,[],[[""return"",null]]]]],[""c1"",""c0"",[],[[""m1.0"",""q0"",[],null,[],[[""direct"",null,""m1.1"",[]],[""return"",null]]],[""m1.1"",""q1"",[],null,[],[[""direct"",null,""m1.2"",[]],[""return"",null]]],[""m1.2"",""q2"",[],null,[],[[""direct"",null,""m1.3"",[]],[""return"",null]]],[""m1.3"",""q3"",[],null,[],[[""direct"",null,""m1.4"",[]],[""return"",null]]],[""m1.4"",""q4"",[],null,[],[[""check"",""p0""],[""return"",null]]]]],[""c2"",""c0"",[],[[""m2.0"",""q0"",[],null,[],[[""direct"",null,""m2.1"",[]],[""return"",null]]],[""m2.1"",""q1"",[],null,[],[[""direct"",null,""m2.2"",[]],[""return"",null]]],[""m2.2"",""q2"",[],null,[],[[""direct"",null,""m2.3"",[]],[""return"",null]]],[""m2.3"",""q3"",[],null,[],[[""direct"",null,""m2.4"",[]],[""return"",null]]],[""m2.4"",""q4"",[],null,[],[[""check"",""p1""],[""return"",null]]]]],[""c3"",""c0"",[],[[""m3.0"",""q0"",[],null,[],[[""direct"",null,""m3.1"",[]],[""return"",null]]],[""m3.1"",""q1"",[],null,[],[[""direct"",null,""m3.2"",[]],[""return"",null]]],[""m3.2"",""q2"",[],null,[],[[""direct"",null,""m3.3"",[]],[""return"",null]]],[""m3.3"",""q3"",[],null,[],[[""direct"",null,""m3.4"",[]],[""return"",null]]],[""m3.4"",""q4"",[],null,[],[[""check"",""p0""],[""return"",null]]]]]],[[""s0"",""c0"",""c1""]],[[""e0"",""s0"",""q0"",[]]]]","[[""p0"",""p1"",""p2""],[[""c0"",null,[],[[""m0.0"",""q0"",[],null,[],[[""return"",null]]]]],[""c1"",""c0"",[],[[""m1.0"",""q0"",[],null,[],[[""direct"",null,""m1.1"",[]],[""return"",null]]],[""m1.1"",""q1"",[],null,[],[[""direct"",null,""m1.2"",[]],[""return"",null]]],[""m1.2"",""q2"",[],null,[],[[""direct"",null,""m1.3"",[]],[""return"",null]]],[""m1.3"",""q3"",[],null,[],[[""direct"",null,""m1.4"",[]],[""return"",null]]],[""m1.4"",""q4"",[],null,[],[[""check"",""p0""],[""return"",null]]]]],[""c2"",""c0"",[],[[""m2.0"",""q0"",[],null,[],[[""direct"",null,""m2.1"",[]],[""return"",null]]],[""m2.1"",""q1"",[],null,[],[[""direct"",null,""m2.2"",[]],[""return"",null]]],[""m2.2"",""q2"",[],null,[],[[""direct"",null,""m2.3"",[]],[""return"",null]]],[""m2.3"",""q3"",[],null,[],[[""direct"",null,""m2.4"",[]],[""return"",null]]],[""m2.4"",""q4"",[],null,[],[[""check"",""p1""],[""return"",null]]]]],[""c3"",""c0"",[],[[""m3.0"",""q0"",[],null,[],[[""direct"",null,""m3.1"",[]],[""return"",null]]],[""m3.1"",""q1"",[],null,[],[[""direct"",null,""m3.2"",[]],[""return"",null]]],[""m3.2"",""q2"",[],null,[],[[""direct"",null,""m3.3"",[]],[""return"",null]]],[""m3.3"",""q3"",[],null,[],[[""direct"",null,""m3.4"",[]],[""return"",null]]],[""m3.4"",""q4"",[],null,[],[[""check"",""p0""],[""return"",null]]]]]],[[""s0"",""c0"",""c2""]],[[""e0"",""s0"",""q0"",[]]]]"
210,hierarchy,0,2,0,1,True,"[[""p0"",""p1"",""p2""],[[""c0"",null,[],[[""m0.0"",""q0"",[],null,[],[[""return"",null]]]]],[""c1"",""c0"",[],[[""m1.0"",""q0"",[],null,[],[[""check"",""p0""],[""opaque"",[[""check"",""p2""]]],[""return"",null]]]]],[""c2"",""c0"",[],[[""m2.0"",""q0"",[],null,[],[[""check"",""p1""],[""return"",null]]]]],[""c3"",""c0"",[],[[""m3.0"",""q0"",[],null,[],[[""check"",""p0""],[""return"",null]]]]],[""c4"",""c0"",[],[[""m4.0"",""q0"",[],null,[],[[""check"",""p1""],[""return"",null]]]]]],[[""s0"",""c0"",""c1""]],[[""e0"",""s0"",""q0"",[]]]]","[[""p0"",""p1"",""p2""],[[""c0"",null,[],[[""m0.0"",""q0"",[],null,[],[[""return"",null]]]]],[""c1"",""c0"",[],[[""m1.0"",""q0"",[],null,[],[[""check"",""p0""],[""opaque"",[[""check"",""p2""]]],[""return"",null]]]]],[""c2"",""c0"",[],[[""m2.0"",""q0"",[],null,[],[[""check"",""p1""],[""return"",null]]]]],[""c3"",""c0"",[],[[""m3.0"",""q0"",[],null,[],[[""check"",""p0""],[""return"",null]]]]],[""c4"",""c0"",[],[[""m4.0"",""q0"",[],null,[],[[""check"",""p1""],[""return"",null]]]]],[""c5"",""c0"",[],[]]],[[""s0"",""c0"",""c1""]],[[""e0"",""s0"",""q0"",[]]]]"
211,hierarchy,1,2,0,0,False,"[[""p0"",""p1"",""p2""],[[""c0"",null,[],[[""m0.0"",""q0"",[],null,[],[[""return"",null]]]]],[""c1"",""c0"",[],[[""m1.0"",""q0"",[],null,[],[[""direct"",null,""m1.1"",[]],[""return"",null]]],[""m1.1"",""q1"",[],null,[],[[""check"",""p0""],[""return"",null]]]]],[""c2"",""c0"",[],[[""m2.0"",""q0"",[],null,[],[[""direct"",null,""m2.1"",[]],[""return"",null]]],[""m2.1"",""q1"",[],null,[],[[""check"",""p1""],[""return"",null]]]]],[""c3"",""c0"",[],[[""m3.0"",""q0"",[],null,[],[[""direct"",null,""m3.1"",[]],[""return"",null]]],[""m3.1"",""q1"",[],null,[],[[""check"",""p0""],[""return"",null]]]]],[""c4"",""c0"",[],[[""m4.0"",""q0"",[],null,[],[[""direct"",null,""m4.1"",[]],[""return"",null]]],[""m4.1"",""q1"",[],null,[],[[""check"",""p1""],[""return"",null]]]]]],[[""s0"",""c0"",""c1""]],[[""e0"",""s0"",""q0"",[]]]]","[[""p0"",""p1"",""p2""],[[""c0"",null,[],[[""m0.0"",""q0"",[],null,[],[[""return"",null]]]]],[""c1"",""c0"",[],[[""m1.0"",""q0"",[],null,[],[[""direct"",null,""m1.1"",[]],[""return"",null]]],[""m1.1"",""q1"",[],null,[],[[""check"",""p0""],[""return"",null]]]]],[""c2"",""c0"",[],[[""m2.0"",""q0"",[],null,[],[[""direct"",null,""m2.1"",[]],[""return"",null]]],[""m2.1"",""q1"",[],null,[],[[""check"",""p1""],[""return"",null]]]]],[""c3"",""c0"",[],[[""m3.0"",""q0"",[],null,[],[[""direct"",null,""m3.1"",[]],[""return"",null]]],[""m3.1"",""q1"",[],null,[],[[""check"",""p0""],[""return"",null]]]]],[""c4"",""c0"",[],[[""m4.0"",""q0"",[],null,[],[[""direct"",null,""m4.1"",[]],[""return"",null]]],[""m4.1"",""q1"",[],null,[],[[""check"",""p1""],[""return"",null]]]]]],[[""s0"",""c0"",""c2""]],[[""e0"",""s0"",""q0"",[]]]]"
212,hierarchy,2,2,0,0,True,"[[""p0"",""p1"",""p2""],[[""c0"",null,[],[[""m0.0"",""q0"",[],null,[],[[""return"",null]]]]],[""c1"",""c0"",[],[[""m1.0"",""q0"",[],null,[],[[""direct"",null,""m1.1"",[]],[""return"",null]]],[""m1.1"",""q1"",[],null,[],[[""direct"",null,""m1.2"",[]],[""return"",null]]],[""m1.2"",""q2"",[],null,[],[[""check"",""p0""],[""return"",null]]]]],[""c2"",""c0"",[],[[""m2.0"",""q0"",[],null,[],[[""direct"",null,""m2.1"",[]],[""return"",null]]],[""m2.1"",""q1"",[],null,[],[[""direct"",null,""m2.2"",[]],[""return"",null]]],[""m2.2"",""q2"",[],null,[],[[""check"",""p1""],[""return"",null]]]]],[""c3"",""c0"",[],[[""m3.0"",""q0"",[],null,[],[[""direct"",null,""m3.1"",[]],[""return"",null]]],[""m3.1"",""q1"",[],null,[],[[""direct"",null,""m3.2"",[]],[""return"",null]]],[""m3.2"",""q2"",[],null,[],[[""check"",""p0""],[""return"",null]]]]],[""c4"",""c0"",[],[[""m4.0"",""q0"",[],null,[],[[""direct"",null,""m4.1"",[]],[""return"",null]]],[""m4.1"",""q1"",[],null,[],[[""direct"",null,""m4.2"",[]],[""return"",null]]],[""m4.2"",""q2"",[],null,[],[[""check"",""p1""],[""return"",null]]]]]],[[""s0"",""c0"",""c1""]],[[""e0"",""s0"",""q0"",[]]]]","[[""p0"",""p1"",""p2""],[[""c0"",null,[],[[""m0.0"",""q0"",[],null,[],[[""return"",null]]]]],[""c1"",""c0"",[],[[""m1.0"",""q0"",[],null,[],[[""direct"",null,""m1.3"",[]],[""direct"",null,""m1.1"",[]],[""return"",null]]],[""m1.1"",""q1"",[],null,[],[[""direct"",null,""m1.2"",[]],[""return"",null]]],[""m1.2"",""q2"",[],null,[],[[""check"",""p0""],[""return"",null]]],[""m1.3"",""q3"",[],null,[],[[""return"",null]]]]],[""c2"",""c0"",[],[[""m2.0"",""q0"",[],null,[],[[""direct"",null,""m2.1"",[]],[""return"",null]]],[""m2.1"",""q1"",[],null,[],[[""direct"",null,""m2.2"",[]],[""return"",null]]],[""m2.2"",""q2"",[],null,[],[[""check"",""p1""],[""return"",null]]]]],[""c3"",""c0"",[],[[""m3.0"",""q0"",[],null,[],[[""direct"",null,""m3.1"",[]],[""return"",null]]],[""m3.1"",""q1"",[],null,[],[[""direct"",null,""m3.2"",[]],[""return"",null]]],[""m3.2"",""q2"",[],null,[],[[""check"",""p0""],[""return"",null]]]]],[""c4"",""c0"",[],[[""m4.0"",""q0"",[],null,[],[[""direct"",null,""m4.1"",[]],[""return"",null]]],[""m4.1"",""q1"",[],null,[],[[""direct"",null,""m4.2"",[]],[""return"",null]]],[""m4.2"",""q2"",[],null,[],[[""check"",""p1""],[""return"",null]]]]]],[[""s0"",""c0"",""c1""]],[[""e0"",""s0"",""q0"",[]]]]"
213,hierarchy,3,2,0,0,False,"[[""p0"",""p1"",""p2""],[[""c0"",null,[],[[""m0.0"",""q0"",[],null,[],[[""return"",null]]]]],[""c1"",""c0"",[],[[""m1.0"",""q0"",[],null,[],[[""direct"",null,""m1.1"",[]],[""return"",null]]],[""m1.1"",""q1"",[],null,[],[[""direct"",null,""m1.2"",[]],[""return"",null]]],[""m1.2"",""q2"",[],null,[],[[""direct"",null,""m1.3"",[]],[""return"",null]]],[""m1.3"",""q3"",[],null,[],[[""check"",""p0""],[""return"",null]]]]],[""c2"",""c0"",[],[[""m2.0"",""q0"",[],null,[],[[""direct"",null,""m2.1"",[]],[""return"",null]]],[""m2.1"",""q1"",[],null,[],[[""direct"",null,""m2.2"",[]],[""return"",null]]],[""m2.2"",""q2"",[],null,[],[[""direct"",null,""m2.3"",[]],[""return"",null]]],[""m2.3"",""q3"",[],null,[],[[""check"",""p1""],[""return"",null]]]]],[""c3"",""c0"",[],[[""m3.0"",""q0"",[],null,[],[[""direct"",null,""m3.1"",[]],[""return"",null]]],[""m3.1"",""q1"",[],null,[],[[""direct"",null,""m3.2"",[]],[""return"",null]]],[""m3.2"",""q2"",[],null,[],[[""direct"",null,""m3.3"",[]],[""return"",null]]],[""m3.3"",""q3"",[],null,[],[[""check"",""p0""],[""return"",null]]]]],[""c4"",""c0"",[],[[""m4.0"",""q0"",[],null,[],[[""direct"",null,""m4.1"",[]],[""return"",null]]],[""m4.1"",""q1"",[],null,[],[[""direct"",null,""m4.2"",[]],[""return"",null]]],[""m4.2"",""q2"",[],null,[],[[""direct"",null,""m4.3"",[]],[""return"",null]]],[""m4.3"",""q3"",[],null,[],[[""check"",""p1""],[""return"",null]]]]]],[[""s0"",""c0"",""c1""]],[[""e0"",""s0"",""q0"",[]]]]","[[""p0"",""p1"",""p2""],[[""c0"",null,[],[[""m0.0"",""q0"",[],null,[],[[""return"",null]]]]],[""c1"",""c0"",[],[[""m1.0"",""q0"",[],null,[],[[""direct"",null,""m1.1"",[]],[""return"",null]]],[""m1.1"",""q1"",[],null,[],[[""direct"",null,""m1.2"",[]],[""return"",null]]],[""m1.2"",""q2"",[],null,[],[[""direct"",null,""m1.3"",[]],[""return"",null]]],[""m1.3"",""q3"",[],null,[],[[""check"",""p0""],[""return"",null]]]]],[""c2"",""c0"",[],[[""m2.0"",""q0"",[],null,[],[[""direct"",null,""m2.1"",[]],[""return"",null]]],[""m2.1"",""q1"",[],null,[],[[""direct"",null,""m2.2"",[]],[""return"",null]]],[""m2.2"",""q2"",[],null,[],[[""direct"",null,""m2.3"",[]],[""return"",null]]],[""m2.3"",""q3"",[],null,[],[[""check"",""p1""],[""return"",null]]]]],[""c3"",""c0"",[],[[""m3.0"",""q0"",[],null,[],[[""direct"",null,""m3.1"",[]],[""return"",null]]],[""m3.1"",""q1"",[],null,[],[[""direct"",null,""m3.2"",[]],[""return"",null]]],[""m3.2"",""q2"",[],null,[],[[""direct"",null,""m3.3"",[]],[""return"",null]]],[""m3.3"",""q3"",[],null,[],[[""check"",""p0""],[""return"",null]]]]],[""c4"",""c0"",[],[[""m4.0"",""q0"",[],null,[],[[""direct"",null,""m4.1"",[]],[""return"",null]]],[""m4.1"",""q1"",[],null,[],[[""direct"",null,""m4.2"",[]],[""return"",null]]],[""m4.2"",""q2"",[],null,[],[[""direct"",null,""m4.3"",[]],[""return"",null]]],[""m4.3"",""q3"",[],null,[],[[""check"",""p1""],[""return"",null]]]]]],[[""s0"",""c0"",""c2""]],[[""e0"",""s0"",""q0"",[]]]]"
214,hierarchy,4,2,0,0,True,"[[""p0"",""p1"",""p2""],[[""c0"",null,[],[[""m0.0"",""q0"",[],null,[],[[""return"",null]]]]],[""c1"",""c0"",[],[[""m1.0"",""q0"",[],null,[],[[""direct"",null,""m1.1"",[]],[""return"",null]]],[""m1.1"",""q1"",[],null,[],[[""direct"",null,""m1.2"",[]],[""return"",null]]],[""m1.2"",""q2"",[],null,[],[[""direct"",null,""m1.3"",[]],[""return"",null]]],[""m1.3"",""q3"",[],null,[],[[""direct"",null,""m1.4"",[]],[""return"",null]]],[""m1.4"",""q4"",[],null,[],[[""check"",""p0""],[""return"",null]]]]],[""c2"",""c0"",[],[[""m2.0"",""q0"",[],null,[],[[""direct"",null,""m2.1"",[]],[""return"",null]]],[""m2.1"",""q1"",[],null,[],[[""direct"",null,""m2.2"",[]],[""return"",null]]],[""m2.2"",""q2"",[],null,[],[[""direct"",null,""m2.3"",[]],[""return"",null]]],[""m2.3"",""q3"",[],null,[],[[""direct"",null,""m2.4"",[]],[""return"",null]]],[""m2.4"",""q4"",[],null,[],[[""check"",""p1""],[""return"",null]]]]],[""c3"",""c0"",[],[[""m3.0"",""q0"",[],null,[],[[""direct"",null,""m3.1"",[]],[""return"",null]]],[""m3.1"",""q1"",[],null,[],[[""direct"",null,""m3.2"",[]],[""return"",null]]],[""m3.2"",""q2"",[],null,[],[[""direct"",null,""m3.3"",[]],[""return"",null]]],[""m3.3"",""q3"",[],null,[],[[""direct"",null,""m3.4"",[]],[""return"",null]]],[""m3.4"",""q4"",[],null,[],[[""check"",""p0""],[""return"",null]]]]],[""c4"",""c0"",[],[[""m4.0"",""q0"",[],null,[],[[""direct"",null,""m4.1"",[]],[""return"",null]]],[""m4.1"",""q1"",[],null,[],[[""direct"",null,""m4.2"",[]],[""return"",null]]],[""m4.2"",""q2"",[],null,[],[[""direct"",null,""m4.3"",[]],[""return"",null]]],[""m4.3"",""q3"",[],null,[],[[""direct"",null,""m4.4"",[]],[""return"",null]]],[""m4.4"",""q4"",[],null,[],[[""check"",""p1""],[""return"",null]]]]]],[[""s0"",""c0"",""c1""]],[[""e0"",""s0"",""q0"",[]]]]","[[""p0"",""p1"",""p2""],[[""c0"",null,[],[[""m0.0"",""q0"",[],null,[],[[""return"",null]]]]],[""c1"",""c0"",[],[[""m1.0"",""q0"",[],null,[],[[""direct"",null,""m1.1"",[]],[""return"",null]]],[""m1.1"",""q1"",[],null,[],[[""direct"",null,""m1.2"",[]],[""return"",null]]],[""m1.2"",""q2"",[],null,[],[[""direct"",null,""m1.3"",[]],[""return"",null]]],[""m1.3"",""q3"",[],null,[],[[""direct"",null,""m1.4"",[]],[""return"",null]]],[""m1.4"",""q4"",[],null,[],[[""check"",""p0""],[""return"",null]]]]],[""c2"",""c0"",[],[[""m2.0"",""q0"",[],null,[],[[""direct"",null,""m2.1"",[]],[""return"",null]]],[""m2.1"",""q1"",[],null,[],[[""direct"",null,""m2.2"",[]],[""return"",null]]],[""m2.2"",""q2"",[],null,[],[[""direct"",null,""m2.3"",[]],[""return"",null]]],[""m2.3"",""q3"",[],null,[],[[""direct"",null,""m2.4"",[]],[""return"",null]]],[""m2.4"",""q4"",[],null,[],[[""check"",""p1""],[""return"",null]]]]],[""c3"",""c0"",[],[[""m3.0"",""q0"",[],null,[],[[""direct"",null,""m3.1"",[]],[""return"",null]]],[""m3.1"",""q1"",[],null,[],[[""direct"",null,""m3.2"",[]],[""return"",null]]],[""m3.2"",""q2"",[],null,[],[[""direct"",null,""m3.3"",[]],[""return"",null]]],[""m3.3"",""q3"",[],null,[],[[""direct"",null,""m3.4"",[]],[""return"",null]]],[""m3.4"",""q4"",[],null,[],[[""check"",""p0""],[""return"",null]]]]],[""c4"",""c0"",[],[[""m4.0"",""q0"",[],null,[],[[""direct"",null,""m4.1"",[]],[""return"",null]]],[""m4.1"",""q1"",[],null,[],[[""direct"",null,""m4.2"",[]],[""return"",null]]],[""m4.2"",""q2"",[],null,[],[[""direct"",null,""m4.3"",[]],[""return"",null]]],[""m4.3"",""q3"",[],null,[],[[""direct"",null,""m4.4"",[]],[""return"",null]]],[""m4.4"",""q4"",[],null,[],[[""check"",""p1""],[""return"",null]]]]],[""c5"",""c0"",[],[[""m5.0"",""q0"",[],null,[],[[""check"",""p0""],[""return"",null]]]]]],[[""s0"",""c0"",""c1""]],[[""e0"",""s0"",""q0"",[]]]]"
215,hierarchy,0,3,0,2,False,"[[""p0"",""p1"",""p2""],[[""c0"",null,[],[[""m0.0"",""q0"",[],null,[],[[""return"",null]]]]],[""c1"",""c0"",[],[[""m1.0"",""q0"",[],null,[],[[""check"",""p0""],[""opaque"",[[""direct"",null,""m1.1"",[]]]],[""return"",null]]],[""m1.1"",""q1"",[],null,[],[[""opaque"",[[""check"",""p2""]]],[""return"",null]]]]],[""c2"",""c0"",[],[[""m2.0"",""q0"",[],null,[],[[""check"",""p1""],[""return"",null]]]]],[""c3"",""c0"",[],[[""m3.0"",""q0"",[],null,[],[[""check"",""p0""],[""return"",null]]]]],[""c4"",""c0"",[],[[""m4.0"",""q0"",[],null,[],[[""check"",""p1""],[""return"",null]]]]],[""c5"",""c0"",[],[[""m5.0"",""q0"",[],null,[],[[""check"",""p0""],[""return"",null]]]]]],[[""s0"",""c0"",""c1""]],[[""e0"",""s0"",""q0"",[]]]]","[[""p0"",""p1"",""p2""],[[""c0"",null,[],[[""m0.0"",""q0"",[],null,[],[[""return"",null]]]]],[""c1"",""c0"",[],[[""m1.0"",""q0"",[],null,[],[[""check"",""p0""],[""return"",null]]]]],[""c2"",""c0"",[],[[""m2.0"",""q0"",[],null,[],[[""check"",""p1""],[""opaque"",[[""direct"",null,""m2.1"",[]]]],[""return"",null]]],[""m2.1"",""q1"",[],null,[],[[""opaque"",[[""check"",""p2""]]],[""return"",null]]]]],[""c3"",""c0"",[],[[""m3.0"",""q0"",[],null,[],[[""check"",""p0""],[""return"",null]]]]],[""c4"",""c0"",[],[[""m4.0"",""q0"",[],null,[],[[""check"",""p1""],[""return"",null]]]]],[""c5"",""c0"",[],[[""m5.0"",""q0"",[],null,[],[[""check"",""p0""],[""return"",null]]]]]],[[""s0"",""c0"",""c2""]],[[""e0"",""s0"",""q0"",[]]]]"
216,hierarchy,1,3,0,0,True,"[[""p0"",""p1"",""p2""],[[""c0"",null,[],[[""m0.0"",""q0"",[],null,[],[[""return"",null]]]]],[""c1"",""c0"",[],[[""m1.0"",""q0"",[],null,[],[[""direct"",null,""m1.1"",[]],[""return"",null]]],[""m1.1"",""q1"",[],null,[],[[""check"",""p0""],[""return"",null]]]]],[""c2"",""c0"",[],[[""m2.0"",""q0"",[],null,[],[[""direct"",null,""m2.1"",[]],[""return"",null]]],[""m2.1"",""q1"",[],null,[],[[""check"",""p1""],[""return"",null]]]]],[""c3"",""c0"",[],[[""m3.0"",""q0"",[],null,[],[[""direct"",null,""m3.1"",[]],[""return"",null]]],[""m3.1"",""q1"",[],null,[],[[""check"",""p0""],[""return"",null]]]]],[""c4"",""c0"",[],[[""m4.0"",""q0"",[],null,[],[[""direct"",null,""m4.1"",[]],[""return"",null]]],[""m4.1"",""q1"",[],null,[],[[""check"",""p1""],[""return"",null]]]]],[""c5"",""c0"",[],[[""m5.0"",""q0"",[],null,[],[[""direct"",null,""m5.1"",[]],[""return"",null]]],[""m5.1"",""q1"",[],null,[],[[""check"",""p0""],[""return"",null]]]]]],[[""s0"",""c0"",""c1""]],[[""e0"",""s0"",""q0"",[]]]]","[[""p0"",""p1"",""p2""],[[""c0"",null,[],[[""m0.0"",""q0"",[],null,[],[[""return"",null]]]]],[""c1"",""c0"",[],[[""m1.0"",""q0"",[],null,[],[[""direct"",null,""m1.1"",[]],[""return"",null]]],[""m1.1"",""q1"",[],null,[],[[""check"",""p0""],[""return"",null]]]]],[""c2"",""c0"",[],[[""m2.0"",""q0"",[],null,[],[[""direct"",null,""m2.1"",[]],[""return"",null]]],[""m2.1"",""q1"",[],null,[],[[""check"",""p1""],[""return"",null]]]]],[""c3"",""c0"",[],[[""m3.0"",""q0"",[],null,[],[[""direct"",null,""m3.1"",[]],[""return"",null]]],[""m3.1"",""q1"",[],null,[],[[""check"",""p0""],[""return"",null]]]]],[""c4"",""c0"",[],[[""m4.0"",""q0"",[],null,[],[[""direct"",null,""m4.1"",[]],[""return"",null]]],[""m4.1"",""q1"",[],null,[],[[""check"",""p1""],[""return"",null]]]]],[""c5"",""c0"",[],[[""m5.0"",""q0"",[],null,[],[[""direct"",null,""m5.1"",[]],[""return"",null]]],[""m5.1"",""q1"",[],null,[],[[""check"",""p0""],[""return"",null]]]]],[""c6"",""c0"",[],[]]],[[""s0"",""c0"",""c1""]],[[""e0"",""s0"",""q0"",[]]]]"
217,hierarchy,2,3,0,0,False,"[[""p0"",""p1"",""p2""],[[""c0"",null,[],[[""m0.0"",""q0"",[],null,[],[[""return"",null]]]]],[""c1"",""c0"",[],[[""m1.0"",""q0"",[],null,[],[[""direct"",null,""m1.1"",[]],[""return"",null]]],[""m1.1"",""q1"",[],null,[],[[""direct"",null,""m1.2"",[]],[""return"",null]]],[""m1.2"",""q2"",[],null,[],[[""check"",""p0""],[""return"",null]]]]],[""c2"",""c0"",[],[[""m2.0"",""q0"",[],null,[],[[""direct"",null,""m2.1"",[]],[""return"",null]]],[""m2.1"",""q1"",[],null,[],[[""direct"",null,""m2.2"",[]],[""return"",null]]],[""m2.2"",""q2"",[],null,[],[[""check"",""p1""],[""return"",null]]]]],[""c3"",""c0"",[],[[""m3.0"",""q0"",[],null,[],[[""direct"",null,""m3.1"",[]],[""return"",null]]],[""m3.1"",""q1"",[],null,[],[[""direct"",null,""m3.2"",[]],[""return"",null]]],[""m3.2"",""q2"",[],null,[],[[""check"",""p0""],[""return"",null]]]]],[""c4"",""c0"",[],[[""m4.0"",""q0"",[],null,[],[[""direct"",null,""m4.1"",[]],[""return"",null]]],[""m4.1"",""q1"",[],null,[],[[""direct"",null,""m4.2"",[]],[""return"",null]]],[""m4.2"",""q2"",[],null,[],[[""check"",""p1""],[""return"",null]]]]],[""c5"",""c0"",[],[[""m5.0"",""q0"",[],null,[],[[""direct"",null,""m5.1"",[]],[""return"",null]]],[""m5.1"",""q1"",[],null,[],[[""direct"",null,""m5.2"",[]],[""return"",null]]],[""m5.2"",""q2"",[],null,[],[[""check"",""p0""],[""return"",null]]]]]],[[""s0"",""c0"",""c1""]],[[""e0"",""s0"",""q0"",[]]]]","[[""p0"",""p1"",""p2""],[[""c0"",null,[],[[""m0.0"",""q0"",[],null,[],[[""return"",null]]]]],[""c1"",""c0"",[],[[""m1.0"",""q0"",[],null,[],[[""direct"",null,""m1.1"",[]],[""return"",null]]],[""m1.1"",""q1"",[],null,[],[[""direct"",null,""m1.2"",[]],[""return"",null]]],[""m1.2"",""q2"",[],null,[],[[""check"",""p0""],[""return"",null]]]]],[""c2"",""c0"",[],[[""m2.0"",""q0"",[],null,[],[[""direct"",null,""m2.1"",[]],[""return"",null]]],[""m2.1"",""q1"",[],null,[],[[""direct"",null,""m2.2"",[]],[""return"",null]]],[""m2.2"",""q2"",[],null,[],[[""check"",""p1""],[""return"",null]]]]],[""c3"",""c0"",[],[[""m3.0"",""q0"",[],null,[],[[""direct"",null,""m3.1"",[]],[""return"",null]]],[""m3.1"",""q1"",[],null,[],[[""direct"",null,""m3.2"",[]],[""return"",null]]],[""m3.2"",""q2"",[],null,[],[[""check"",""p0""],[""return"",null]]]]],[""c4"",""c0"",[],[[""m4.0"",""q0"",[],null,[],[[""direct"",null,""m4.1"",[]],[""return"",null]]],[""m4.1"",""q1"",[],null,[],[[""direct"",null,""m4.2"",[]],[""return"",null]]],[""m4.2"",""q2"",[],null,[],[[""check"",""p1""],[""return"",null]]]]],[""c5"",""c0"",[],[[""m5.0"",""q0"",[],null,[],[[""direct"",null,""m5.1"",[]],[""return"",null]]],[""m5.1"",""q1"",[],null,[],[[""direct"",null,""m5.2"",[]],[""return"",null]]],[""m5.2"",""q2"",[],null,[],[[""check"",""p0""],[""return"",null]]]]]],[[""s0"",""c0"",""c2""]],[[""e0"",""s0"",""q0"",[]]]]"
218,hierarchy,3,3,0,0,True,"[[""p0"",""p1"",""p2""],[[""c0"",null,[],[[""m0.0"",""q0"",[],null,[],[[""return"",null]]]]],[""c1"",""c0"",[],[[""m1.0"",""q0"",[],null,[],[[""direct"",null,""m1.1"",[]],[""return"",null]]],[""m1.1"",""q1"",[],null,[],[[""direct"",null,""m1.2"",[]],[""return"",null]]],[""m1.2"",""q2"",[],null,[],[[""direct"",null,""m1.3"",[]],[""return"",null]]],[""m1.3"",""q3"",[],null,[],[[""check"",""p0""],[""return"",null]]]]],[""c2"",""c0"",[],[[""m2.0"",""q0"",[],null,[],[[""direct"",null,""m2.1"",[]],[""return"",null]]],[""m2.1"",""q1"",[],null,[],[[""direct"",null,""m2.2"",[]],[""return"",null]]],[""m2.2"",""q2"",[],null,[],[[""direct"",null,""m2.3"",[]],[""return"",null]]],[""m2.3"",""q3"",[],null,[],[[""check"",""p1""],[""return"",null]]]]],[""c3"",""c0"",[],[[""m3.0"",""q0"",[],null,[],[[""direct"",null,""m3.1"",[]],[""return"",null]]],[""m3.1"",""q1"",[],null,[],[[""direct"",null,""m3.2"",[]],[""return"",null]]],[""m3.2"",""q2"",[],null,[],[[""direct"",null,""m3.3"",[]],[""return"",null]]],[""m3.3"",""q3"",[],null,[],[[""check"",""p0""],[""return"",null]]]]],[""c4"",""c0"",[],[[""m4.0"",""q0"",[],null,[],[[""direct"",null,""m4.1"",[]],[""return"",null]]],[""m4.1"",""q1"",[],null,[],[[""direct"",null,""m4.2"",[]],[""return"",null]]],[""m4.2"",""q2"",[],null,[],[[""direct"",null,""m4.3"",[]],[""return"",null]]],[""m4.3"",""q3"",[],null,[],[[""check"",""p1""],[""return"",null]]]]],[""c5"",""c0"",[],[[""m5.0"",""q0"",[],null,[],[[""direct"",null,""m5.1"",[]],[""return"",null]]],[""m5.1"",""q1"",[],null,[],[[""direct"",null,""m5.2"",[]],[""return"",null]]],[""m5.2"",""q2"",[],null,[],[[""direct"",null,""m5.3"",[]],[""return"",null]]],[""m5.3"",""q3"",[],null,[],[[""check"",""p0""],[""return"",null]]]]]],[[""s0"",""c0"",""c1""]],[[""e0"",""s0"",""q0"",[]]]]","[[""p0"",""p1"",""p2""],[[""c0"",null,[],[[""m0.0"",""q0"",[],null,[],[[""return"",null]]]]],[""c1"",""c0"",[],[[""m1.0"",""q0"",[],null,[],[[""direct"",null,""m1.4"",[]],[""direct"",null,""m1.1"",[]],[""return"",null]]],[""m1.1"",""q1"",[],null,[],[[""direct"",null,""m1.2"",[]],[""return"",null]]],[""m1.2"",""q2"",[],null,[],[[""direct"",null,""m1.3"",[]],[""return"",null]]],[""m1.3"",""q3"",[],null,[],[[""check"",""p0""],[""return"",null]]],[""m1.4"",""q4"",[],null,[],[[""return"",null]]]]],[""c2"",""c0"",[],[[""m2.0"",""q0"",[],null,[],[[""direct"",null,""m2.1"",[]],[""return"",null]]],[""m2.1"",""q1"",[],null,[],[[""direct"",null,""m2.2"",[]],[""return"",null]]],[""m2.2"",""q2"",[],null,[],[[""direct"",null,""m2.3"",[]],[""return"",null]]],[""m2.3"",""q3"",[],null,[],[[""check"",""p1""],[""return"",null]]]]],[""c3"",""c0"",[],[[""m3.0"",""q0"",[],null,[],[[""direct"",null,""m3.1"",[]],[""return"",null]]],[""m3.1"",""q1"",[],null,[],[[""direct"",null,""m3.2"",[]],[""return"",null]]],[""m3.2"",""q2"",[],null,[],[[""direct"",null,""m3.3"",[]],[""return"",null]]],[""m3.3"",""q3"",[],null,[],[[""check"",""p0""],[""return"",null]]]]],[""c4"",""c0"",[],[[""m4.0"",""q0"",[],null,[],[[""direct"",null,""m4.1"",[]],[""return"",null]]],[""m4.1"",""q1"",[],null,[],[[""direct"",null,""m4.2"",[]],[""return"",null]]],[""m4.2"",""q2"",[],null,[],[[""direct"",null,""m4.3"",[]],[""return"",null]]],[""m4.3"",""q3"",[],null,[],[[""check"",""p1""],[""return"",null]]]]],[""c5"",""c0"",[],[[""m5.0"",""q0"",[],null,[],[[""direct"",null,""m5.1"",[]],[""return"",null]]],[""m5.1"",""q1"",[],null,[],[[""direct"",null,""m5.2"",[]],[""return"",null]]],[""m5.2"",""q2"",[],null,[],[[""direct"",null,""m5.3"",[]],[""return"",null]]],[""m5.3"",""q3"",[],null,[],[[""check"",""p0""],[""return"",null]]]]]],[[""s0"",""c0"",""c1""]],[[""e0"",""s0"",""q0"",[]]]]"
219,hierarchy,4,3,0,0,False,"[[""p0"",""p1"",""p2""],[[""c0"",null,[],[[""m0.0"",""q0"",[],null,[],[[""return"",null]]]]],[""c1"",""c0"",[],[[""m1.0"",""q0"",[],null,[],[[""direct"",null,""m1.1"",[]],[""return"",null]]],[""m1.1"",""q1"",[],null,[],[[""direct"",null,""m1.2"",[]],[""return"",null]]],[""m1.2"",""q2"",[],null,[],[[""direct"",null,""m1.3"",[]],[""return"",null]]],[""m1.3"",""q3"",[],null,[],[[""direct"",null,""m1.4"",[]],[""return"",null]]],[""m1.4"",""q4"",[],null,[],[[""check"",""p0""],[""return"",null]]]]],[""c2"",""c0"",[],[[""m2.0"",""q0"",[],null,[],[[""direct"",null,""m2.1"",[]],[""return"",null]]],[""m2.1"",""q1"",[],null,[],[[""direct"",null,""m2.2"",[]],[""return"",null]]],[""m2.2"",""q2"",[],null,[],[[""direct"",null,""m2.3"",[]],[""return"",null]]],[""m2.3"",""q3"",[],null,[],[[""direct"",null,""m2.4"",[]],[""return"",null]]],[""m2.4"",""q4"",[],null,[],[[""check"",""p1""],[""return"",null]]]]],[""c3"",""c0"",[],[[""m3.0"",""q0"",[],null,[],[[""direct"",null,""m3.1"",[]],[""return"",null]]],[""m3.1"",""q1"",[],null,[],[[""direct"",null,""m3.2"",[]],[""return"",null]]],[""m3.2"",""q2"",[],null,[],[[""direct"",null,""m3.3"",[]],[""return"",null]]],[""m3.3"",""q3"",[],null,[],[[""direct"",null,""m3.4"",[]],[""return"",null]]],[""m3.4"",""q4"",[],null,[],[[""check"",""p0""],[""return"",null]]]]],[""c4"",""c0"",[],[[""m4.0"",""q0"",[],null,[],[[""direct"",null,""m4.1"",[]],[""return"",null]]],[""m4.1"",""q1"",[],null,[],[[""direct"",null,""m4.2"",[]],[""return"",null]]],[""m4.2"",""q2"",[],null,[],[[""direct"",null,""m4.3"",[]],[""return"",null]]],[""m4.3"",""q3"",[],null,[],[[""direct"",null,""m4.4"",[]],[""return"",null]]],[""m4.4"",""q4"",[],null,[],[[""check"",""p1""],[""return"",null]]]]],[""c5"",""c0"",[],[[""m5.0"",""q0"",[],null,[],[[""direct"",null,""m5.1"",[]],[""return"",null]]],[""m5.1"",""q1"",[],null,[],[[""direct"",null,""m5.2"",[]],[""return"",null]]],[""m5.2"",""q2"",[],null,[],[[""direct"",null,""m5.3"",[]],[""return"",null]]],[""m5.3"",""q3"",[],null,[],[[""direct"",null,""m5.4"",[]],[""return"",null]]],[""m5.4"",""q4"",[],null,[],[[""check"",""p0""],[""return"",null]]]]]],[[""s0"",""c0"",""c1""]],[[""e0"",""s0"",""q0"",[]]]]","[[""p0"",""p1"",""p2""],[[""c0"",null,[],[[""m0.0"",""q0"",[],null,[],[[""return"",null]]]]],[""c1"",""c0"",[],[[""m1.0"",""q0"",[],null,[],[[""direct"",null,""m1.1"",[]],[""return"",null]]],[""m1.1"",""q1"",[],null,[],[[""direct"",null,""m1.2"",[]],[""return"",null]]],[""m1.2"",""q2"",[],null,[],[[""direct"",null,""m1.3"",[]],[""return"",null]]],[""m1.3"",""q3"",[],null,[],[[""direct"",null,""m1.4"",[]],[""return"",null]]],[""m1.4"",""q4"",[],null,[],[[""check"",""p0""],[""return"",null]]]]],[""c2"",""c0"",[],[[""m2.0"",""q0"",[],null,[],[[""direct"",null,""m2.1"",[]],[""return"",null]]],[""m2.1"",""q1"",[],null,[],[[""direct"",null,""m2.2"",[]],[""return"",null]]],[""m2.2"",""q2"",[],null,[],[[""direct"",null,""m2.3"",[]],[""return"",null]]],[""m2.3"",""q3"",[],null,[],[[""direct"",null,""m2.4"",[]],[""return"",null]]],[""m2.4"",""q4"",[],null,[],[[""check"",""p1""],[""return"",null]]]]],[""c3"",""c0"",[],[[""m3.0"",""q0"",[],null,[],[[""direct"",null,""m3.1"",[]],[""return"",null]]],[""m3.1"",""q1"",[],null,[],[[""direct"",null,""m3.2"",[]],[""return"",null]]],[""m3.2"",""q2"",[],null,[],[[""direct"",null,""m3.3"",[]],[""return"",null]]],[""m3.3"",""q3"",[],null,[],[[""direct"",null,""m3.4"",[]],[""return"",null]]],[""m3.4"",""q4"",[],null,[],[[""check"",""p0""],[""return"",null]]]]],[""c4"",""c0"",[],[[""m4.0"",""q0"",[],null,[],[[""direct"",null,""m4.1"",[]],[""return"",null]]],[""m4.1"",""q1"",[],null,[],[[""direct"",null,""m4.2"",[]],[""return"",null]]],[""m4.2"",""q2"",[],null,[],[[""direct"",null,""m4.3"",[]],[""return"",null]]],[""m4.3"",""q3"",[],null,[],[[""direct"",null,""m4.4"",[]],[""return"",null]]],[""m4.4"",""q4"",[],null,[],[[""check"",""p1""],[""return"",null]]]]],[""c5"",""c0"",[],[[""m5.0"",""q0"",[],null,[],[[""direct"",null,""m5.1"",[]],[""return"",null]]],[""m5.1"",""q1"",[],null,[],[[""direct"",null,""m5.2"",[]],[""return"",null]]],[""m5.2"",""q2"",[],null,[],[[""direct"",null,""m5.3"",[]],[""return"",null]]],[""m5.3"",""q3"",[],null,[],[[""direct"",null,""m5.4"",[]],[""return"",null]]],[""m5.4"",""q4"",[],null,[],[[""check"",""p0""],[""return"",null]]]]]],[[""s0"",""c0"",""c2""]],[[""e0"",""s0"",""q0"",[]]]]"
220,hierarchy,0,4,0,3,True,"[[""p0"",""p1"",""p2""],[[""c0"",null,[],[[""m0.0"",""q0"",[],null,[],[[""return"",null]]]]],[""c1"",""c0"",[],[[""m1.0"",""q0"",[],null,[],[[""check"",""p0""],[""opaque"",[[""direct"",null,""m1.1"",[]]]],[""return"",null]]],[""m1.1"",""q1"",[],null,[],[[""opaque"",[[""direct"",null,""m1.2"",[]]]],[""return"",null]]],[""m1.2"",""q2"",[],null,[],[[""opaque"",[[""check"",""p2""]]],[""return"",null]]]]],[""c2"",""c0"",[],[[""m2.0"",""q0"",[],null,[],[[""check"",""p1""],[""return"",null]]]]],[""c3"",""c0"",[],[[""m3.0"",""q0"",[],null,[],[[""check"",""p0""],[""return"",null]]]]],[""c4"",""c0"",[],[[""m4.0"",""q0"",[],null,[],[[""check"",""p1""],[""return"",null]]]]],[""c5"",""c0"",[],[[""m5.0"",""q0"",[],null,[],[[""check"",""p0""],[""return"",null]]]]],[""c6"",""c0"",[],[[""m6.0"",""q0"",[],null,[],[[""check"",""p1""],[""return"",null]]]]]],[[""s0"",""c0"",""c1""]],[[""e0"",""s0"",""q0"",[]]]]","[[""p0"",""p1"",""p2""],[[""c0"",null,[],[[""m0.0"",""q0"",[],null,[],[[""return"",null]]]]],[""c1"",""c0"",[],[[""m1.0"",""q0"",[],null,[],[[""check"",""p0""],[""opaque"",[[""direct"",null,""m1.1"",[]]]],[""return"",null]]],[""m1.1"",""q1"",[],null,[],[[""opaque"",[[""direct"",null,""m1.2"",[]]]],[""return"",null]]],[""m1.2"",""q2"",[],null,[],[[""opaque"",[[""check"",""p2""]]],[""return"",null]]]]],[""c2"",""c0"",[],[[""m2.0"",""q0"",[],null,[],[[""check"",""p1""],[""return"",null]]]]],[""c3"",""c0"",[],[[""m3.0"",""q0"",[],null,[],[[""check"",""p0""],[""return"",null]]]]],[""c4"",""c0"",[],[[""m4.0"",""q0"",[],null,[],[[""check"",""p1""],[""return"",null]]]]],[""c5"",""c0"",[],[[""m5.0"",""q0"",[],null,[],[[""check"",""p0""],[""return"",null]]]]],[""c6"",""c0"",[],[[""m6.0"",""q0"",[],null,[],[[""check"",""p1""],[""return"",null]]]]],[""c7"",""c0"",[],[[""m7.0"",""q0"",[],null,[],[[""check"",""p0""],[""return"",null]]]]]],[[""s0"",""c0"",""c1""]],[[""e0"",""s0"",""q0"",[]]]]"
221,hierarchy,1,4,0,0,False,"[[""p0"",""p1"",""p2""],[[""c0"",null,[],[[""m0.0"",""q0"",[],null,[],[[""return"",null]]]]],[""c1"",""c0"",[],[[""m1.0"",""q0"",[],null,[],[[""direct"",null,""m1.1"",[]],[""return"",null]]],[""m1.1"",""q1"",[],null,[],[[""check"",""p0""],[""return"",null]]]]],[""c2"",""c0"",[],[[""m2.0"",""q0"",[],null,[],[[""direct"",null,""m2.1"",[]],[""return"",null]]],[""m2.1"",""q1"",[],null,[],[[""check"",""p1""],[""return"",null]]]]],[""c3"",""c0"",[],[[""m3.0"",""q0"",[],null,[],[[""direct"",null,""m3.1"",[]],[""return"",null]]],[""m3.1"",""q1"",[],null,[],[[""check"",""p0""],[""return"",null]]]]],[""c4"",""c0"",[],[[""m4.0"",""q0"",[],null,[],[[""direct"",null,""m4.1"",[]],[""return"",null]]],[""m4.1"",""q1"",[],null,[],[[""check"",""p1""],[""return"",null]]]]],[""c5"",""c0"",[],[[""m5.0"",""q0"",[],null,[],[[""direct"",null,""m5.1"",[]],[""return"",null]]],[""m5.1"",""q1"",[],null,[],[[""check"",""p0""],[""return"",null]]]]],[""c6"",""c0"",[],[[""m6.0"",""q0"",[],null,[],[[""direct"",null,""m6.1"",[]],[""return"",null]]],[""m6.1"",""q1"",[],null,[],[[""check"",""p1""],[""return"",null]]]]]],[[""s0"",""c0"",""c1""]],[[""e0"",""s0"",""q0"",[]]]]","[[""p0"",""p1"",""p2""],[[""c0"",null,[],[[""m0.0"",""q0"",[],null,[],[[""return"",null]]]]],[""c1"",""c0"",[],[[""m1.0"",""q0"",[],null,[],[[""direct"",null,""m1.1"",[]],[""return"",null]]],[""m1.1"",""q1"",[],null,[],[[""check"",""p0""],[""return"",null]]]]],[""c2"",""c0"",[],[[""m2.0"",""q0"",[],null,[],[[""direct"",null,""m2.1"",[]],[""return"",null]]],[""m2.1"",""q1"",[],null,[],[[""check"",""p1""],[""return"",null]]]]],[""c3"",""c0"",[],[[""m3.0"",""q0"",[],null,[],[[""direct"",null,""m3.1"",[]],[""return"",null]]],[""m3.1"",""q1"",[],null,[],[[""check"",""p0""],[""return"",null]]]]],[""c4"",""c0"",[],[[""m4.0"",""q0"",[],null,[],[[""direct"",null,""m4.1"",[]],[""return"",null]]],[""m4.1"",""q1"",[],null,[],[[""check"",""p1""],[""return"",null]]]]],[""c5"",""c0"",[],[[""m5.0"",""q0"",[],null,[],[[""direct"",null,""m5.1"",[]],[""return"",null]]],[""m5.1"",""q1"",[],null,[],[[""check"",""p0""],[""return"",null]]]]],[""c6"",""c0"",[],[[""m6.0"",""q0"",[],null,[],[[""direct"",null,""m6.1"",[]],[""return"",null]]],[""m6.1"",""q1"",[],null,[],[[""check"",""p1""],[""return"",null]]]]]],[[""s0"",""c0"",""c2""]],[[""e0"",""s0"",""q0"",[]]]]"
222,hierarchy,2,4,0,0,True,"[[""p0"",""p1"",""p2""],[[""c0"",null,[],[[""m0.0"",""q0"",[],null,[],[[""return"",null]]]]],[""c1"",""c0"",[],[[""m1.0"",""q0"",[],null,[],[[""direct"",null,""m1.1"",[]],[""return"",null]]],[""m1.1"",""q1"",[],null,[],[[""direct"",null,""m1.2"",[]],[""return"",null]]],[""m1.2"",""q2"",[],null,[],[[""check"",""p0""],[""return"",null]]]]],[""c2"",""c0"",[],[[""m2.0"",""q0"",[],null,[],[[""direct"",null,""m2.1"",[]],[""return"",null]]],[""m2.1"",""q1"",[],null,[],[[""direct"",null,""m2.2"",[]],[""return"",null]]],[""m2.2"",""q2"",[],null,[],[[""check"",""p1""],[""return"",null]]]]],[""c3"",""c0"",[],[[""m3.0"",""q0"",[],null,[],[[""direct"",null,""m3.1"",[]],[""return"",null]]],[""m3.1"",""q1"",[],null,[],[[""direct"",null,""m3.2"",[]],[""return"",null]]],[""m3.2"",""q2"",[],null,[],[[""check"",""p0""],[""return"",null]]]]],[""c4"",""c0"",[],[[""m4.0"",""q0"",[],null,[],[[""direct"",null,""m4.1"",[]],[""return"",null]]],[""m4.1"",""q1"",[],null,[],[[""direct"",null,""m4.2"",[]],[""return"",null]]],[""m4.2"",""q2"",[],null,[],[[""check"",""p1""],[""return"",null]]]]],[""c5"",""c0"",[],[[""m5.0"",""q0"",[],null,[],[[""direct"",null,""m5.1"",[]],[""return"",null]]],[""m5.1"",""q1"",[],null,[],[[""direct"",null,""m5.2"",[]],[""return"",null]]],[""m5.2"",""q2"",[],null,[],[[""check"",""p0""],[""return"",null]]]]],[""c6"",""c0"",[],[[""m6.0"",""q0"",[],null,[],[[""direct"",null,""m6.1"",[]],[""return"",null]]],[""m6.1"",""q1"",[],null,[],[[""direct"",null,""m6.2"",[]],[""return"",null]]],[""m6.2"",""q2"",[],null,[],[[""check"",""p1""],[""return"",null]]]]]],[[""s0"",""c0"",""c1""]],[[""e0"",""s0"",""q0"",[]]]]","[[""p0"",""p1"",""p2""],[[""c0"",null,[],[[""m0.0"",""q0"",[],null,[],[[""return"",null]]]]],[""c1"",""c0"",[],[[""m1.0"",""q0"",[],null,[],[[""direct"",null,""m1.1"",[]],[""return"",null]]],[""m1.1"",""q1"",[],null,[],[[""direct"",null,""m1.2"",[]],[""return"",null]]],[""m1.2"",""q2"",[],null,[],[[""check"",""p0""],[""return"",null]]]]],[""c2"",""c0"",[],[[""m2.0"",""q0"",[],null,[],[[""direct"",null,""m2.1"",[]],[""return"",null]]],[""m2.1"",""q1"",[],null,[],[[""direct"",null,""m2.2"",[]],[""return"",null]]],[""m2.2"",""q2"",[],null,[],[[""check"",""p1""],[""return"",null]]]]],[""c3"",""c0"",[],[[""m3.0"",""q0"",[],null,[],[[""direct"",null,""m3.1"",[]],[""return"",null]]],[""m3.1"",""q1"",[],null,[],[[""direct"",null,""m3.2"",[]],[""return"",null]]],[""m3.2"",""q2"",[],null,[],[[""check"",""p0""],[""return"",null]]]]],[""c4"",""c0"",[],[[""m4.0"",""q0"",[],null,[],[[""direct"",null,""m4.1"",[]],[""return"",null]]],[""m4.1"",""q1"",[],null,[],[[""direct"",null,""m4.2"",[]],[""return"",null]]],[""m4.2"",""q2"",[],null,[],[[""check"",""p1""],[""return"",null]]]]],[""c5"",""c0"",[],[[""m5.0"",""q0"",[],null,[],[[""direct"",null,""m5.1"",[]],[""return"",null]]],[""m5.1"",""q1"",[],null,[],[[""direct"",null,""m5.2"",[]],[""return"",null]]],[""m5.2"",""q2"",[],null,[],[[""check"",""p0""],[""return"",null]]]]],[""c6"",""c0"",[],[[""m6.0"",""q0"",[],null,[],[[""direct"",null,""m6.1"",[]],[""return"",null]]],[""m6.1"",""q1"",[],null,[],[[""direct"",null,""m6.2"",[]],[""return"",null]]],[""m6.2"",""q2"",[],null,[],[[""check"",""p1""],[""return"",null]]]]],[""c7"",""c0"",[],[]]],[[""s0"",""c0"",""c1""]],[[""e0"",""s0"",""q0"",[]]]]"
223,hierarchy,3,4,0,0,False,"[[""p0"",""p1"",""p2""],[[""c0"",null,[],[[""m0.0"",""q0"",[],null,[],[[""return"",null]]]]],[""c1"",""c0"",[],[[""m1.0"",""q0"",[],null,[],[[""direct"",null,""m1.1"",[]],[""return"",null]]],[""m1.1"",""q1"",[],null,[],[[""direct"",null,""m1.2"",[]],[""return"",null]]],[""m1.2"",""q2"",[],null,[],[[""direct"",null,""m1.3"",[]],[""return"",null]]],[""m1.3"",""q3"",[],null,[],[[""check"",""p0""],[""return"",null]]]]],[""c2"",""c0"",[],[[""m2.0"",""q0"",[],null,[],[[""direct"",null,""m2.1"",[]],[""return"",null]]],[""m2.1"",""q1"",[],null,[],[[""direct"",null,""m2.2"",[]],[""return"",null]]],[""m2.2"",""q2"",[],null,[],[[""direct"",null,""m2.3"",[]],[""return"",null]]],[""m2.3"",""q3"",[],null,[],[[""check"",""p1""],[""return"",null]]]]],[""c3"",""c0"",[],[[""m3.0"",""q0"",[],null,[],[[""direct"",null,""m3.1"",[]],[""return"",null]]],[""m3.1"",""q1"",[],null,[],[[""direct"",null,""m3.2"",[]],[""return"",null]]],[""m3.2"",""q2"",[],null,[],[[""direct"",null,""m3.3"",[]],[""return"",null]]],[""m3.3"",""q3"",[],null,[],[[""check"",""p0""],[""return"",null]]]]],[""c4"",""c0"",[],[[""m4.0"",""q0"",[],null,[],[[""direct"",null,""m4.1"",[]],[""return"",null]]],[""m4.1"",""q1"",[],null,[],[[""direct"",null,""m4.2"",[]],[""return"",null]]],[""m4.2"",""q2"",[],null,[],[[""direct"",null,""m4.3"",[]],[""return"",null]]],[""m4.3"",""q3"",[],null,[],[[""check"",""p1""],[""return"",null]]]]],[""c5"",""c0"",[],[[""m5.0"",""q0"",[],null,[],[[""direct"",null,""m5.1"",[]],[""return"",null]]],[""m5.1"",""q1"",[],null,[],[[""direct"",null,""m5.2"",[]],[""return"",null]]],[""m5.2"",""q2"",[],null,[],[[""direct"",null,""m5.3"",[]],[""return"",null]]],[""m5.3"",""q3"",[],null,[],[[""check"",""p0""],[""return"",null]]]]],[""c6"",""c0"",[],[[""m6.0"",""q0"",[],null,[],[[""direct"",null,""m6.1"",[]],[""return"",null]]],[""m6.1"",""q1"",[],null,[],[[""direct"",null,""m6.2"",[]],[""return"",null]]],[""m6.2"",""q2"",[],null,[],[[""direct"",null,""m6.3"",[]],[""return"",null]]],[""m6.3"",""q3"",[],null,[],[[""check"",""p1""],[""return"",null]]]]]],[[""s0"",""c0"",""c1""]],[[""e0"",""s0"",""q0"",[]]]]","[[""p0"",""p1"",""p2""],[[""c0"",null,[],[[""m0.0"",""q0"",[],null,[],[[""return"",null]]]]],[""c1"",""c0"",[],[[""m1.0"",""q0"",[],null,[],[[""direct"",null,""m1.1"",[]],[""return"",null]]],[""m1.1"",""q1"",[],null,[],[[""direct"",null,""m1.2"",[]],[""return"",null]]],[""m1.2"",""q2"",[],null,[],[[""direct"",null,""m1.3"",[]],[""return"",null]]],[""m1.3"",""q3"",[],null,[],[[""check"",""p0""],[""return"",null]]]]],[""c2"",""c0"",[],[[""m2.0"",""q0"",[],null,[],[[""direct"",null,""m2.1"",[]],[""return"",null]]],[""m2.1"",""q1"",[],null,[],[[""direct"",null,""m2.2"",[]],[""return"",null]]],[""m2.2"",""q2"",[],null,[],[[""direct"",null,""m2.3"",[]],[""return"",null]]],[""m2.3"",""q3"",[],null,[],[[""check"",""p1""],[""return"",null]]]]],[""c3"",""c0"",[],[[""m3.0"",""q0"",[],null,[],[[""direct"",null,""m3.1"",[]],[""return"",null]]],[""m3.1"",""q1"",[],null,[],[[""direct"",null,""m3.2"",[]],[""return"",null]]],[""m3.2"",""q2"",[],null,[],[[""direct"",null,""m3.3"",[]],[""return"",null]]],[""m3.3"",""q3"",[],null,[],[[""check"",""p0""],[""return"",null]]]]],[""c4"",""c0"",[],[[""m4.0"",""q0"",[],null,[],[[""direct"",null,""m4.1"",[]],[""return"",null]]],[""m4.1"",""q1"",[],null,[],[[""direct"",null,""m4.2"",[]],[""return"",null]]],[""m4.2"",""q2"",[],null,[],[[""direct"",null,""m4.3"",[]],[""return"",null]]],[""m4.3"",""q3"",[],null,[],[[""check"",""p1""],[""return"",null]]]]],[""c5"",""c0"",[],[[""m5.0"",""q0"",[],null,[],[[""direct"",null,""m5.1"",[]],[""return"",null]]],[""m5.1"",""q1"",[],null,[],[[""direct"",null,""m5.2"",[]],[""return"",null]]],[""m5.2"",""q2"",[],null,[],[[""direct"",null,""m5.3"",[]],[""return"",null]]],[""m5.3"",""q3"",[],null,[],[[""check"",""p0""],[""return"",null]]]]],[""c6"",""c0"",[],[[""m6.0"",""q0"",[],null,[],[[""direct"",null,""m6.1"",[]],[""return"",null]]],[""m6.1"",""q1"",[],null,[],[[""direct"",null,""m6.2"",[]],[""return"",null]]],[""m6.2"",""q2"",[],null,[],[[""direct"",null,""m6.3"",[]],[""return"",null]]],[""m6.3"",""q3"",[],null,[],[[""check"",""p1""],[""return"",null]]]]]],[[""s0"",""c0"",""c2""]],[[""e0"",""s0"",""q0"",[]]]]"
224,hierarchy,4,4,0,0,True,"[[""p0"",""p1"",""p2""],[[""c0"",null,[],[[""m0.0"",""q0"",[],null,[],[[""return"",null]]]]],[""c1"",""c0"",[],[[""m1.0"",""q0"",[],null,[],[[""direct"",null,""m1.1"",[]],[""return"",null]]],[""m1.1"",""q1"",[],null,[],[[""direct"",null,""m1.2"",[]],[""return"",null]]],[""m1.2"",""q2"",[],null,[],[[""direct"",null,""m1.3"",[]],[""return"",null]]],[""m1.3"",""q3"",[],null,[],[[""direct"",null,""m1.4"",[]],[""return"",null]]],[""m1.4"",""q4"",[],null,[],[[""check"",""p0""],[""return"",null]]]]],[""c2"",""c0"",[],[[""m2.0"",""q0"",[],null,[],[[""direct"",null,""m2.1"",[]],[""return"",null]]],[""m2.1"",""q1"",[],null,[],[[""direct"",null,""m2.2"",[]],[""return"",null]]],[""m2.2"",""q2"",[],null,[],[[""direct"",null,""m2.3"",[]],[""return"",null]]],[""m2.3"",""q3"",[],null,[],[[""direct"",null,""m2.4"",[]],[""return"",null]]],[""m2.4"",""q4"",[],null,[],[[""check"",""p1""],[""return"",null]]]]],[""c3"",""c0"",[],[[""m3.0"",""q0"",[],null,[],[[""direct"",null,""m3.1"",[]],[""return"",null]]],[""m3.1"",""q1"",[],null,[],[[""direct"",null,""m3.2"",[]],[""return"",null]]],[""m3.2"",""q2"",[],null,[],[[""direct"",null,""m3.3"",[]],[""return"",null]]],[""m3.3"",""q3"",[],null,[],[[""direct"",null,""m3.4"",[]],[""return"",null]]],[""m3.4"",""q4"",[],null,[],[[""check"",""p0""],[""return"",null]]]]],[""c4"",""c0"",[],[[""m4.0"",""q0"",[],null,[],[[""direct"",null,""m4.1"",[]],[""return"",null]]],[""m4.1"",""q1"",[],null,[],[[""direct"",null,""m4.2"",[]],[""return"",null]]],[""m4.2"",""q2"",[],null,[],[[""direct"",null,""m4.3"",[]],[""return"",null]]],[""m4.3"",""q3"",[],null,[],[[""direct"",null,""m4.4"",[]],[""return"",null]]],[""m4.4"",""q4"",[],null,[],[[""check"",""p1""],[""return"",null]]]]],[""c5"",""c0"",[],[[""m5.0"",""q0"",[],null,[],[[""direct"",null,""m5.1"",[]],[""return"",null]]],[""m5.1"",""q1"",[],null,[],[[""direct"",null,""m5.2"",[]],[""return"",null]]],[""m5.2"",""q2"",[],null,[],[[""direct"",null,""m5.3"",[]],[""return"",null]]],[""m5.3"",""q3"",[],null,[],[[""direct"",null,""m5.4"",[]],[""return"",null]]],[""m5.4"",""q4"",[],null,[],[[""check"",""p0""],[""return"",null]]]]],[""c6"",""c0"",[],[[""m6.0"",""q0"",[],null,[],[[""direct"",null,""m6.1"",[]],[""return"",null]]],[""m6.1"",""q1"",[],null,[],[[""direct"",null,""m6.2"",[]],[""return"",null]]],[""m6.2"",""q2"",[],null,[],[[""direct"",null,""m6.3"",[]],[""return"",null]]],[""m6.3"",""q3"",[],null,[],[[""direct"",null,""m6.4"",[]],[""return"",null]]],[""m6.4"",""q4"",[],null,[],[[""check"",""p1""],[""return"",null]]]]]],[[""s0"",""c0"",""c1""]],[[""e0"",""s0"",""q0"",[]]]]","[[""p0"",""p1"",""p2""],[[""c0"",null,[],[[""m0.0"",""q0"",[],null,[],[[""return"",null]]]]],[""c1"",""c0"",[],[[""m1.0"",""q0"",[],null,[],[[""direct"",null,""m1.5"",[]],[""direct"",null,""m1.1"",[]],[""return"",null]]],[""m1.1"",""q1"",[],null,[],[[""direct"",null,""m1.2"",[]],[""return"",null]]],[""m1.2"",""q2"",[],null,[],[[""direct"",null,""m1.3"",[]],[""return"",null]]],[""m1.3"",""q3"",[],null,[],[[""direct"",null,""m1.4"",[]],[""return"",null]]],[""m1.4"",""q4"",[],null,[],[[""check"",""p0""],[""return"",null]]],[""m1.5"",""q5"",[],null,[],[[""return"",null]]]]],[""c2"",""c0"",[],[[""m2.0"",""q0"",[],null,[],[[""direct"",null,""m2.1"",[]],[""return"",null]]],[""m2.1"",""q1"",[],null,[],[[""direct"",null,""m2.2"",[]],[""return"",null]]],[""m2.2"",""q2"",[],null,[],[[""direct"",null,""m2.3"",[]],[""return"",null]]],[""m2.3"",""q3"",[],null,[],[[""direct"",null,""m2.4"",[]],[""return"",null]]],[""m2.4"",""q4"",[],null,[],[[""check"",""p1""],[""return"",null]]]]],[""c3"",""c0"",[],[[""m3.0"",""q0"",[],null,[],[[""direct"",null,""m3.1"",[]],[""return"",null]]],[""m3.1"",""q1"",[],null,[],[[""direct"",null,""m3.2"",[]],[""return"",null]]],[""m3.2"",""q2"",[],null,[],[[""direct"",null,""m3.3"",[]],[""return"",null]]],[""m3.3"",""q3"",[],null,[],[[""direct"",null,""m3.4"",[]],[""return"",null]]],[""m3.4"",""q4"",[],null,[],[[""check"",""p0""],[""return"",null]]]]],[""c4"",""c0"",[],[[""m4.0"",""q0"",[],null,[],[[""direct"",null,""m4.1"",[]],[""return"",null]]],[""m4.1"",""q1"",[],null,[],[[""direct"",null,""m4.2"",[]],[""return"",null]]],[""m4.2"",""q2"",[],null,[],[[""direct"",null,""m4.3"",[]],[""return"",null]]],[""m4.3"",""q3"",[],null,[],[[""direct"",null,""m4.4"",[]],[""return"",null]]],[""m4.4"",""q4"",[],null,[],[[""check"",""p1""],[""return"",null]]]]],[""c5"",""c0"",[],[[""m5.0"",""q0"",[],null,[],[[""direct"",null,""m5.1"",[]],[""return"",null]]],[""m5.1"",""q1"",[],null,[],[[""direct"",null,""m5.2"",[]],[""return"",null]]],[""m5.2"",""q2"",[],null,[],[[""direct"",null,""m5.3"",[]],[""return"",null]]],[""m5.3"",""q3"",[],null,[],[[""direct"",null,""m5.4"",[]],[""return"",null]]],[""m5.4"",""q4"",[],null,[],[[""check"",""p0""],[""return"",null]]]]],[""c6"",""c0"",[],[[""m6.0"",""q0"",[],null,[],[[""direct"",null,""m6.1"",[]],[""return"",null]]],[""m6.1"",""q1"",[],null,[],[[""direct"",null,""m6.2"",[]],[""return"",null]]],[""m6.2"",""q2"",[],null,[],[[""direct"",null,""m6.3"",[]],[""return"",null]]],[""m6.3"",""q3"",[],null,[],[[""direct"",null,""m6.4"",[]],[""return"",null]]],[""m6.4"",""q4"",[],null,[],[[""check"",""p1""],[""return"",null]]]]]],[[""s0"",""c0"",""c1""]],[[""e0"",""s0"",""q0"",[]]]]"
225,hierarchy,0,0,1,1,False,"[[""p0"",""p1"",""p2""],[[""c0"",null,[],[[""m0.0"",""q0"",[],null,[],[[""return"",null]]]]],[""c1"",""c0"",[],[]],[""c2"",""c1"",[],[[""m2.0"",""q0"",[],null,[],[[""check"",""p0""],[""opaque"",[[""check"",""p2""]]],[""return"",null]]]]],[""c3"",""c1"",[],[[""m3.0"",""q0"",[],null,[],[[""check"",""p1""],[""return"",null]]]]]],[[""s0"",""c0"",""c2""]],[[""e0"",""s0"",""q0"",[]]]]","[[""p0"",""p1"",""p2""],[[""c0"",null,[],[[""m0.0"",""q0"",[],null,[],[[""return"",null]]]]],[""c1"",""c0"",[],[]],[""c2"",""c1"",[],[[""m2.0"",""q0"",[],null,[],[[""check"",""p0""],[""return"",null]]]]],[""c3"",""c1"",[],[[""m3.0"",""q0"",[],null,[],[[""check"",""p1""],[""opaque"",[[""check"",""p2""]]],[""return"",null]]]]]],[[""s0"",""c0"",""c3""]],[[""e0"",""s0"",""q0"",[]]]]"
226,hierarchy,1,0,1,0,True,"[[""p0"",""p1"",""p2""],[[""c0"",null,[],[[""m0.0"",""q0"",[],null,[],[[""return"",null]]]]],[""c1"",""c0"",[],[]],[""c2"",""c1"",[],[[""m2.0"",""q0"",[],null,[],[[""direct"",null,""m2.1"",[]],[""return"",null]]],[""m2.1"",""q1"",[],null,[],[[""check"",""p0""],[""return"",null]]]]],[""c3"",""c1"",[],[[""m3.0"",""q0"",[],null,[],[[""direct"",null,""m3.1"",[]],[""return"",null]]],[""m3.1"",""q1"",[],null,[],[[""check"",""p1""],[""return"",null]]]]]],[[""s0"",""c0"",""c2""]],[[""e0"",""s0"",""q0"",[]]]]","[[""p0"",""p1"",""p2""],[[""c0"",null,[],[[""m0.0"",""q0"",[],null,[],[[""return"",null]]]]],[""c1"",""c0"",[],[]],[""c2"",""c1"",[],[[""m2.0"",""q0"",[],null,[],[[""direct"",null,""m2.1"",[]],[""return"",null]]],[""m2.1"",""q1"",[],null,[],[[""check"",""p0""],[""return"",null]]]]],[""c3"",""c1"",[],[[""m3.0"",""q0"",[],null,[],[[""direct"",null,""m3.1"",[]],[""return"",null]]],[""m3.1"",""q1"",[],null,[],[[""check"",""p1""],[""return"",null]]]]],[""c4"",""c1"",[],[[""m4.0"",""q0"",[],null,[],[[""check"",""p0""],[""return"",null]]]]]],[[""s0"",""c0"",""c2""]],[[""e0"",""s0"",""q0"",[]]]]"
227,hierarchy,2,0,1,0,False,"[[""p0"",""p1"",""p2""],[[""c0"",null,[],[[""m0.0"",""q0"",[],null,[],[[""return"",null]]]]],[""c1"",""c0"",[],[]],[""c2"",""c1"",[],[[""m2.0"",""q0"",[],null,[],[[""direct"",null,""m2.1"",[]],[""return"",null]]],[""m2.1"",""q1"",[],null,[],[[""direct"",null,""m2.2"",[]],[""return"",null]]],[""m2.2"",""q2"",[],null,[],[[""check"",""p0""],[""return"",null]]]]],[""c3"",""c1"",[],[[""m3.0"",""q0"",[],null,[],[[""direct"",null,""m3.1"",[]],[""return"",null]]],[""m3.1"",""q1"",[],null,[],[[""direct"",null,""m3.2"",[]],[""return"",null]]],[""m3.2"",""q2"",[],null,[],[[""check"",""p1""],[""return"",null]]]]]],[[""s0"",""c0"",""c2""]],[[""e0"",""s0"",""q0"",[]]]]","[[""p0"",""p1"",""p2""],[[""c0"",null,[],[[""m0.0"",""q0"",[],null,[],[[""return"",null]]]]],[""c1"",""c0"",[],[]],[""c2"",""c1"",[],[[""m2.0"",""q0"",[],null,[],[[""direct"",null,""m2.1"",[]],[""return"",null]]],[""m2.1"",""q1"",[],null,[],[[""direct"",null,""m2.2"",[]],[""return"",null]]],[""m2.2"",""q2"",[],null,[],[[""check"",""p0""],[""return"",null]]]]],[""c3"",""c1"",[],[[""m3.0"",""q0"",[],null,[],[[""direct"",null,""m3.1"",[]],[""return"",null]]],[""m3.1"",""q1"",[],null,[],[[""direct"",null,""m3.2"",[]],[""return"",null]]],[""m3.2"",""q2"",[],null,[],[[""check"",""p1""],[""return"",null]]]]]],[[""s0"",""c0"",""c3""]],[[""e0"",""s0"",""q0"",[]]]]"
228,hierarchy,3,0,1,0,True,"[[""p0"",""p1"",""p2""],[[""c0"",null,[],[[""m0.0"",""q0"",[],null,[],[[""return"",null]]]]],[""c1"",""c0"",[],[]],[""c2"",""c1"",[],[[""m2.0"",""q0"",[],null,[],[[""direct"",null,""m2.1"",[]],[""return"",null]]],[""m2.1"",""q1"",[],null,[],[[""direct"",null,""m2.2"",[]],[""return"",null]]],[""m2.2"",""q2"",[],null,[],[[""direct"",null,""m2.3"",[]],[""return"",null]]],[""m2.3"",""q3"",[],null,[],[[""check"",""p0""],[""return"",null]]]]],[""c3"",""c1"",[],[[""m3.0"",""q0"",[],null,[],[[""direct"",null,""m3.1"",[]],[""return"",null]]],[""m3.1"",""q1"",[],null,[],[[""direct"",null,""m3.2"",[]],[""return"",null]]],[""m3.2"",""q2"",[],null,[],[[""direct"",null,""m3.3"",[]],[""return"",null]]],[""m3.3"",""q3"",[],null,[],[[""check"",""p1""],[""return"",null]]]]]],[[""s0"",""c0"",""c2""]],[[""e0"",""s0"",""q0"",[]]]]","[[""p0"",""p1"",""p2""],[[""c0"",null,[],[[""m0.0"",""q0"",[],null,[],[[""return"",null]]]]],[""c1"",""c0"",[],[]],[""c2"",""c1"",[],[[""m2.0"",""q0"",[],null,[],[[""direct"",null,""m2.1"",[]],[""return"",null]]],[""m2.1"",""q1"",[],null,[],[[""direct"",null,""m2.2"",[]],[""return"",null]]],[""m2.2"",""q2"",[],null,[],[[""direct"",null,""m2.3"",[]],[""return"",null]]],[""m2.3"",""q3"",[],null,[],[[""check"",""p0""],[""return"",null]]]]],[""c3"",""c1"",[],[[""m3.0"",""q0"",[],null,[],[[""direct"",null,""m3.1"",[]],[""return"",null]]],[""m3.1"",""q1"",[],null,[],[[""direct"",null,""m3.2"",[]],[""return"",null]]],[""m3.2"",""q2"",[],null,[],[[""direct"",null,""m3.3"",[]],[""return"",null]]],[""m3.3"",""q3"",[],null,[],[[""check"",""p1""],[""return"",null]]]]],[""c4"",""c1"",[],[]]],[[""s0"",""c0"",""c2""]],[[""e0"",""s0"",""q0"",[]]]]"
229,hierarchy,4,0,1,0,False,"[[""p0"",""p1"",""p2""],[[""c0"",null,[],[[""m0.0"",""q0"",[],null,[],[[""return"",null]]]]],[""c1"",""c0"",[],[]],[""c2"",""c1"",[],[[""m2.0"",""q0"",[],null,[],[[""direct"",null,""m2.1"",[]],[""return"",null]]],[""m2.1"",""q1"",[],null,[],[[""direct"",null,""m2.2"",[]],[""return"",null]]],[""m2.2"",""q2"",[],null,[],[[""direct"",null,""m2.3"",[]],[""return"",null]]],[""m2.3"",""q3"",[],null,[],[[""direct"",null,""m2.4"",[]],[""return"",null]]],[""m2.4"",""q4"",[],null,[],[[""check"",""p0""],[""return"",null]]]]],[""c3"",""c1"",[],[[""m3.0"",""q0"",[],null,[],[[""direct"",null,""m3.1"",[]],[""return"",null]]],[""m3.1"",""q1"",[],null,[],[[""direct"",null,""m3.2"",[]],[""return"",null]]],[""m3.2"",""q2"",[],null,[],[[""direct"",null,""m3.3"",[]],[""return"",null]]],[""m3.3"",""q3"",[],null,[],[[""direct"",null,""m3.4"",[]],[""return"",null]]],[""m3.4"",""q4"",[],null,[],[[""check"",""p1""],[""return"",null]]]]]],[[""s0"",""c0"",""c2""]],[[""e0"",""s0"",""q0"",[]]]]","[[""p0"",""p1"",""p2""],[[""c0"",null,[],[[""m0.0"",""q0"",[],null,[],[[""return"",null]]]]],[""c1"",""c0"",[],[]],[""c2"",""c1"",[],[[""m2.0"",""q0"",[],null,[],[[""direct"",null,""m2.1"",[]],[""return"",null]]],[""m2.1"",""q1"",[],null,[],[[""direct"",null,""m2.2"",[]],[""return"",null]]],[""m2.2"",""q2"",[],null,[],[[""direct"",null,""m2.3"",[]],[""return"",null]]],[""m2.3"",""q3"",[],null,[],[[""direct"",null,""m2.4"",[]],[""return"",null]]],[""m2.4"",""q4"",[],null,[],[[""check"",""p0""],[""return"",null]]]]],[""c3"",""c1"",[],[[""m3.0"",""q0"",[],null,[],[[""direct"",null,""m3.1"",[]],[""return"",null]]],[""m3.1"",""q1"",[],null,[],[[""direct"",null,""m3.2"",[]],[""return"",null]]],[""m3.2"",""q2"",[],null,[],[[""direct"",null,""m3.3"",[]],[""return"",null]]],[""m3.3"",""q3"",[],null,[],[[""direct"",null,""m3.4"",[]],[""return"",null]]],[""m3.4"",""q4"",[],null,[],[[""check"",""p1""],[""return"",null]]]]]],[[""s0"",""c0"",""c3""]],[[""e0"",""s0"",""q0"",[]]]]"
230,hierarchy,0,1,1,2,True,"[[""p0"",""p1"",""p2""],[[""c0"",null,[],[[""m0.0"",""q0"",[],null,[],[[""return"",null]]]]],[""c1"",""c0"",[],[]],[""c2"",""c1"",[],[[""m2.0"",""q0"",[],null,[],[[""check"",""p0""],[""opaque"",[[""direct"",null,""m2.1"",[]]]],[""return"",null]]],[""m2.1"",""q1"",[],null,[],[[""opaque"",[[""check"",""p2""]]],[""return"",null]]]]],[""c3"",""c1"",[],[[""m3.0"",""q0"",[],null,[],[[""check"",""p1""],[""return"",null]]]]],[""c4"",""c1"",[],[[""m4.0"",""q0"",[],null,[],[[""check"",""p0""],[""return"",null]]]]]],[[""s0"",""c0"",""c2""]],[[""e0"",""s0"",""q0"",[]]]]","[[""p0"",""p1"",""p2""],[[""c0"",null,[],[[""m0.0"",""q0"",[],null,[],[[""return"",null]]]]],[""c1"",""c0"",[],[]],[""c2"",""c1"",[],[[""m2.0"",""q0"",[],null,[],[[""direct"",null,""m2.2"",[]],[""check"",""p0""],[""opaque"",[[""direct"",null,""m2.1"",[]]]],[""return"",null]]],[""m2.1"",""q1"",[],null,[],[[""opaque"",[[""check"",""p2""]]],[""return"",null]]],[""m2.2"",""q2"",[],null,[],[[""return"",null]]]]],[""c3"",""c1"",[],[[""m3.0"",""q0"",[],null,[],[[""check"",""p1""],[""return"",null]]]]],[""c4"",""c1"",[],[[""m4.0"",""q0"",[],null,[],[[""check"",""p0""],[""return"",null]]]]]],[[""s0"",""c0"",""c2""]],[[""e0"",""s0"",""q0"",[]]]]"
231,hierarchy,1,1,1,0,False,"[[""p0"",""p1"",""p2""],[[""c0"",null,[],[[""m0.0"",""q0"",[],null,[],[[""return"",null]]]]],[""c1"",""c0"",[],[]],[""c2"",""c1"",[],[[""m2.0"",""q0"",[],null,[],[[""direct"",null,""m2.1"",[]],[""return"",null]]],[""m2.1"",""q1"",[],null,[],[[""check"",""p0""],[""return"",null]]]]],[""c3"",""c1"",[],[[""m3.0"",""q0"",[],null,[],[[""direct"",null,""m3.1"",[]],[""return"",null]]],[""m3.1"",""q1"",[],null,[],[[""check"",""p1""],[""return"",null]]]]],[""c4"",""c1"",[],[[""m4.0"",""q0"",[],null,[],[[""direct"",null,""m4.1"",[]],[""return"",null]]],[""m4.1"",""q1"",[],null,[],[[""check"",""p0""],[""return"",null]]]]]],[[""s0"",""c0"",""c2""]],[[""e0"",""s0"",""q0"",[]]]]","[[""p0"",""p1"",""p2""],[[""c0"",null,[],[[""m0.0"",""q0"",[],null,[],[[""return"",null]]]]],[""c1"",""c0"",[],[]],[""c2"",""c1"",[],[[""m2.0"",""q0"",[],null,[],[[""direct"",null,""m2.1"",[]],[""return"",null]]],[""m2.1"",""q1"",[],null,[],[[""check"",""p0""],[""return"",null]]]]],[""c3"",""c1"",[],[[""m3.0"",""q0"",[],null,[],[[""direct"",null,""m3.1"",[]],[""return"",null]]],[""m3.1"",""q1"",[],null,[],[[""check"",""p1""],[""return"",null]]]]],[""c4"",""c1"",[],[[""m4.0"",""q0"",[],null,[],[[""direct"",null,""m4.1"",[]],[""return"",null]]],[""m4.1"",""q1"",[],null,[],[[""check"",""p0""],[""return"",null]]]]]],[[""s0"",""c0"",""c3""]],[[""e0"",""s0"",""q0"",[]]]]"
232,hierarchy,2,1,1,0,True,"[[""p0"",""p1"",""p2""],[[""c0"",null,[],[[""m0.0"",""q0"",[],null,[],[[""return"",null]]]]],[""c1"",""c0"",[],[]],[""c2"",""c1"",[],[[""m2.0"",""q0"",[],null,[],[[""direct"",null,""m2.1"",[]],[""return"",null]]],[""m2.1"",""q1"",[],null,[],[[""direct"",null,""m2.2"",[]],[""return"",null]]],[""m2.2"",""q2"",[],null,[],[[""check"",""p0""],[""return"",null]]]]],[""c3"",""c1"",[],[[""m3.0"",""q0"",[],null,[],[[""direct"",null,""m3.1"",[]],[""return"",null]]],[""m3.1"",""q1"",[],null,[],[[""direct"",null,""m3.2"",[]],[""return"",null]]],[""m3.2"",""q2"",[],null,[],[[""check"",""p1""],[""return"",null]]]]],[""c4"",""c1"",[],[[""m4.0"",""q0"",[],null,[],[[""direct"",null,""m4.1"",[]],[""return"",null]]],[""m4.1"",""q1"",[],null,[],[[""direct"",null,""m4.2"",[]],[""return"",null]]],[""m4.2"",""q2"",[],null,[],[[""check"",""p0""],[""return"",null]]]]]],[[""s0"",""c0"",""c2""]],[[""e0"",""s0"",""q0"",[]]]]","[[""p0"",""p1"",""p2""],[[""c0"",null,[],[[""m0.0"",""q0"",[],null,[],[[""return"",null]]]]],[""c1"",""c0"",[],[]],[""c2"",""c1"",[],[[""m2.0"",""q0"",[],null,[],[[""direct"",null,""m2.1"",[]],[""return"",null]]],[""m2.1"",""q1"",[],null,[],[[""direct"",null,""m2.2"",[]],[""return"",null]]],[""m2.2"",""q2"",[],null,[],[[""check"",""p0""],[""return"",null]]]]],[""c3"",""c1"",[],[[""m3.0"",""q0"",[],null,[],[[""direct"",null,""m3.1"",[]],[""return"",null]]],[""m3.1"",""q1"",[],null,[],[[""direct"",null,""m3.2"",[]],[""return"",null]]],[""m3.2"",""q2"",[],null,[],[[""check"",""p1""],[""return"",null]]]]],[""c4"",""c1"",[],[[""m4.0"",""q0"",[],null,[],[[""direct"",null,""m4.1"",[]],[""return"",null]]],[""m4.1"",""q1"",[],null,[],[[""direct"",null,""m4.2"",[]],[""return"",null]]],[""m4.2"",""q2"",[],null,[],[[""check"",""p0""],[""return"",null]]]]],[""c5"",""c1"",[],[[""m5.0"",""q0"",[],null,[],[[""check"",""p0""],[""return"",null]]]]]],[[""s0"",""c0"",""c2""]],[[""e0"",""s0"",""q0"",[]]]]"
233,hierarchy,3,1,1,0,False,"[[""p0"",""p1"",""p2""],[[""c0"",null,[],[[""m0.0"",""q0"",[],null,[],[[""return"",null]]]]],[""c1"",""c0"",[],[]],[""c2"",""c1"",[],[[""m2.0"",""q0"",[],null,[],[[""direct"",null,""m2.1"",[]],[""return"",null]]],[""m2.1"",""q1"",[],null,[],[[""direct"",null,""m2.2"",[]],[""return"",null]]],[""m2.2"",""q2"",[],null,[],[[""direct"",null,""m2.3"",[]],[""return"",null]]],[""m2.3"",""q3"",[],null,[],[[""check"",""p0""],[""return"",null]]]]],[""c3"",""c1"",[],[[""m3.0"",""q0"",[],null,[],[[""direct"",null,""m3.1"",[]],[""return"",null]]],[""m3.1"",""q1"",[],null,[],[[""direct"",null,""m3.2"",[]],[""return"",null]]],[""m3.2"",""q2"",[],null,[],[[""direct"",null,""m3.3"",[]],[""return"",null]]],[""m3.3"",""q3"",[],null,[],[[""check"",""p1""],[""return"",null]]]]],[""c4"",""c1"",[],[[""m4.0"",""q0"",[],null,[],[[""direct"",null,""m4.1"",[]],[""return"",null]]],[""m4.1"",""q1"",[],null,[],[[""direct"",null,""m4.2"",[]],[""return"",null]]],[""m4.2"",""q2"",[],null,[],[[""direct"",null,""m4.3"",[]],[""return"",null]]],[""m4.3"",""q3"",[],null,[],[[""check"",""p0""],[""return"",null]]]]]],[[""s0"",""c0"",""c2""]],[[""e0"",""s0"",""q0"",[]]]]","[[""p0"",""p1"",""p2""],[[""c0"",null,[],[[""m0.0"",""q0"",[],null,[],[[""return"",null]]]]],[""c1"",""c0"",[],[]],[""c2"",""c1"",[],[[""m2.0"",""q0"",[],null,[],[[""direct"",null,""m2.1"",[]],[""return"",null]]],[""m2.1"",""q1"",[],null,[],[[""direct"",null,""m2.2"",[]],[""return"",null]]],[""m2.2"",""q2"",[],null,[],[[""direct"",null,""m2.3"",[]],[""return"",null]]],[""m2.3"",""q3"",[],null,[],[[""check"",""p0""],[""return"",null]]]]],[""c3"",""c1"",[],[[""m3.0"",""q0"",[],null,[],[[""direct"",null,""m3.1"",[]],[""return"",null]]],[""m3.1"",""q1"",[],null,[],[[""direct"",null,""m3.2"",[]],[""return"",null]]],[""m3.2"",""q2"",[],null,[],[[""direct"",null,""m3.3"",[]],[""return"",null]]],[""m3.3"",""q3"",[],null,[],[[""check"",""p1""],[""return"",null]]]]],[""c4"",""c1"",[],[[""m4.0"",""q0"",[],null,[],[[""direct"",null,""m4.1"",[]],[""return"",null]]],[""m4.1"",""q1"",[],null,[],[[""direct"",null,""m4.2"",[]],[""return"",null]]],[""m4.2"",""q2"",[],null,[],[[""direct"",null,""m4.3"",[]],[""return"",null]]],[""m4.3"",""q3"",[],null,[],[[""check"",""p0""],[""return"",null]]]]]],[[""s0"",""c0"",""c3""]],[[""e0"",""s0"",""q0"",[]]]]"
234,hierarchy,4,1,1,0,True,"[[""p0"",""p1"",""p2""],[[""c0"",null,[],[[""m0.0"",""q0"",[],null,[],[[""return"",null]]]]],[""c1"",""c0"",[],[]],[""c2"",""c1"",[],[[""m2.0"",""q0"",[],null,[],[[""direct"",null,""m2.1"",[]],[""return"",null]]],[""m2.1"",""q1"",[],null,[],[[""direct"",null,""m2.2"",[]],[""return"",null]]],[""m2.2"",""q2"",[],null,[],[[""direct"",null,""m2.3"",[]],[""return"",null]]],[""m2.3"",""q3"",[],null,[],[[""direct"",null,""m2.4"",[]],[""return"",null]]],[""m2.4"",""q4"",[],null,[],[[""check"",""p0""],[""return"",null]]]]],[""c3"",""c1"",[],[[""m3.0"",""q0"",[],null,[],[[""direct"",null,""m3.1"",[]],[""return"",null]]],[""m3.1"",""q1"",[],null,[],[[""direct"",null,""m3.2"",[]],[""return"",null]]],[""m3.2"",""q2"",[],null,[],[[""direct"",null,""m3.3"",[]],[""return"",null]]],[""m3.3"",""q3"",[],null,[],[[""direct"",null,""m3.4"",[]],[""return"",null]]],[""m3.4"",""q4"",[],null,[],[[""check"",""p1""],[""return"",null]]]]],[""c4"",""c1"",[],[[""m4.0"",""q0"",[],null,[],[[""direct"",null,""m4.1"",[]],[""return"",null]]],[""m4.1"",""q1"",[],null,[],[[""direct"",null,""m4.2"",[]],[""return"",null]]],[""m4.2"",""q2"",[],null,[],[[""direct"",null,""m4.3"",[]],[""return"",null]]],[""m4.3"",""q3"",[],null,[],[[""direct"",null,""m4.4"",[]],[""return"",null]]],[""m4.4"",""q4"",[],null,[],[[""check"",""p0""],[""return"",null]]]]]],[[""s0"",""c0"",""c2""]],[[""e0"",""s0"",""q0"",[]]]]","[[""p0"",""p1"",""p2""],[[""c0"",null,[],[[""m0.0"",""q0"",[],null,[],[[""return"",null]]]]],[""c1"",""c0"",[],[]],[""c2"",""c1"",[],[[""m2.0"",""q0"",[],null,[],[[""direct"",null,""m2.1"",[]],[""return"",null]]],[""m2.1"",""q1"",[],null,[],[[""direct"",null,""m2.2"",[]],[""return"",null]]],[""m2.2"",""q2"",[],null,[],[[""direct"",null,""m2.3"",[]],[""return"",null]]],[""m2.3"",""q3"",[],null,[],[[""direct"",null,""m2.4"",[]],[""return"",null]]],[""m2.4"",""q4"",[],null,[],[[""check"",""p0""],[""return"",null]]]]],[""c3"",""c1"",[],[[""m3.0"",""q0"",[],null,[],[[""direct"",null,""m3.1"",[]],[""return"",null]]],[""m3.1"",""q1"",[],null,[],[[""direct"",null,""m3.2"",[]],[""return"",null]]],[""m3.2"",""q2"",[],null,[],[[""direct"",null,""m3.3"",[]],[""return"",null]]],[""m3.3"",""q3"",[],null,[],[[""direct"",null,""m3.4"",[]],[""return"",null]]],[""m3.4"",""q4"",[],null,[],[[""check"",""p1""],[""return"",null]]]]],[""c4"",""c1"",[],[[""m4.0"",""q0"",[],null,[],[[""direct"",null,""m4.1"",[]],[""return"",null]]],[""m4.1"",""q1"",[],null,[],[[""direct"",null,""m4.2"",[]],[""return"",null]]],[""m4.2"",""q2"",[],null,[],[[""direct"",null,""m4.3"",[]],[""return"",null]]],[""m4.3"",""q3"",[],null,[],[[""direct"",null,""m4.4"",[]],[""return"",null]]],[""m4.4"",""q4"",[],null,[],[[""check"",""p0""],[""return"",null]]]]],[""c5"",""c1"",[],[]]],[[""s0"",""c0"",""c2""]],[[""e0"",""s0"",""q0"",[]]]]"
235,hierarchy,0,2,1,3,False,"[[""p0"",""p1"",""p2""],[[""c0"",null,[],[[""m0.0"",""q0"",[],null,[],[[""return"",null]]]]],[""c1"",""c0"",[],[]],[""c2"",""c1"",[],[[""m2.0"",""q0"",[],null,[],[[""check"",""p0""],[""opaque"",[[""direct"",null,""m2.1"",[]]]],[""return"",null]]],[""m2.1"",""q1"",[],null,[],[[""opaque"",[[""direct"",null,""m2.2"",[]]]],[""return"",null]]],[""m2.2"",""q2"",[],null,[],[[""opaque"",[[""check"",""p2""]]],[""return"",null]]]]],[""c3"",""c1"",[],[[""m3.0"",""q0"",[],null,[],[[""check"",""p1""],[""return"",null]]]]],[""c4"",""c1"",[],[[""m4.0"",""q0"",[],null,[],[[""check"",""p0""],[""return"",null]]]]],[""c5"",""c1"",[],[[""m5.0"",""q0"",[],null,[],[[""check"",""p1""],[""return"",null]]]]]],[[""s0"",""c0"",""c2""]],[[""e0"",""s0"",""q0"",[]]]]","[[""p0"",""p1"",""p2""],[[""c0"",null,[],[[""m0.0"",""q0"",[],null,[],[[""return"",null]]]]],[""c1"",""c0"",[],[]],[""c2"",""c1"",[],[[""m2.0"",""q0"",[],null,[],[[""check"",""p0""],[""return"",null]]]]],[""c3"",""c1"",[],[[""m3.0"",""q0"",[],null,[],[[""check"",""p1""],[""opaque"",[[""direct"",null,""m3.1"",[]]]],[""return"",null]]],[""m3.1"",""q1"",[],null,[],[[""opaque"",[[""direct"",null,""m3.2"",[]]]],[""return"",null]]],[""m3.2"",""q2"",[],null,[],[[""opaque"",[[""check"",""p2""]]],[""return"",null]]]]],[""c4"",""c1"",[],[[""m4.0"",""q0"",[],null,[],[[""check"",""p0""],[""return"",null]]]]],[""c5"",""c1"",[],[[""m5.0"",""q0"",[],null,[],[[""check"",""p1""],[""return"",null]]]]]],[[""s0"",""c0"",""c3""]],[[""e0"",""s0"",""q0"",[]]]]"
236,hierarchy,1,2,1,0,True,"[[""p0"",""p1"",""p2""],[[""c0"",null,[],[[""m0.0"",""q0"",[],null,[],[[""return"",null]]]]],[""c1"",""c0"",[],[]],[""c2"",""c1"",[],[[""m2.0"",""q0"",[],null,[],[[""direct"",null,""m2.1"",[]],[""return"",null]]],[""m2.1"",""q1"",[],null,[],[[""check"",""p0""],[""return"",null]]]]],[""c3"",""c1"",[],[[""m3.0"",""q0"",[],null,[],[[""direct"",null,""m3.1"",[]],[""return"",null]]],[""m3.1"",""q1"",[],null,[],[[""check"",""p1""],[""return"",null]]]]],[""c4"",""c1"",[],[[""m4.0"",""q0"",[],null,[],[[""direct"",null,""m4.1"",[]],[""return"",null]]],[""m4.1"",""q1"",[],null,[],[[""check"",""p0""],[""return"",null]]]]],[""c5"",""c1"",[],[[""m5.0"",""q0"",[],null,[],[[""direct"",null,""m5.1"",[]],[""return"",null]]],[""m5.1"",""q1"",[],null,[],[[""check"",""p1""],[""return"",null]]]]]],[[""s0"",""c0"",""c2""]],[[""e0"",""s0"",""q0"",[]]]]","[[""p0"",""p1"",""p2""],[[""c0"",null,[],[[""m0.0"",""q0"",[],null,[],[[""return"",null]]]]],[""c1"",""c0"",[],[]],[""c2"",""c1"",[],[[""m2.0"",""q0"",[],null,[],[[""direct"",null,""m2.2"",[]],[""direct"",null,""m2.1"",[]],[""return"",null]]],[""m2.1"",""q1"",[],null,[],[[""check"",""p0""],[""return"",null]]],[""m2.2"",""q2"",[],null,[],[[""return"",null]]]]],[""c3"",""c1"",[],[[""m3.0"",""q0"",[],null,[],[[""direct"",null,""m3.1"",[]],[""return"",null]]],[""m3.1"",""q1"",[],null,[],[[""check"",""p1""],[""return"",null]]]]],[""c4"",""c1"",[],[[""m4.0"",""q0"",[],null,[],[[""direct"",null,""m4.1"",[]],[""return"",null]]],[""m4.1"",""q1"",[],null,[],[[""check"",""p0""],[""return"",null]]]]],[""c5"",""c1"",[],[[""m5.0"",""q0"",[],null,[],[[""direct"",null,""m5.1"",[]],[""return"",null]]],[""m5.1"",""q1"",[],null,[],[[""check"",""p1""],[""return"",null]]]]]],[[""s0"",""c0"",""c2""]],[[""e0"",""s0"",""q0"",[]]]]"
237,hierarchy,2,2,1,0,False,"[[""p0"",""p1"",""p2""],[[""c0"",null,[],[[""m0.0"",""q0"",[],null,[],[[""return"",null]]]]],[""c1"",""c0"",[],[]],[""c2"",""c1"",[],[[""m2.0"",""q0"",[],null,[],[[""direct"",null,""m2.1"",[]],[""return"",null]]],[""m2.1"",""q1"",[],null,[],[[""direct"",null,""m2.2"",[]],[""return"",null]]],[""m2.2"",""q2"",[],null,[],[[""check"",""p0""],[""return"",null]]]]],[""c3"",""c1"",[],[[""m3.0"",""q0"",[],null,[],[[""direct"",null,""m3.1"",[]],[""return"",null]]],[""m3.1"",""q1"",[],null,[],[[""direct"",null,""m3.2"",[]],[""return"",null]]],[""m3.2"",""q2"",[],null,[],[[""check"",""p1""],[""return"",null]]]]],[""c4"",""c1"",[],[[""m4.0"",""q0"",[],null,[],[[""direct"",null,""m4.1"",[]],[""return"",null]]],[""m4.1"",""q1"",[],null,[],[[""direct"",null,""m4.2"",[]],[""return"",null]]],[""m4.2"",""q2"",[],null,[],[[""check"",""p0""],[""return"",null]]]]],[""c5"",""c1"",[],[[""m5.0"",""q0"",[],null,[],[[""direct"",null,""m5.1"",[]],[""return"",null]]],[""m5.1"",""q1"",[],null,[],[[""direct"",null,""m5.2"",[]],[""return"",null]]],[""m5.2"",""q2"",[],null,[],[[""check"",""p1""],[""return"",null]]]]]],[[""s0"",""c0"",""c2""]],[[""e0"",""s0"",""q0"",[]]]]","[[""p0"",""p1"",""p2""],[[""c0"",null,[],[[""m0.0"",""q0"",[],null,[],[[""return"",null]]]]],[""c1"",""c0"",[],[]],[""c2"",""c1"",[],[[""m2.0"",""q0"",[],null,[],[[""direct"",null,""m2.1"",[]],[""return"",null]]],[""m2.1"",""q1"",[],null,[],[[""direct"",null,""m2.2"",[]],[""return"",null]]],[""m2.2"",""q2"",[],null,[],[[""check"",""p0""],[""return"",null]]]]],[""c3"",""c1"",[],[[""m3.0"",""q0"",[],null,[],[[""direct"",null,""m3.1"",[]],[""return"",null]]],[""m3.1"",""q1"",[],null,[],[[""direct"",null,""m3.2"",[]],[""return"",null]]],[""m3.2"",""q2"",[],null,[],[[""check"",""p1""],[""return"",null]]]]],[""c4"",""c1"",[],[[""m4.0"",""q0"",[],null,[],[[""direct"",null,""m4.1"",[]],[""return"",null]]],[""m4.1"",""q1"",[],null,[],[[""direct"",null,""m4.2"",[]],[""return"",null]]],[""m4.2"",""q2"",[],null,[],[[""check"",""p0""],[""return"",null]]]]],[""c5"",""c1"",[],[[""m5.0"",""q0"",[],null,[],[[""direct"",null,""m5.1"",[]],[""return"",null]]],[""m5.1"",""q1"",[],null,[],[[""direct"",null,""m5.2"",[]],[""return"",null]]],[""m5.2"",""q2"",[],null,[],[[""check"",""p1""],[""return"",null]]]]]],[[""s0"",""c0"",""c3""]],[[""e0"",""s0"",""q0"",[]]]]"
238,hierarchy,3,2,1,0,True,"[[""p0"",""p1"",""p2""],[[""c0"",null,[],[[""m0.0"",""q0"",[],null,[],[[""return"",null]]]]],[""c1"",""c0"",[],[]],[""c2"",""c1"",[],[[""m2.0"",""q0"",[],null,[],[[""direct"",null,""m2.1"",[]],[""return"",null]]],[""m2.1"",""q1"",[],null,[],[[""direct"",null,""m2.2"",[]],[""return"",null]]],[""m2.2"",""q2"",[],null,[],[[""direct"",null,""m2.3"",[]],[""return"",null]]],[""m2.3"",""q3"",[],null,[],[[""check"",""p0""],[""return"",null]]]]],[""c3"",""c1"",[],[[""m3.0"",""q0"",[],null,[],[[""direct"",null,""m3.1"",[]],[""return"",null]]],[""m3.1"",""q1"",[],null,[],[[""direct"",null,""m3.2"",[]],[""return"",null]]],[""m3.2"",""q2"",[],null,[],[[""direct"",null,""m3.3"",[]],[""return"",null]]],[""m3.3"",""q3"",[],null,[],[[""check"",""p1""],[""return"",null]]]]],[""c4"",""c1"",[],[[""m4.0"",""q0"",[],null,[],[[""direct"",null,""m4.1"",[]],[""return"",null]]],[""m4.1"",""q1"",[],null,[],[[""direct"",null,""m4.2"",[]],[""return"",null]]],[""m4.2"",""q2"",[],null,[],[[""direct"",null,""m4.3"",[]],[""return"",null]]],[""m4.3"",""q3"",[],null,[],[[""check"",""p0""],[""return"",null]]]]],[""c5"",""c1"",[],[[""m5.0"",""q0"",[],null,[],[[""direct"",null,""m5.1"",[]],[""return"",null]]],[""m5.1"",""q1"",[],null,[],[[""direct"",null,""m5.2"",[]],[""return"",null]]],[""m5.2"",""q2"",[],null,[],[[""direct"",null,""m5.3"",[]],[""return"",null]]],[""m5.3"",""q3"",[],null,[],[[""check"",""p1""],[""return"",null]]]]]],[[""s0"",""c0"",""c2""]],[[""e0"",""s0"",""q0"",[]]]]","[[""p0"",""p1"",""p2""],[[""c0"",null,[],[[""m0.0"",""q0"",[],null,[],[[""return"",null]]]]],[""c1"",""c0"",[],[]],[""c2"",""c1"",[],[[""m2.0"",""q0"",[],null,[],[[""direct"",null,""m2.1"",[]],[""return"",null]]],[""m2.1"",""q1"",[],null,[],[[""direct"",null,""m2.2"",[]],[""return"",null]]],[""m2.2"",""q2"",[],null,[],[[""direct"",null,""m2.3"",[]],[""return"",null]]],[""m2.3"",""q3"",[],null,[],[[""check"",""p0""],[""return"",null]]]]],[""c3"",""c1"",[],[[""m3.0"",""q0"",[],null,[],[[""direct"",null,""m3.1"",[]],[""return"",null]]],[""m3.1"",""q1"",[],null,[],[[""direct"",null,""m3.2"",[]],[""return"",null]]],[""m3.2"",""q2"",[],null,[],[[""direct"",null,""m3.3"",[]],[""return"",null]]],[""m3.3"",""q3"",[],null,[],[[""check"",""p1""],[""return"",null]]]]],[""c4"",""c1"",[],[[""m4.0"",""q0"",[],null,[],[[""direct"",null,""m4.1"",[]],[""return"",null]]],[""m4.1"",""q1"",[],null,[],[[""direct"",null,""m4.2"",[]],[""return"",null]]],[""m4.2"",""q2"",[],null,[],[[""direct"",null,""m4.3"",[]],[""return"",null]]],[""m4.3"",""q3"",[],null,[],[[""check"",""p0""],[""return"",null]]]]],[""c5"",""c1"",[],[[""m5.0"",""q0"",[],null,[],[[""direct"",null,""m5.1"",[]],[""return"",null]]],[""m5.1"",""q1"",[],null,[],[[""direct"",null,""m5.2"",[]],[""return"",null]]],[""m5.2"",""q2"",[],null,[],[[""direct"",null,""m5.3"",[]],[""return"",null]]],[""m5.3"",""q3"",[],null,[],[[""check"",""p1""],[""return"",null]]]]],[""c6"",""c1"",[],[[""m6.0"",""q0"",[],null,[],[[""check"",""p0""],[""return"",null]]]]]],[[""s0"",""c0"",""c2""]],[[""e0"",""s0"",""q0"",[]]]]"
239,hierarchy,4,2,1,0,False,"[[""p0"",""p1"",""p2""],[[""c0"",null,[],[[""m0.0"",""q0"",[],null,[],[[""return"",null]]]]],[""c1"",""c0"",[],[]],[""c2"",""c1"",[],[[""m2.0"",""q0"",[],null,[],[[""direct"",null,""m2.1"",[]],[""return"",null]]],[""m2.1"",""q1"",[],null,[],[[""direct"",null,""m2.2"",[]],[""return"",null]]],[""m2.2"",""q2"",[],null,[],[[""direct"",null,""m2.3"",[]],[""return"",null]]],[""m2.3"",""q3"",[],null,[],[[""direct"",null,""m2.4"",[]],[""return"",null]]],[""m2.4"",""q4"",[],null,[],[[""check"",""p0""],[""return"",null]]]]],[""c3"",""c1"",[],[[""m3.0"",""q0"",[],null,[],[[""direct"",null,""m3.1"",[]],[""return"",null]]],[""m3.1"",""q1"",[],null,[],[[""direct"",null,""m3.2"",[]],[""return"",null]]],[""m3.2"",""q2"",[],null,[],[[""direct"",null,""m3.3"",[]],[""return"",null]]],[""m3.3"",""q3"",[],null,[],[[""direct"",null,""m3.4"",[]],[""return"",null]]],[""m3.4"",""q4"",[],null,[],[[""check"",""p1""],[""return"",null]]]]],[""c4"",""c1"",[],[[""m4.0"",""q0"",[],null,[],[[""direct"",null,""m4.1"",[]],[""return"",null]]],[""m4.1"",""q1"",[],null,[],[[""direct"",null,""m4.2"",[]],[""return"",null]]],[""m4.2"",""q2"",[],null,[],[[""direct"",null,""m4.3"",[]],[""return"",null]]],[""m4.3"",""q3"",[],null,[],[[""direct"",null,""m4.4"",[]],[""return"",null]]],[""m4.4"",""q4"",[],null,[],[[""check"",""p0""],[""return"",null]]]]],[""c5"",""c1"",[],[[""m5.0"",""q0"",[],null,[],[[""direct"",null,""m5.1"",[]],[""return"",null]]],[""m5.1"",""q1"",[],null,[],[[""direct"",null,""m5.2"",[]],[""return"",null]]],[""m5.2"",""q2"",[],null,[],[[""direct"",null,""m5.3"",[]],[""return"",null]]],[""m5.3"",""q3"",[],null,[],[[""direct"",null,""m5.4"",[]],[""return"",null]]],[""m5.4"",""q4"",[],null,[],[[""check"",""p1""],[""return"",null]]]]]],[[""s0"",""c0"",""c2""]],[[""e0"",""s0"",""q0"",[]]]]","[[""p0"",""p1"",""p2""],[[""c0"",null,[],[[""m0.0"",""q0"",[],null,[],[[""return"",null]]]]],[""c1"",""c0"",[],[]],[""c2"",""c1"",[],[[""m2.0"",""q0"",[],null,[],[[""direct"",null,""m2.1"",[]],[""return"",null]]],[""m2.1"",""q1"",[],null,[],[[""direct"",null,""m2.2"",[]],[""return"",null]]],[""m2.2"",""q2"",[],null,[],[[""direct"",null,""m2.3"",[]],[""return"",null]]],[""m2.3"",""q3"",[],null,[],[[""direct"",null,""m2.4"",[]],[""return"",null]]],[""m2.4"",""q4"",[],null,[],[[""check"",""p0""],[""return"",null]]]]],[""c3"",""c1"",[],[[""m3.0"",""q0"",[],null,[],[[""direct"",null,""m3.1"",[]],[""return"",null]]],[""m3.1"",""q1"",[],null,[],[[""direct"",null,""m3.2"",[]],[""return"",null]]],[""m3.2"",""q2"",[],null,[],[[""direct"",null,""m3.3"",[]],[""return"",null]]],[""m3.3"",""q3"",[],null,[],[[""direct"",null,""m3.4"",[]],[""return"",null]]],[""m3.4"",""q4"",[],null,[],[[""check"",""p1""],[""return"",null]]]]],[""c4"",""c1"",[],[[""m4.0"",""q0"",[],null,[],[[""direct"",null,""m4.1"",[]],[""return"",null]]],[""m4.1"",""q1"",[],null,[],[[""direct"",null,""m4.2"",[]],[""return"",null]]],[""m4.2"",""q2"",[],null,[],[[""direct"",null,""m4.3"",[]],[""return"",null]]],[""m4.3"",""q3"",[],null,[],[[""direct"",null,""m4.4"",[]],[""return"",null]]],[""m4.4"",""q4"",[],null,[],[[""check"",""p0""],[""return"",null]]]]],[""c5"",""c1"",[],[[""m5.0"",""q0"",[],null,[],[[""direct"",null,""m5.1"",[]],[""return"",null]]],[""m5.1"",""q1"",[],null,[],[[""direct"",null,""m5.2"",[]],[""return"",null]]],[""m5.2"",""q2"",[],null,[],[[""direct"",null,""m5.3"",[]],[""return"",null]]],[""m5.3"",""q3"",[],null,[],[[""direct"",null,""m5.4"",[]],[""return"",null]]],[""m5.4"",""q4"",[],null,[],[[""check"",""p1""],[""return"",null]]]]]],[[""s0"",""c0"",""c3""]],[[""e0"",""s0"",""q0"",[]]]]"
240,hierarchy,0,3,1,1,True,"[[""p0"",""p1"",""p2""],[[""c0"",null,[],[[""m0.0"",""q0"",[],null,[],[[""return"",null]]]]],[""c1"",""c0"",[],[]],[""c2"",""c1"",[],[[""m2.0"",""q0"",[],null,[],[[""check"",""p0""],[""opaque"",[[""check"",""p2""]]],[""return"",null]]]]],[""c3"",""c1"",[],[[""m3.0"",""q0"",[],null,[],[[""check"",""p1""],[""return"",null]]]]],[""c4"",""c1"",[],[[""m4.0"",""q0"",[],null,[],[[""check"",""p0""],[""return"",null]]]]],[""c5"",""c1"",[],[[""m5.0"",""q0"",[],null,[],[[""check"",""p1""],[""return"",null]]]]],[""c6"",""c1"",[],[[""m6.0"",""q0"",[],null,[],[[""check"",""p0""],[""return"",null]]]]]],[[""s0"",""c0"",""c2""]],[[""e0"",""s0"",""q0"",[]]]]","[[""p0"",""p1"",""p2""],[[""c0"",null,[],[[""m0.0"",""q0"",[],null,[],[[""return"",null]]]]],[""c1"",""c0"",[],[]],[""c2"",""c1"",[],[[""m2.0"",""q0"",[],null,[],[[""check"",""p0""],[""opaque"",[[""check"",""p2""]]],[""return"",null]]]]],[""c3"",""c1"",[],[[""m3.0"",""q0"",[],null,[],[[""check"",""p1""],[""return"",null]]]]],[""c4"",""c1"",[],[[""m4.0"",""q0"",[],null,[],[[""check"",""p0""],[""return"",null]]]]],[""c5"",""c1"",[],[[""m5.0"",""q0"",[],null,[],[[""check"",""p1""],[""return"",null]]]]],[""c6"",""c1"",[],[[""m6.0"",""q0"",[],null,[],[[""check"",""p0""],[""return"",null]]]]],[""c7"",""c1"",[],[]]],[[""s0"",""c0"",""c2""]],[[""e0"",""s0"",""q0"",[]]]]"
241,hierarchy,1,3,1,0,False,"[[""p0"",""p1"",""p2""],[[""c0"",null,[],[[""m0.0"",""q0"",[],null,[],[[""return"",null]]]]],[""c1"",""c0"",[],[]],[""c2"",""c1"",[],[[""m2.0"",""q0"",[],null,[],[[""direct"",null,""m2.1"",[]],[""return"",null]]],[""m2.1"",""q1"",[],null,[],[[""check"",""p0""],[""return"",null]]]]],[""c3"",""c1"",[],[[""m3.0"",""q0"",[],null,[],[[""direct"",null,""m3.1"",[]],[""return"",null]]],[""m3.1"",""q1"",[],null,[],[[""check"",""p1""],[""return"",null]]]]],[""c4"",""c1"",[],[[""m4.0"",""q0"",[],null,[],[[""direct"",null,""m4.1"",[]],[""return"",null]]],[""m4.1"",""q1"",[],null,[],[[""check"",""p0""],[""return"",null]]]]],[""c5"",""c1"",[],[[""m5.0"",""q0"",[],null,[],[[""direct"",null,""m5.1"",[]],[""return"",null]]],[""m5.1"",""q1"",[],null,[],[[""check"",""p1""],[""return"",null]]]]],[""c6"",""c1"",[],[[""m6.0"",""q0"",[],null,[],[[""direct"",null,""m6.1"",[]],[""return"",null]]],[""m6.1"",""q1"",[],null,[],[[""check"",""p0""],[""return"",null]]]]]],[[""s0"",""c0"",""c2""]],[[""e0"",""s0"",""q0"",[]]]]","[[""p0"",""p1"",""p2""],[[""c0"",null,[],[[""m0.0"",""q0"",[],null,[],[[""return"",null]]]]],[""c1"",""c0"",[],[]],[""c2"",""c1"",[],[[""m2.0"",""q0"",[],null,[],[[""direct"",null,""m2.1"",[]],[""return"",null]]],[""m2.1"",""q1"",[],null,[],[[""check"",""p0""],[""return"",null]]]]],[""c3"",""c1"",[],[[""m3.0"",""q0"",[],null,[],[[""direct"",null,""m3.1"",[]],[""return"",null]]],[""m3.1"",""q1"",[],null,[],[[""check"",""p1""],[""return"",null]]]]],[""c4"",""c1"",[],[[""m4.0"",""q0"",[],null,[],[[""direct"",null,""m4.1"",[]],[""return"",null]]],[""m4.1"",""q1"",[],null,[],[[""check"",""p0""],[""return"",null]]]]],[""c5"",""c1"",[],[[""m5.0"",""q0"",[],null,[],[[""direct"",null,""m5.1"",[]],[""return"",null]]],[""m5.1"",""q1"",[],null,[],[[""check"",""p1""],[""return"",null]]]]],[""c6"",""c1"",[],[[""m6.0"",""q0"",[],null,[],[[""direct"",null,""m6.1"",[]],[""return"",null]]],[""m6.1"",""q1"",[],null,[],[[""check"",""p0""],[""return"",null]]]]]],[[""s0"",""c0"",""c3""]],[[""e0"",""s0"",""q0"",[]]]]"
242,hierarchy,2,3,1,0,True,"[[""p0"",""p1"",""p2""],[[""c0"",null,[],[[""m0.0"",""q0"",[],null,[],[[""return"",null]]]]],[""c1"",""c0"",[],[]],[""c2"",""c1"",[],[[""m2.0"",""q0"",[],null,[],[[""direct"",null,""m2.1"",[]],[""return"",null]]],[""m2.1"",""q1"",[],null,[],[[""direct"",null,""m2.2"",[]],[""return"",null]]],[""m2.2"",""q2"",[],null,[],[[""check"",""p0""],[""return"",null]]]]],[""c3"",""c1"",[],[[""m3.0"",""q0"",[],null,[],[[""direct"",null,""m3.1"",[]],[""return"",null]]],[""m3.1"",""q1"",[],null,[],[[""direct"",null,""m3.2"",[]],[""return"",null]]],[""m3.2"",""q2"",[],null,[],[[""check"",""p1""],[""return"",null]]]]],[""c4"",""c1"",[],[[""m4.0"",""q0"",[],null,[],[[""direct"",null,""m4.1"",[]],[""return"",null]]],[""m4.1"",""q1"",[],null,[],[[""direct"",null,""m4.2"",[]],[""return"",null]]],[""m4.2"",""q2"",[],null,[],[[""check"",""p0""],[""return"",null]]]]],[""c5"",""c1"",[],[[""m5.0"",""q0"",[],null,[],[[""direct"",null,""m5.1"",[]],[""return"",null]]],[""m5.1"",""q1"",[],null,[],[[""direct"",null,""m5.2"",[]],[""return"",null]]],[""m5.2"",""q2"",[],null,[],[[""check"",""p1""],[""return"",null]]]]],[""c6"",""c1"",[],[[""m6.0"",""q0"",[],null,[],[[""direct"",null,""m6.1"",[]],[""return"",null]]],[""m6.1"",""q1"",[],null,[],[[""direct"",null,""m6.2"",[]],[""return"",null]]],[""m6.2"",""q2"",[],null,[],[[""check"",""p0""],[""return"",null]]]]]],[[""s0"",""c0"",""c2""]],[[""e0"",""s0"",""q0"",[]]]]","[[""p0"",""p1"",""p2""],[[""c0"",null,[],[[""m0.0"",""q0"",[],null,[],[[""return"",null]]]]],[""c1"",""c0"",[],[]],[""c2"",""c1"",[],[[""m2.0"",""q0"",[],null,[],[[""direct"",null,""m2.3"",[]],[""direct"",null,""m2.1"",[]],[""return"",null]]],[""m2.1"",""q1"",[],null,[],[[""direct"",null,""m2.2"",[]],[""return"",null]]],[""m2.2"",""q2"",[],null,[],[[""check"",""p0""],[""return"",null]]],[""m2.3"",""q3"",[],null,[],[[""return"",null]]]]],[""c3"",""c1"",[],[[""m3.0"",""q0"",[],null,[],[[""direct"",null,""m3.1"",[]],[""return"",null]]],[""m3.1"",""q1"",[],null,[],[[""direct"",null,""m3.2"",[]],[""return"",null]]],[""m3.2"",""q2"",[],null,[],[[""check"",""p1""],[""return"",null]]]]],[""c4"",""c1"",[],[[""m4.0"",""q0"",[],null,[],[[""direct"",null,""m4.1"",[]],[""return"",null]]],[""m4.1"",""q1"",[],null,[],[[""direct"",null,""m4.2"",[]],[""return"",null]]],[""m4.2"",""q2"",[],null,[],[[""check"",""p0""],[""return"",null]]]]],[""c5"",""c1"",[],[[""m5.0"",""q0"",[],null,[],[[""direct"",null,""m5.1"",[]],[""return"",null]]],[""m5.1"",""q1"",[],null,[],[[""direct"",null,""m5.2"",[]],[""return"",null]]],[""m5.2"",""q2"",[],null,[],[[""check"",""p1""],[""return"",null]]]]],[""c6"",""c1"",[],[[""m6.0"",""q0"",[],null,[],[[""direct"",null,""m6.1"",[]],[""return"",null]]],[""m6.1"",""q1"",[],null,[],[[""direct"",null,""m6.2"",[]],[""return"",null]]],[""m6.2"",""q2"",[],null,[],[[""check"",""p0""],[""return"",null]]]]]],[[""s0"",""c0"",""c2""]],[[""e0"",""s0"",""q0"",[]]]]"
243,hierarchy,3,3,1,0,False,"[[""p0"",""p1"",""p2""],[[""c0"",null,[],[[""m0.0"",""q0"",[],null,[],[[""return"",null]]]]],[""c1"",""c0"",[],[]],[""c2"",""c1"",[],[[""m2.0"",""q0"",[],null,[],[[""direct"",null,""m2.1"",[]],[""return"",null]]],[""m2.1"",""q1"",[],null,[],[[""direct"",null,""m2.2"",[]],[""return"",null]]],[""m2.2"",""q2"",[],null,[],[[""direct"",null,""m2.3"",[]],[""return"",null]]],[""m2.3"",""q3"",[],null,[],[[""check"",""p0""],[""return"",null]]]]],[""c3"",""c1"",[],[[""m3.0"",""q0"",[],null,[],[[""direct"",null,""m3.1"",[]],[""return"",null]]],[""m3.1"",""q1"",[],null,[],[[""direct"",null,""m3.2"",[]],[""return"",null]]],[""m3.2"",""q2"",[],null,[],[[""direct"",null,""m3.3"",[]],[""return"",null]]],[""m3.3"",""q3"",[],null,[],[[""check"",""p1""],[""return"",null]]]]],[""c4"",""c1"",[],[[""m4.0"",""q0"",[],null,[],[[""direct"",null,""m4.1"",[]],[""return"",null]]],[""m4.1"",""q1"",[],null,[],[[""direct"",null,""m4.2"",[]],[""return"",null]]],[""m4.2"",""q2"",[],null,[],[[""direct"",null,""m4.3"",[]],[""return"",null]]],[""m4.3"",""q3"",[],null,[],[[""check"",""p0""],[""return"",null]]]]],[""c5"",""c1"",[],[[""m5.0"",""q0"",[],null,[],[[""direct"",null,""m5.1"",[]],[""return"",null]]],[""m5.1"",""q1"",[],null,[],[[""direct"",null,""m5.2"",[]],[""return"",null]]],[""m5.2"",""q2"",[],null,[],[[""direct"",null,""m5.3"",[]],[""return"",null]]],[""m5.3"",""q3"",[],null,[],[[""check"",""p1""],[""return"",null]]]]],[""c6"",""c1"",[],[[""m6.0"",""q0"",[],null,[],[[""direct"",null,""m6.1"",[]],[""return"",null]]],[""m6.1"",""q1"",[],null,[],[[""direct"",null,""m6.2"",[]],[""return"",null]]],[""m6.2"",""q2"",[],null,[],[[""direct"",null,""m6.3"",[]],[""return"",null]]],[""m6.3"",""q3"",[],null,[],[[""check"",""p0""],[""return"",null]]]]]],[[""s0"",""c0"",""c2""]],[[""e0"",""s0"",""q0"",[]]]]","[[""p0"",""p1"",""p2""],[[""c0"",null,[],[[""m0.0"",""q0"",[],null,[],[[""return"",null]]]]],[""c1"",""c0"",[],[]],[""c2"",""c1"",[],[[""m2.0"",""q0"",[],null,[],[[""direct"",null,""m2.1"",[]],[""return"",null]]],[""m2.1"",""q1"",[],null,[],[[""direct"",null,""m2.2"",[]],[""return"",null]]],[""m2.2"",""q2"",[],null,[],[[""direct"",null,""m2.3"",[]],[""return"",null]]],[""m2.3"",""q3"",[],null,[],[[""check"",""p0""],[""return"",null]]]]],[""c3"",""c1"",[],[[""m3.0"",""q0"",[],null,[],[[""direct"",null,""m3.1"",[]],[""return"",null]]],[""m3.1"",""q1"",[],null,[],[[""direct"",null,""m3.2"",[]],[""return"",null]]],[""m3.2"",""q2"",[],null,[],[[""direct"",null,""m3.3"",[]],[""return"",null]]],[""m3.3"",""q3"",[],null,[],[[""check"",""p1""],[""return"",null]]]]],[""c4"",""c1"",[],[[""m4.0"",""q0"",[],null,[],[[""direct"",null,""m4.1"",[]],[""return"",null]]],[""m4.1"",""q1"",[],null,[],[[""direct"",null,""m4.2"",[]],[""return"",null]]],[""m4.2"",""q2"",[],null,[],[[""direct"",null,""m4.3"",[]],[""return"",null]]],[""m4.3"",""q3"",[],null,[],[[""check"",""p0""],[""return"",null]]]]],[""c5"",""c1"",[],[[""m5.0"",""q0"",[],null,[],[[""direct"",null,""m5.1"",[]],[""return"",null]]],[""m5.1"",""q1"",[],null,[],[[""direct"",null,""m5.2"",[]],[""return"",null]]],[""m5.2"",""q2"",[],null,[],[[""direct"",null,""m5.3"",[]],[""return"",null]]],[""m5.3"",""q3"",[],null,[],[[""check"",""p1""],[""return"",null]]]]],[""c6"",""c1"",[],[[""m6.0"",""q0"",[],null,[],[[""direct"",null,""m6.1"",[]],[""return"",null]]],[""m6.1"",""q1"",[],null,[],[[""direct"",null,""m6.2"",[]],[""return"",null]]],[""m6.2"",""q2"",[],null,[],[[""direct"",null,""m6.3"",[]],[""return"",null]]],[""m6.3"",""q3"",[],null,[],[[""check"",""p0""],[""return"",null]]]]]],[[""s0"",""c0"",""c3""]],[[""e0"",""s0"",""q0"",[]]]]"
244,hierarchy,4,3,1,0,True,"[[""p0"",""p1"",""p2""],[[""c0"",null,[],[[""m0.0"",""q0"",[],null,[],[[""return"",null]]]]],[""c1"",""c0"",[],[]],[""c2"",""c1"",[],[[""m2.0"",""q0"",[],null,[],[[""direct"",null,""m2.1"",[]],[""return"",null]]],[""m2.1"",""q1"",[],null,[],[[""direct"",null,""m2.2"",[]],[""return"",null]]],[""m2.2"",""q2"",[],null,[],[[""direct"",null,""m2.3"",[]],[""return"",null]]],[""m2.3"",""q3"",[],null,[],[[""direct"",null,""m2.4"",[]],[""return"",null]]],[""m2.4"",""q4"",[],null,[],[[""check"",""p0""],[""return"",null]]]]],[""c3"",""c1"",[],[[""m3.0"",""q0"",[],null,[],[[""direct"",null,""m3.1"",[]],[""return"",null]]],[""m3.1"",""q1"",[],null,[],[[""direct"",null,""m3.2"",[]],[""return"",null]]],[""m3.2"",""q2"",[],null,[],[[""direct"",null,""m3.3"",[]],[""return"",null]]],[""m3.3"",""q3"",[],null,[],[[""direct"",null,""m3.4"",[]],[""return"",null]]],[""m3.4"",""q4"",[],null,[],[[""check"",""p1""],[""return"",null]]]]],[""c4"",""c1"",[],[[""m4.0"",""q0"",[],null,[],[[""direct"",null,""m4.1"",[]],[""return"",null]]],[""m4.1"",""q1"",[],null,[],[[""direct"",null,""m4.2"",[]],[""return"",null]]],[""m4.2"",""q2"",[],null,[],[[""direct"",null,""m4.3"",[]],[""return"",null]]],[""m4.3"",""q3"",[],null,[],[[""direct"",null,""m4.4"",[]],[""return"",null]]],[""m4.4"",""q4"",[],null,[],[[""check"",""p0""],[""return"",null]]]]],[""c5"",""c1"",[],[[""m5.0"",""q0"",[],null,[],[[""direct"",null,""m5.1"",[]],[""return"",null]]],[""m5.1"",""q1"",[],null,[],[[""direct"",null,""m5.2"",[]],[""return"",null]]],[""m5.2"",""q2"",[],null,[],[[""direct"",null,""m5.3"",[]],[""return"",null]]],[""m5.3"",""q3"",[],null,[],[[""direct"",null,""m5.4"",[]],[""return"",null]]],[""m5.4"",""q4"",[],null,[],[[""check"",""p1""],[""return"",null]]]]],[""c6"",""c1"",[],[[""m6.0"",""q0"",[],null,[],[[""direct"",null,""m6.1"",[]],[""return"",null]]],[""m6.1"",""q1"",[],null,[],[[""direct"",null,""m6.2"",[]],[""return"",null]]],[""m6.2"",""q2"",[],null,[],[[""direct"",null,""m6.3"",[]],[""return"",null]]],[""m6.3"",""q3"",[],null,[],[[""direct"",null,""m6.4"",[]],[""return"",null]]],[""m6.4"",""q4"",[],null,[],[[""check"",""p0""],[""return"",null]]]]]],[[""s0"",""c0"",""c2""]],[[""e0"",""s0"",""q0"",[]]]]","[[""p0"",""p1"",""p2""],[[""c0"",null,[],[[""m0.0"",""q0"",[],null,[],[[""return"",null]]]]],[""c1"",""c0"",[],[]],[""c2"",""c1"",[],[[""m2.0"",""q0"",[],null,[],[[""direct"",null,""m2.1"",[]],[""return"",null]]],[""m2.1"",""q1"",[],null,[],[[""direct"",null,""m2.2"",[]],[""return"",null]]],[""m2.2"",""q2"",[],null,[],[[""direct"",null,""m2.3"",[]],[""return"",null]]],[""m2.3"",""q3"",[],null,[],[[""direct"",null,""m2.4"",[]],[""return"",null]]],[""m2.4"",""q4"",[],null,[],[[""check"",""p0""],[""return"",null]]]]],[""c3"",""c1"",[],[[""m3.0"",""q0"",[],null,[],[[""direct"",null,""m3.1"",[]],[""return"",null]]],[""m3.1"",""q1"",[],null,[],[[""direct"",null,""m3.2"",[]],[""return"",null]]],[""m3.2"",""q2"",[],null,[],[[""direct"",null,""m3.3"",[]],[""return"",null]]],[""m3.3"",""q3"",[],null,[],[[""direct"",null,""m3.4"",[]],[""return"",null]]],[""m3.4"",""q4"",[],null,[],[[""check"",""p1""],[""return"",null]]]]],[""c4"",""c1"",[],[[""m4.0"",""q0"",[],null,[],[[""direct"",null,""m4.1"",[]],[""return"",null]]],[""m4.1"",""q1"",[],null,[],[[""direct"",null,""m4.2"",[]],[""return"",null]]],[""m4.2"",""q2"",[],null,[],[[""direct"",null,""m4.3"",[]],[""return"",null]]],[""m4.3"",""q3"",[],null,[],[[""direct"",null,""m4.4"",[]],[""return"",null]]],[""m4.4"",""q4"",[],null,[],[[""check"",""p0""],[""return"",null]]]]],[""c5"",""c1"",[],[[""m5.0"",""q0"",[],null,[],[[""direct"",null,""m5.1"",[]],[""return"",null]]],[""m5.1"",""q1"",[],null,[],[[""direct"",null,""m5.2"",[]],[""return"",null]]],[""m5.2"",""q2"",[],null,[],[[""direct"",null,""m5.3"",[]],[""return"",null]]],[""m5.3"",""q3"",[],null,[],[[""direct"",null,""m5.4"",[]],[""return"",null]]],[""m5.4"",""q4"",[],null,[],[[""check"",""p1""],[""return"",null]]]]],[""c6"",""c1"",[],[[""m6.0"",""q0"",[],null,[],[[""direct"",null,""m6.1"",[]],[""return"",null]]],[""m6.1"",""q1"",[],null,[],[[""direct"",null,""m6.2"",[]],[""return"",null]]],[""m6.2"",""q2"",[],null,[],[[""direct"",null,""m6.3"",[]],[""return"",null]]],[""m6.3"",""q3"",[],null,[],[[""direct"",null,""m6.4"",[]],[""return"",null]]],[""m6.4"",""q4"",[],null,[],[[""check"",""p0""],[""return"",null]]]]],[""c7"",""c1"",[],[[""m7.0"",""q0"",[],null,[],[[""check"",""p0""],[""return"",null]]]]]],[[""s0"",""c0"",""c2""]],[[""e0"",""s0"",""q0"",[]]]]"
245,hierarchy,0,4,1,2,False,"[[""p0"",""p1"",""p2""],[[""c0"",null,[],[[""m0.0"",""q0"",[],null,[],[[""return"",null]]]]],[""c1"",""c0"",[],[]],[""c2"",""c1"",[],[[""m2.0"",""q0"",[],null,[],[[""check"",""p0""],[""opaque"",[[""direct"",null,""m2.1"",[]]]],[""return"",null]]],[""m2.1"",""q1"",[],null,[],[[""opaque"",[[""check"",""p2""]]],[""return"",null]]]]],[""c3"",""c1"",[],[[""m3.0"",""q0"",[],null,[],[[""check"",""p1""],[""return"",null]]]]],[""c4"",""c1"",[],[[""m4.0"",""q0"",[],null,[],[[""check"",""p0""],[""return"",null]]]]],[""c5"",""c1"",[],[[""m5.0"",""q0"",[],null,[],[[""check"",""p1""],[""return"",null]]]]],[""c6"",""c1"",[],[[""m6.0"",""q0"",[],null,[],[[""check"",""p0""],[""return"",null]]]]],[""c7"",""c1"",[],[[""m7.0"",""q0"",[],null,[],[[""check"",""p1""],[""return"",null]]]]]],[[""s0"",""c0"",""c2""]],[[""e0"",""s0"",""q0"",[]]]]","[[""p0"",""p1"",""p2""],[[""c0"",null,[],[[""m0.0"",""q0"",[],null,[],[[""return"",null]]]]],[""c1"",""c0"",[],[]],[""c2"",""c1"",[],[[""m2.0"",""q0"",[],null,[],[[""check"",""p0""],[""return"",null]]]]],[""c3"",""c1"",[],[[""m3.0"",""q0"",[],null,[],[[""check"",""p1""],[""opaque"",[[""direct"",null,""m3.1"",[]]]],[""return"",null]]],[""m3.1"",""q1"",[],null,[],[[""opaque"",[[""check"",""p2""]]],[""return"",null]]]]],[""c4"",""c1"",[],[[""m4.0"",""q0"",[],null,[],[[""check"",""p0""],[""return"",null]]]]],[""c5"",""c1"",[],[[""m5.0"",""q0"",[],null,[],[[""check"",""p1""],[""return"",null]]]]],[""c6"",""c1"",[],[[""m6.0"",""q0"",[],null,[],[[""check"",""p0""],[""return"",null]]]]],[""c7"",""c1"",[],[[""m7.0"",""q0"",[],null,[],[[""check"",""p1""],[""return"",null]]]]]],[[""s0"",""c0"",""c3""]],[[""e0"",""s0"",""q0"",[]]]]"
246,hierarchy,1,4,1,0,True,"[[""p0"",""p1"",""p2""],[[""c0"",null,[],[[""m0.0"",""q0"",[],null,[],[[""return"",null]]]]],[""c1"",""c0"",[],[]],[""c2"",""c1"",[],[[""m2.0"",""q0"",[],null,[],[[""direct"",null,""m2.1"",[]],[""return"",null]]],[""m2.1"",""q1"",[],null,[],[[""check"",""p0""],[""return"",null]]]]],[""c3"",""c1"",[],[[""m3.0"",""q0"",[],null,[],[[""direct"",null,""m3.1"",[]],[""return"",null]]],[""m3.1"",""q1"",[],null,[],[[""check"",""p1""],[""return"",null]]]]],[""c4"",""c1"",[],[[""m4.0"",""q0"",[],null,[],[[""direct"",null,""m4.1"",[]],[""return"",null]]],[""m4.1"",""q1"",[],null,[],[[""check"",""p0""],[""return"",null]]]]],[""c5"",""c1"",[],[[""m5.0"",""q0"",[],null,[],[[""direct"",null,""m5.1"",[]],[""return"",null]]],[""m5.1"",""q1"",[],null,[],[[""check"",""p1""],[""return"",null]]]]],[""c6"",""c1"",[],[[""m6.0"",""q0"",[],null,[],[[""direct"",null,""m6.1"",[]],[""return"",null]]],[""m6.1"",""q1"",[],null,[],[[""check"",""p0""],[""return"",null]]]]],[""c7"",""c1"",[],[[""m7.0"",""q0"",[],null,[],[[""direct"",null,""m7.1"",[]],[""return"",null]]],[""m7.1"",""q1"",[],null,[],[[""check"",""p1""],[""return"",null]]]]]],[[""s0"",""c0"",""c2""]],[[""e0"",""s0"",""q0"",[]]]]","[[""p0"",""p1"",""p2""],[[""c0"",null,[],[[""m0.0"",""q0"",[],null,[],[[""return"",null]]]]],[""c1"",""c0"",[],[]],[""c2"",""c1"",[],[[""m2.0"",""q0"",[],null,[],[[""direct"",null,""m2.1"",[]],[""return"",null]]],[""m2.1"",""q1"",[],null,[],[[""check"",""p0""],[""return"",null]]]]],[""c3"",""c1"",[],[[""m3.0"",""q0"",[],null,[],[[""direct"",null,""m3.1"",[]],[""return"",null]]],[""m3.1"",""q1"",[],null,[],[[""check"",""p1""],[""return"",null]]]]],[""c4"",""c1"",[],[[""m4.0"",""q0"",[],null,[],[[""direct"",null,""m4.1"",[]],[""return"",null]]],[""m4.1"",""q1"",[],null,[],[[""check"",""p0""],[""return"",null]]]]],[""c5"",""c1"",[],[[""m5.0"",""q0"",[],null,[],[[""direct"",null,""m5.1"",[]],[""return"",null]]],[""m5.1"",""q1"",[],null,[],[[""check"",""p1""],[""return"",null]]]]],[""c6"",""c1"",[],[[""m6.0"",""q0"",[],null,[],[[""direct"",null,""m6.1"",[]],[""return"",null]]],[""m6.1"",""q1"",[],null,[],[[""check"",""p0""],[""return"",null]]]]],[""c7"",""c1"",[],[[""m7.0"",""q0"",[],null,[],[[""direct"",null,""m7.1"",[]],[""return"",null]]],[""m7.1"",""q1"",[],null,[],[[""check"",""p1""],[""return"",null]]]]],[""c8"",""c1"",[],[]]],[[""s0"",""c0"",""c2""]],[[""e0"",""s0"",""q0"",[]]]]"
247,hierarchy,2,4,1,0,False,"[[""p0"",""p1"",""p2""],[[""c0"",null,[],[[""m0.0"",""q0"",[],null,[],[[""return"",null]]]]],[""c1"",""c0"",[],[]],[""c2"",""c1"",[],[[""m2.0"",""q0"",[],null,[],[[""direct"",null,""m2.1"",[]],[""return"",null]]],[""m2.1"",""q1"",[],null,[],[[""direct"",null,""m2.2"",[]],[""return"",null]]],[""m2.2"",""q2"",[],null,[],[[""check"",""p0""],[""return"",null]]]]],[""c3"",""c1"",[],[[""m3.0"",""q0"",[],null,[],[[""direct"",null,""m3.1"",[]],[""return"",null]]],[""m3.1"",""q1"",[],null,[],[[""direct"",null,""m3.2"",[]],[""return"",null]]],[""m3.2"",""q2"",[],null,[],[[""check"",""p1""],[""return"",null]]]]],[""c4"",""c1"",[],[[""m4.0"",""q0"",[],null,[],[[""direct"",null,""m4.1"",[]],[""return"",null]]],[""m4.1"",""q1"",[],null,[],[[""direct"",null,""m4.2"",[]],[""return"",null]]],[""m4.2"",""q2"",[],null,[],[[""check"",""p0""],[""return"",null]]]]],[""c5"",""c1"",[],[[""m5.0"",""q0"",[],null,[],[[""direct"",null,""m5.1"",[]],[""return"",null]]],[""m5.1"",""q1"",[],null,[],[[""direct"",null,""m5.2"",[]],[""return"",null]]],[""m5.2"",""q2"",[],null,[],[[""check"",""p1""],[""return"",null]]]]],[""c6"",""c1"",[],[[""m6.0"",""q0"",[],null,[],[[""direct"",null,""m6.1"",[]],[""return"",null]]],[""m6.1"",""q1"",[],null,[],[[""direct"",null,""m6.2"",[]],[""return"",null]]],[""m6.2"",""q2"",[],null,[],[[""check"",""p0""],[""return"",null]]]]],[""c7"",""c1"",[],[[""m7.0"",""q0"",[],null,[],[[""direct"",null,""m7.1"",[]],[""return"",null]]],[""m7.1"",""q1"",[],null,[],[[""direct"",null,""m7.2"",[]],[""return"",null]]],[""m7.2"",""q2"",[],null,[],[[""check"",""p1""],[""return"",null]]]]]],[[""s0"",""c0"",""c2""]],[[""e0"",""s0"",""q0"",[]]]]","[[""p0"",""p1"",""p2""],[[""c0"",null,[],[[""m0.0"",""q0"",[],null,[],[[""return"",null]]]]],[""c1"",""c0"",[],[]],[""c2"",""c1"",[],[[""m2.0"",""q0"",[],null,[],[[""direct"",null,""m2.1"",[]],[""return"",null]]],[""m2.1"",""q1"",[],null,[],[[""direct"",null,""m2.2"",[]],[""return"",null]]],[""m2.2"",""q2"",[],null,[],[[""check"",""p0""],[""return"",null]]]]],[""c3"",""c1"",[],[[""m3.0"",""q0"",[],null,[],[[""direct"",null,""m3.1"",[]],[""return"",null]]],[""m3.1"",""q1"",[],null,[],[[""direct"",null,""m3.2"",[]],[""return"",null]]],[""m3.2"",""q2"",[],null,[],[[""check"",""p1""],[""return"",null]]]]],[""c4"",""c1"",[],[[""m4.0"",""q0"",[],null,[],[[""direct"",null,""m4.1"",[]],[""return"",null]]],[""m4.1"",""q1"",[],null,[],[[""direct"",null,""m4.2"",[]],[""return"",null]]],[""m4.2"",""q2"",[],null,[],[[""check"",""p0""],[""return"",null]]]]],[""c5"",""c1"",[],[[""m5.0"",""q0"",[],null,[],[[""direct"",null,""m5.1"",[]],[""return"",null]]],[""m5.1"",""q1"",[],null,[],[[""direct"",null,""m5.2"",[]],[""return"",null]]],[""m5.2"",""q2"",[],null,[],[[""check"",""p1""],[""return"",null]]]]],[""c6"",""c1"",[],[[""m6.0"",""q0"",[],null,[],[[""direct"",null,""m6.1"",[]],[""return"",null]]],[""m6.1"",""q1"",[],null,[],[[""direct"",null,""m6.2"",[]],[""return"",null]]],[""m6.2"",""q2"",[],null,[],[[""check"",""p0""],[""return"",null]]]]],[""c7"",""c1"",[],[[""m7.0"",""q0"",[],null,[],[[""direct"",null,""m7.1"",[]],[""return"",null]]],[""m7.1"",""q1"",[],null,[],[[""direct"",null,""m7.2"",[]],[""return"",null]]],[""m7.2"",""q2"",[],null,[],[[""check"",""p1""],[""return"",null]]]]]],[[""s0"",""c0"",""c3""]],[[""e0"",""s0"",""q0"",[]]]]"
248,hierarchy,3,4,1,0,True,"[[""p0"",""p1"",""p2""],[[""c0"",null,[],[[""m0.0"",""q0"",[],null,[],[[""return"",null]]]]],[""c1"",""c0"",[],[]],[""c2"",""c1"",[],[[""m2.0"",""q0"",[],null,[],[[""direct"",null,""m2.1"",[]],[""return"",null]]],[""m2.1"",""q1"",[],null,[],[[""direct"",null,""m2.2"",[]],[""return"",null]]],[""m2.2"",""q2"",[],null,[],[[""direct"",null,""m2.3"",[]],[""return"",null]]],[""m2.3"",""q3"",[],null,[],[[""check"",""p0""],[""return"",null]]]]],[""c3"",""c1"",[],[[""m3.0"",""q0"",[],null,[],[[""direct"",null,""m3.1"",[]],[""return"",null]]],[""m3.1"",""q1"",[],null,[],[[""direct"",null,""m3.2"",[]],[""return"",null]]],[""m3.2"",""q2"",[],null,[],[[""direct"",null,""m3.3"",[]],[""return"",null]]],[""m3.3"",""q3"",[],null,[],[[""check"",""p1""],[""return"",null]]]]],[""c4"",""c1"",[],[[""m4.0"",""q0"",[],null,[],[[""direct"",null,""m4.1"",[]],[""return"",null]]],[""m4.1"",""q1"",[],null,[],[[""direct"",null,""m4.2"",[]],[""return"",null]]],[""m4.2"",""q2"",[],null,[],[[""direct"",null,""m4.3"",[]],[""return"",null]]],[""m4.3"",""q3"",[],null,[],[[""check"",""p0""],[""return"",null]]]]],[""c5"",""c1"",[],[[""m5.0"",""q0"",[],null,[],[[""direct"",null,""m5.1"",[]],[""return"",null]]],[""m5.1"",""q1"",[],null,[],[[""direct"",null,""m5.2"",[]],[""return"",null]]],[""m5.2"",""q2"",[],null,[],[[""direct"",null,""m5.3"",[]],[""return"",null]]],[""m5.3"",""q3"",[],null,[],[[""check"",""p1""],[""return"",null]]]]],[""c6"",""c1"",[],[[""m6.0"",""q0"",[],null,[],[[""direct"",null,""m6.1"",[]],[""return"",null]]],[""m6.1"",""q1"",[],null,[],[[""direct"",null,""m6.2"",[]],[""return"",null]]],[""m6.2"",""q2"",[],null,[],[[""direct"",null,""m6.3"",[]],[""return"",null]]],[""m6.3"",""q3"",[],null,[],[[""check"",""p0""],[""return"",null]]]]],[""c7"",""c1"",[],[[""m7.0"",""q0"",[],null,[],[[""direct"",null,""m7.1"",[]],[""return"",null]]],[""m7.1"",""q1"",[],null,[],[[""direct"",null,""m7.2"",[]],[""return"",null]]],[""m7.2"",""q2"",[],null,[],[[""direct"",null,""m7.3"",[]],[""return"",null]]],[""m7.3"",""q3"",[],null,[],[[""check"",""p1""],[""return"",null]]]]]],[[""s0"",""c0"",""c2""]],[[""e0"",""s0"",""q0"",[]]]]","[[""p0"",""p1"",""p2""],[[""c0"",null,[],[[""m0.0"",""q0"",[],null,[],[[""return"",null]]]]],[""c1"",""c0"",[],[]],[""c2"",""c1"",[],[[""m2.0"",""q0"",[],null,[],[[""direct"",null,""m2.4"",[]],[""direct"",null,""m2.1"",[]],[""return"",null]]],[""m2.1"",""q1"",[],null,[],[[""direct"",null,""m2.2"",[]],[""return"",null]]],[""m2.2"",""q2"",[],null,[],[[""direct"",null,""m2.3"",[]],[""return"",null]]],[""m2.3"",""q3"",[],null,[],[[""check"",""p0""],[""return"",null]]],[""m2.4"",""q4"",[],null,[],[[""return"",null]]]]],[""c3"",""c1"",[],[[""m3.0"",""q0"",[],null,[],[[""direct"",null,""m3.1"",[]],[""return"",null]]],[""m3.1"",""q1"",[],null,[],[[""direct"",null,""m3.2"",[]],[""return"",null]]],[""m3.2"",""q2"",[],null,[],[[""direct"",null,""m3.3"",[]],[""return"",null]]],[""m3.3"",""q3"",[],null,[],[[""check"",""p1""],[""return"",null]]]]],[""c4"",""c1"",[],[[""m4.0"",""q0"",[],null,[],[[""direct"",null,""m4.1"",[]],[""return"",null]]],[""m4.1"",""q1"",[],null,[],[[""direct"",null,""m4.2"",[]],[""return"",null]]],[""m4.2"",""q2"",[],null,[],[[""direct"",null,""m4.3"",[]],[""return"",null]]],[""m4.3"",""q3"",[],null,[],[[""check"",""p0""],[""return"",null]]]]],[""c5"",""c1"",[],[[""m5.0"",""q0"",[],null,[],[[""direct"",null,""m5.1"",[]],[""return"",null]]],[""m5.1"",""q1"",[],null,[],[[""direct"",null,""m5.2"",[]],[""return"",null]]],[""m5.2"",""q2"",[],null,[],[[""direct"",null,""m5.3"",[]],[""return"",null]]],[""m5.3"",""q3"",[],null,[],[[""check"",""p1""],[""return"",null]]]]],[""c6"",""c1"",[],[[""m6.0"",""q0"",[],null,[],[[""direct"",null,""m6.1"",[]],[""return"",null]]],[""m6.1"",""q1"",[],null,[],[[""direct"",null,""m6.2"",[]],[""return"",null]]],[""m6.2"",""q2"",[],null,[],[[""direct"",null,""m6.3"",[]],[""return"",null]]],[""m6.3"",""q3"",[],null,[],[[""check"",""p0""],[""return"",null]]]]],[""c7"",""c1"",[],[[""m7.0"",""q0"",[],null,[],[[""direct"",null,""m7.1"",[]],[""return"",null]]],[""m7.1"",""q1"",[],null,[],[[""direct"",null,""m7.2"",[]],[""return"",null]]],[""m7.2"",""q2"",[],null,[],[[""direct"",null,""m7.3"",[]],[""return"",null]]],[""m7.3"",""q3"",[],null,[],[[""check"",""p1""],[""return"",null]]]]]],[[""s0"",""c0"",""c2""]],[[""e0"",""s0"",""q0"",[]]]]"
249,hierarchy,4,4,1,0,False,"[[""p0"",""p1"",""p2""],[[""c0"",null,[],[[""m0.0"",""q0"",[],null,[],[[""return"",null]]]]],[""c1"",""c0"",[],[]],[""c2"",""c1"",[],[[""m2.0"",""q0"",[],null,[],[[""direct"",null,""m2.1"",[]],[""return"",null]]],[""m2.1"",""q1"",[],null,[],[[""direct"",null,""m2.2"",[]],[""return"",null]]],[""m2.2"",""q2"",[],null,[],[[""direct"",null,""m2.3"",[]],[""return"",null]]],[""m2.3"",""q3"",[],null,[],[[""direct"",null,""m2.4"",[]],[""return"",null]]],[""m2.4"",""q4"",[],null,[],[[""check"",""p0""],[""return"",null]]]]],[""c3"",""c1"",[],[[""m3.0"",""q0"",[],null,[],[[""direct"",null,""m3.1"",[]],[""return"",null]]],[""m3.1"",""q1"",[],null,[],[[""direct"",null,""m3.2"",[]],[""return"",null]]],[""m3.2"",""q2"",[],null,[],[[""direct"",null,""m3.3"",[]],[""return"",null]]],[""m3.3"",""q3"",[],null,[],[[""direct"",null,""m3.4"",[]],[""return"",null]]],[""m3.4"",""q4"",[],null,[],[[""check"",""p1""],[""return"",null]]]]],[""c4"",""c1"",[],[[""m4.0"",""q0"",[],null,[],[[""direct"",null,""m4.1"",[]],[""return"",null]]],[""m4.1"",""q1"",[],null,[],[[""direct"",null,""m4.2"",[]],[""return"",null]]],[""m4.2"",""q2"",[],null,[],[[""direct"",null,""m4.3"",[]],[""return"",null]]],[""m4.3"",""q3"",[],null,[],[[""direct"",null,""m4.4"",[]],[""return"",null]]],[""m4.4"",""q4"",[],null,[],[[""check"",""p0""],[""return"",null]]]]],[""c5"",""c1"",[],[[""m5.0"",""q0"",[],null,[],[[""direct"",null,""m5.1"",[]],[""return"",null]]],[""m5.1"",""q1"",[],null,[],[[""direct"",null,""m5.2"",[]],[""return"",null]]],[""m5.2"",""q2"",[],null,[],[[""direct"",null,""m5.3"",[]],[""return"",null]]],[""m5.3"",""q3"",[],null,[],[[""direct"",null,""m5.4"",[]],[""return"",null]]],[""m5.4"",""q4"",[],null,[],[[""check"",""p1""],[""return"",null]]]]],[""c6"",""c1"",[],[[""m6.0"",""q0"",[],null,[],[[""direct"",null,""m6.1"",[]],[""return"",null]]],[""m6.1"",""q1"",[],null,[],[[""direct"",null,""m6.2"",[]],[""return"",null]]],[""m6.2"",""q2"",[],null,[],[[""direct"",null,""m6.3"",[]],[""return"",null]]],[""m6.3"",""q3"",[],null,[],[[""direct"",null,""m6.4"",[]],[""return"",null]]],[""m6.4"",""q4"",[],null,[],[[""check"",""p0""],[""return"",null]]]]],[""c7"",""c1"",[],[[""m7.0"",""q0"",[],null,[],[[""direct"",null,""m7.1"",[]],[""return"",null]]],[""m7.1"",""q1"",[],null,[],[[""direct"",null,""m7.2"",[]],[""return"",null]]],[""m7.2"",""q2"",[],null,[],[[""direct"",null,""m7.3"",[]],[""return"",null]]],[""m7.3"",""q3"",[],null,[],[[""direct"",null,""m7.4"",[]],[""return"",null]]],[""m7.4"",""q4"",[],null,[],[[""check"",""p1""],[""return"",null]]]]]],[[""s0"",""c0"",""c2""]],[[""e0"",""s0"",""q0"",[]]]]","[[""p0"",""p1"",""p2""],[[""c0"",null,[],[[""m0.0"",""q0"",[],null,[],[[""return"",null]]]]],[""c1"",""c0"",[],[]],[""c2"",""c1"",[],[[""m2.0"",""q0"",[],null,[],[[""direct"",null,""m2.1"",[]],[""return"",null]]],[""m2.1"",""q1"",[],null,[],[[""direct"",null,""m2.2"",[]],[""return"",null]]],[""m2.2"",""q2"",[],null,[],[[""direct"",null,""m2.3"",[]],[""return"",null]]],[""m2.3"",""q3"",[],null,[],[[""direct"",null,""m2.4"",[]],[""return"",null]]],[""m2.4"",""q4"",[],null,[],[[""check"",""p0""],[""return"",null]]]]],[""c3"",""c1"",[],[[""m3.0"",""q0"",[],null,[],[[""direct"",null,""m3.1"",[]],[""return"",null]]],[""m3.1"",""q1"",[],null,[],[[""direct"",null,""m3.2"",[]],[""return"",null]]],[""m3.2"",""q2"",[],null,[],[[""direct"",null,""m3.3"",[]],[""return"",null]]],[""m3.3"",""q3"",[],null,[],[[""direct"",null,""m3.4"",[]],[""return"",null]]],[""m3.4"",""q4"",[],null,[],[[""check"",""p1""],[""return"",null]]]]],[""c4"",""c1"",[],[[""m4.0"",""q0"",[],null,[],[[""direct"",null,""m4.1"",[]],[""return"",null]]],[""m4.1"",""q1"",[],null,[],[[""direct"",null,""m4.2"",[]],[""return"",null]]],[""m4.2"",""q2"",[],null,[],[[""direct"",null,""m4.3"",[]],[""return"",null]]],[""m4.3"",""q3"",[],null,[],[[""direct"",null,""m4.4"",[]],[""return"",null]]],[""m4.4"",""q4"",[],null,[],[[""check"",""p0""],[""return"",null]]]]],[""c5"",""c1"",[],[[""m5.0"",""q0"",[],null,[],[[""direct"",null,""m5.1"",[]],[""return"",null]]],[""m5.1"",""q1"",[],null,[],[[""direct"",null,""m5.2"",[]],[""return"",null]]],[""m5.2"",""q2"",[],null,[],[[""direct"",null,""m5.3"",[]],[""return"",null]]],[""m5.3"",""q3"",[],null,[],[[""direct"",null,""m5.4"",[]],[""return"",null]]],[""m5.4"",""q4"",[],null,[],[[""check"",""p1""],[""return"",null]]]]],[""c6"",""c1"",[],[[""m6.0"",""q0"",[],null,[],[[""direct"",null,""m6.1"",[]],[""return"",null]]],[""m6.1"",""q1"",[],null,[],[[""direct"",null,""m6.2"",[]],[""return"",null]]],[""m6.2"",""q2"",[],null,[],[[""direct"",null,""m6.3"",[]],[""return"",null]]],[""m6.3"",""q3"",[],null,[],[[""direct"",null,""m6.4"",[]],[""return"",null]]],[""m6.4"",""q4"",[],null,[],[[""check"",""p0""],[""return"",null]]]]],[""c7"",""c1"",[],[[""m7.0"",""q0"",[],null,[],[[""direct"",null,""m7.1"",[]],[""return"",null]]],[""m7.1"",""q1"",[],null,[],[[""direct"",null,""m7.2"",[]],[""return"",null]]],[""m7.2"",""q2"",[],null,[],[[""direct"",null,""m7.3"",[]],[""return"",null]]],[""m7.3"",""q3"",[],null,[],[[""direct"",null,""m7.4"",[]],[""return"",null]]],[""m7.4"",""q4"",[],null,[],[[""check"",""p1""],[""return"",null]]]]]],[[""s0"",""c0"",""c3""]],[[""e0"",""s0"",""q0"",[]]]]"
250,hierarchy,0,0,2,3,True,"[[""p0"",""p1"",""p2""],[[""c0"",null,[],[[""m0.0"",""q0"",[],null,[],[[""return"",null]]]]],[""c1"",""c0"",[],[]],[""c2"",""c1"",[],[]],[""c3"",""c2"",[],[[""m3.0"",""q0"",[],null,[],[[""check"",""p0""],[""opaque"",[[""direct"",null,""m3.1"",[]]]],[""return"",null]]],[""m3.1"",""q1"",[],null,[],[[""opaque"",[[""direct"",null,""m3.2"",[]]]],[""return"",null]]],[""m3.2"",""q2"",[],null,[],[[""opaque"",[[""check"",""p2""]]],[""return"",null]]]]],[""c4"",""c2"",[],[[""m4.0"",""q0"",[],null,[],[[""check"",""p1""],[""return"",null]]]]]],[[""s0"",""c0"",""c3""]],[[""e0"",""s0"",""q0"",[]]]]","[[""p0"",""p1"",""p2""],[[""c0"",null,[],[[""m0.0"",""q0"",[],null,[],[[""return"",null]]]]],[""c1"",""c0"",[],[]],[""c2"",""c1"",[],[]],[""c3"",""c2"",[],[[""m3.0"",""q0"",[],null,[],[[""check"",""p0""],[""opaque"",[[""direct"",null,""m3.1"",[]]]],[""return"",null]]],[""m3.1"",""q1"",[],null,[],[[""opaque"",[[""direct"",null,""m3.2"",[]]]],[""return"",null]]],[""m3.2"",""q2"",[],null,[],[[""opaque"",[[""check"",""p2""]]],[""return"",null]]]]],[""c4"",""c2"",[],[[""m4.0"",""q0"",[],null,[],[[""check"",""p1""],[""return"",null]]]]],[""c5"",""c2"",[],[[""m5.0"",""q0"",[],null,[],[[""check"",""p0""],[""return"",null]]]]]],[[""s0"",""c0"",""c3""]],[[""e0"",""s0"",""q0"",[]]]]"
251,hierarchy,1,0,2,0,False,"[[""p0"",""p1"",""p2""],[[""c0"",null,[],[[""m0.0"",""q0"",[],null,[],[[""return"",null]]]]],[""c1"",""c0"",[],[]],[""c2"",""c1"",[],[]],[""c3"",""c2"",[],[[""m3.0"",""q0"",[],null,[],[[""direct"",null,""m3.1"",[]],[""return"",null]]],[""m3.1"",""q1"",[],null,[],[[""check"",""p0""],[""return"",null]]]]],[""c4"",""c2"",[],[[""m4.0"",""q0"",[],null,[],[[""direct"",null,""m4.1"",[]],[""return"",null]]],[""m4.1"",""q1"",[],null,[],[[""check"",""p1""],[""return"",null]]]]]],[[""s0"",""c0"",""c3""]],[[""e0"",""s0"",""q0"",[]]]]","[[""p0"",""p1"",""p2""],[[""c0"",null,[],[[""m0.0"",""q0"",[],null,[],[[""return"",null]]]]],[""c1"",""c0"",[],[]],[""c2"",""c1"",[],[]],[""c3"",""c2"",[],[[""m3.0"",""q0"",[],null,[],[[""direct"",null,""m3.1"",[]],[""return"",null]]],[""m3.1"",""q1"",[],null,[],[[""check"",""p0""],[""return"",null]]]]],[""c4"",""c2"",[],[[""m4.0"",""q0"",[],null,[],[[""direct"",null,""m4.1"",[]],[""return"",null]]],[""m4.1"",""q1"",[],null,[],[[""check"",""p1""],[""return"",null]]]]]],[[""s0"",""c0"",""c4""]],[[""e0"",""s0"",""q0"",[]]]]"
252,hierarchy,2,0,2,0,True,"[[""p0"",""p1"",""p2""],[[""c0"",null,[],[[""m0.0"",""q0"",[],null,[],[[""return"",null]]]]],[""c1"",""c0"",[],[]],[""c2"",""c1"",[],[]],[""c3"",""c2"",[],[[""m3.0"",""q0"",[],null,[],[[""direct"",null,""m3.1"",[]],[""return"",null]]],[""m3.1"",""q1"",[],null,[],[[""direct"",null,""m3.2"",[]],[""return"",null]]],[""m3.2"",""q2"",[],null,[],[[""check"",""p0""],[""return"",null]]]]],[""c4"",""c2"",[],[[""m4.0"",""q0"",[],null,[],[[""direct"",null,""m4.1"",[]],[""return"",null]]],[""m4.1"",""q1"",[],null,[],[[""direct"",null,""m4.2"",[]],[""return"",null]]],[""m4.2"",""q2"",[],null,[],[[""check"",""p1""],[""return"",null]]]]]],[[""s0"",""c0"",""c3""]],[[""e0"",""s0"",""q0"",[]]]]","[[""p0"",""p1"",""p2""],[[""c0"",null,[],[[""m0.0"",""q0"",[],null,[],[[""return"",null]]]]],[""c1"",""c0"",[],[]],[""c2"",""c1"",[],[]],[""c3"",""c2"",[],[[""m3.0"",""q0"",[],null,[],[[""direct"",null,""m3.1"",[]],[""return"",null]]],[""m3.1"",""q1"",[],null,[],[[""direct"",null,""m3.2"",[]],[""return"",null]]],[""m3.2"",""q2"",[],null,[],[[""check"",""p0""],[""return"",null]]]]],[""c4"",""c2"",[],[[""m4.0"",""q0"",[],null,[],[[""direct"",null,""m4.1"",[]],[""return"",null]]],[""m4.1"",""q1"",[],null,[],[[""direct"",null,""m4.2"",[]],[""return"",null]]],[""m4.2"",""q2"",[],null,[],[[""check"",""p1""],[""return"",null]]]]],[""c5"",""c2"",[],[]]],[[""s0"",""c0"",""c3""]],[[""e0"",""s0"",""q0"",[]]]]"
253,hierarchy,3,0,2,0,False,"[[""p0"",""p1"",""p2""],[[""c0"",null,[],[[""m0.0"",""q0"",[],null,[],[[""return"",null]]]]],[""c1"",""c0"",[],[]],[""c2"",""c1"",[],[]],[""c3"",""c2"",[],[[""m3.0"",""q0"",[],null,[],[[""direct"",null,""m3.1"",[]],[""return"",null]]],[""m3.1"",""q1"",[],null,[],[[""direct"",null,""m3.2"",[]],[""return"",null]]],[""m3.2"",""q2"",[],null,[],[[""direct"",null,""m3.3"",[]],[""return"",null]]],[""m3.3"",""q3"",[],null,[],[[""check"",""p0""],[""return"",null]]]]],[""c4"",""c2"",[],[[""m4.0"",""q0"",[],null,[],[[""direct"",null,""m4.1"",[]],[""return"",null]]],[""m4.1"",""q1"",[],null,[],[[""direct"",null,""m4.2"",[]],[""return"",null]]],[""m4.2"",""q2"",[],null,[],[[""direct"",null,""m4.3"",[]],[""return"",null]]],[""m4.3"",""q3"",[],null,[],[[""check"",""p1""],[""return"",null]]]]]],[[""s0"",""c0"",""c3""]],[[""e0"",""s0"",""q0"",[]]]]","[[""p0"",""p1"",""p2""],[[""c0"",null,[],[[""m0.0"",""q0"",[],null,[],[[""return"",null]]]]],[""c1"",""c0"",[],[]],[""c2"",""c1"",[],[]],[""c3"",""c2"",[],[[""m3.0"",""q0"",[],null,[],[[""direct"",null,""m3.1"",[]],[""return"",null]]],[""m3.1"",""q1"",[],null,[],[[""direct"",null,""m3.2"",[]],[""return"",null]]],[""m3.2"",""q2"",[],null,[],[[""direct"",null,""m3.3"",[]],[""return"",null]]],[""m3.3"",""q3"",[],null,[],[[""check"",""p0""],[""return"",null]]]]],[""c4"",""c2"",[],[[""m4.0"",""q0"",[],null,[],[[""direct"",null,""m4.1"",[]],[""return"",null]]],[""m4.1"",""q1"",[],null,[],[[""direct"",null,""m4.2"",[]],[""return"",null]]],[""m4.2"",""q2"",[],null,[],[[""direct"",null,""m4.3"",[]],[""return"",null]]],[""m4.3"",""q3"",[],null,[],[[""check"",""p1""],[""return"",null]]]]]],[[""s0"",""c0"",""c4""]],[[""e0"",""s0"",""q0"",[]]]]"
254,hierarchy,4,0,2,0,True,"[[""p0"",""p1"",""p2""],[[""c0"",null,[],[[""m0.0"",""q0"",[],null,[],[[""return"",null]]]]],[""c1"",""c0"",[],[]],[""c2"",""c1"",[],[]],[""c3"",""c2"",[],[[""m3.0"",""q0"",[],null,[],[[""direct"",null,""m3.1"",[]],[""return"",null]]],[""m3.1"",""q1"",[],null,[],[[""direct"",null,""m3.2"",[]],[""return"",null]]],[""m3.2"",""q2"",[],null,[],[[""direct"",null,""m3.3"",[]],[""return"",null]]],[""m3.3"",""q3"",[],null,[],[[""direct"",null,""m3.4"",[]],[""return"",null]]],[""m3.4"",""q4"",[],null,[],[[""check"",""p0""],[""return"",null]]]]],[""c4"",""c2"",[],[[""m4.0"",""q0"",[],null,[],[[""direct"",null,""m4.1"",[]],[""return"",null]]],[""m4.1"",""q1"",[],null,[],[[""direct"",null,""m4.2"",[]],[""return"",null]]],[""m4.2"",""q2"",[],null,[],[[""direct"",null,""m4.3"",[]],[""return"",null]]],[""m4.3"",""q3"",[],null,[],[[""direct"",null,""m4.4"",[]],[""return"",null]]],[""m4.4"",""q4"",[],null,[],[[""check"",""p1""],[""return"",null]]]]]],[[""s0"",""c0"",""c3""]],[[""e0"",""s0"",""q0"",[]]]]","[[""p0"",""p1"",""p2""],[[""c0"",null,[],[[""m0.0"",""q0"",[],null,[],[[""return"",null]]]]],[""c1"",""c0"",[],[]],[""c2"",""c1"",[],[]],[""c3"",""c2"",[],[[""m3.0"",""q0"",[],null,[],[[""direct"",null,""m3.5"",[]],[""direct"",null,""m3.1"",[]],[""return"",null]]],[""m3.1"",""q1"",[],null,[],[[""direct"",null,""m3.2"",[]],[""return"",null]]],[""m3.2"",""q2"",[],null,[],[[""direct"",null,""m3.3"",[]],[""return"",null]]],[""m3.3"",""q3"",[],null,[],[[""direct"",null,""m3.4"",[]],[""return"",null]]],[""m3.4"",""q4"",[],null,[],[[""check"",""p0""],[""return"",null]]],[""m3.5"",""q5"",[],null,[],[[""return"",null]]]]],[""c4"",""c2"",[],[[""m4.0"",""q0"",[],null,[],[[""direct"",null,""m4.1"",[]],[""return"",null]]],[""m4.1"",""q1"",[],null,[],[[""direct"",null,""m4.2"",[]],[""return"",null]]],[""m4.2"",""q2"",[],null,[],[[""direct"",null,""m4.3"",[]],[""return"",null]]],[""m4.3"",""q3"",[],null,[],[[""direct"",null,""m4.4"",[]],[""return"",null]]],[""m4.4"",""q4"",[],null,[],[[""check"",""p1""],[""return"",null]]]]]],[[""s0"",""c0"",""c3""]],[[""e0"",""s0"",""q0"",[]]]]"
255,hierarchy,0,1,2,1,False,"[[""p0"",""p1"",""p2""],[[""c0"",null,[],[[""m0.0"",""q0"",[],null,[],[[""return"",null]]]]],[""c1"",""c0"",[],[]],[""c2"",""c1"",[],[]],[""c3"",""c2"",[],[[""m3.0"",""q0"",[],null,[],[[""check"",""p0""],[""opaque"",[[""check"",""p2""]]],[""return"",null]]]]],[""c4"",""c2"",[],[[""m4.0"",""q0"",[],null,[],[[""check"",""p1""],[""return"",null]]]]],[""c5"",""c2"",[],[[""m5.0"",""q0"",[],null,[],[[""check"",""p0""],[""return"",null]]]]]],[[""s0"",""c0"",""c3""]],[[""e0"",""s0"",""q0"",[]]]]","[[""p0"",""p1"",""p2""],[[""c0"",null,[],[[""m0.0"",""q0"",[],null,[],[[""return"",null]]]]],[""c1"",""c0"",[],[]],[""c2"",""c1"",[],[]],[""c3"",""c2"",[],[[""m3.0"",""q0"",[],null,[],[[""check"",""p0""],[""return"",null]]]]],[""c4"",""c2"",[],[[""m4.0"",""q0"",[],null,[],[[""check"",""p1""],[""opaque"",[[""check"",""p2""]]],[""return"",null]]]]],[""c5"",""c2"",[],[[""m5.0"",""q0"",[],null,[],[[""check"",""p0""],[""return"",null]]]]]],[[""s0"",""c0"",""c4""]],[[""e0"",""s0"",""q0"",[]]]]"
256,hierarchy,1,1,2,0,True,"[[""p0"",""p1"",""p2""],[[""c0"",null,[],[[""m0.0"",""q0"",[],null,[],[[""return"",null]]]]],[""c1"",""c0"",[],[]],[""c2"",""c1"",[],[]],[""c3"",""c2"",[],[[""m3.0"",""q0"",[],null,[],[[""direct"",null,""m3.1"",[]],[""return"",null]]],[""m3.1"",""q1"",[],null,[],[[""check"",""p0""],[""return"",null]]]]],[""c4"",""c2"",[],[[""m4.0"",""q0"",[],null,[],[[""direct"",null,""m4.1"",[]],[""return"",null]]],[""m4.1"",""q1"",[],null,[],[[""check"",""p1""],[""return"",null]]]]],[""c5"",""c2"",[],[[""m5.0"",""q0"",[],null,[],[[""direct"",null,""m5.1"",[]],[""return"",null]]],[""m5.1"",""q1"",[],null,[],[[""check"",""p0""],[""return"",null]]]]]],[[""s0"",""c0"",""c3""]],[[""e0"",""s0"",""q0"",[]]]]","[[""p0"",""p1"",""p2""],[[""c0"",null,[],[[""m0.0"",""q0"",[],null,[],[[""return"",null]]]]],[""c1"",""c0"",[],[]],[""c2"",""c1"",[],[]],[""c3"",""c2"",[],[[""m3.0"",""q0"",[],null,[],[[""direct"",null,""m3.1"",[]],[""return"",null]]],[""m3.1"",""q1"",[],null,[],[[""check"",""p0""],[""return"",null]]]]],[""c4"",""c2"",[],[[""m4.0"",""q0"",[],null,[],[[""direct"",null,""m4.1"",[]],[""return"",null]]],[""m4.1"",""q1"",[],null,[],[[""check"",""p1""],[""return"",null]]]]],[""c5"",""c2"",[],[[""m5.0"",""q0"",[],null,[],[[""direct"",null,""m5.1"",[]],[""return"",null]]],[""m5.1"",""q1"",[],null,[],[[""check"",""p0""],[""return"",null]]]]],[""c6"",""c2"",[],[[""m6.0"",""q0"",[],null,[],[[""check"",""p0""],[""return"",null]]]]]],[[""s0"",""c0"",""c3""]],[[""e0"",""s0"",""q0"",[]]]]"
257,hierarchy,2,1,2,0,False,"[[""p0"",""p1"",""p2""],[[""c0"",null,[],[[""m0.0"",""q0"",[],null,[],[[""return"",null]]]]],[""c1"",""c0"",[],[]],[""c2"",""c1"",[],[]],[""c3"",""c2"",[],[[""m3.0"",""q0"",[],null,[],[[""direct"",null,""m3.1"",[]],[""return"",null]]],[""m3.1"",""q1"",[],null,[],[[""direct"",null,""m3.2"",[]],[""return"",null]]],[""m3.2"",""q2"",[],null,[],[[""check"",""p0""],[""return"",null]]]]],[""c4"",""c2"",[],[[""m4.0"",""q0"",[],null,[],[[""direct"",null,""m4.1"",[]],[""return"",null]]],[""m4.1"",""q1"",[],null,[],[[""direct"",null,""m4.2"",[]],[""return"",null]]],[""m4.2"",""q2"",[],null,[],[[""check"",""p1""],[""return"",null]]]]],[""c5"",""c2"",[],[[""m5.0"",""q0"",[],null,[],[[""direct"",null,""m5.1"",[]],[""return"",null]]],[""m5.1"",""q1"",[],null,[],[[""direct"",null,""m5.2"",[]],[""return"",null]]],[""m5.2"",""q2"",[],null,[],[[""check"",""p0""],[""return"",null]]]]]],[[""s0"",""c0"",""c3""]],[[""e0"",""s0"",""q0"",[]]]]","[[""p0"",""p1"",""p2""],[[""c0"",null,[],[[""m0.0"",""q0"",[],null,[],[[""return"",null]]]]],[""c1"",""c0"",[],[]],[""c2"",""c1"",[],[]],[""c3"",""c2"",[],[[""m3.0"",""q0"",[],null,[],[[""direct"",null,""m3.1"",[]],[""return"",null]]],[""m3.1"",""q1"",[],null,[],[[""direct"",null,""m3.2"",[]],[""return"",null]]],[""m3.2"",""q2"",[],null,[],[[""check"",""p0""],[""return"",null]]]]],[""c4"",""c2"",[],[[""m4.0"",""q0"",[],null,[],[[""direct"",null,""m4.1"",[]],[""return"",null]]],[""m4.1"",""q1"",[],null,[],[[""direct"",null,""m4.2"",[]],[""return"",null]]],[""m4.2"",""q2"",[],null,[],[[""check"",""p1""],[""return"",null]]]]],[""c5"",""c2"",[],[[""m5.0"",""q0"",[],null,[],[[""direct"",null,""m5.1"",[]],[""return"",null]]],[""m5.1"",""q1"",[],null,[],[[""direct"",null,""m5.2"",[]],[""return"",null]]],[""m5.2"",""q2"",[],null,[],[[""check"",""p0""],[""return"",null]]]]]],[[""s0"",""c0"",""c4""]],[[""e0"",""s0"",""q0"",[]]]]"
258,hierarchy,3,1,2,0,True,"[[""p0"",""p1"",""p2""],[[""c0"",null,[],[[""m0.0"",""q0"",[],null,[],[[""return"",null]]]]],[""c1"",""c0"",[],[]],[""c2"",""c1"",[],[]],[""c3"",""c2"",[],[[""m3.0"",""q0"",[],null,[],[[""direct"",null,""m3.1"",[]],[""return"",null]]],[""m3.1"",""q1"",[],null,[],[[""direct"",null,""m3.2"",[]],[""return"",null]]],[""m3.2"",""q2"",[],null,[],[[""direct"",null,""m3.3"",[]],[""return"",null]]],[""m3.3"",""q3"",[],null,[],[[""check"",""p0""],[""return"",null]]]]],[""c4"",""c2"",[],[[""m4.0"",""q0"",[],null,[],[[""direct"",null,""m4.1"",[]],[""return"",null]]],[""m4.1"",""q1"",[],null,[],[[""direct"",null,""m4.2"",[]],[""return"",null]]],[""m4.2"",""q2"",[],null,[],[[""direct"",null,""m4.3"",[]],[""return"",null]]],[""m4.3"",""q3"",[],null,[],[[""check"",""p1""],[""return"",null]]]]],[""c5"",""c2"",[],[[""m5.0"",""q0"",[],null,[],[[""direct"",null,""m5.1"",[]],[""return"",null]]],[""m5.1"",""q1"",[],null,[],[[""direct"",null,""m5.2"",[]],[""return"",null]]],[""m5.2"",""q2"",[],null,[],[[""direct"",null,""m5.3"",[]],[""return"",null]]],[""m5.3"",""q3"",[],null,[],[[""check"",""p0""],[""return"",null]]]]]],[[""s0"",""c0"",""c3""]],[[""e0"",""s0"",""q0"",[]]]]","[[""p0"",""p1"",""p2""],[[""c0"",null,[],[[""m0.0"",""q0"",[],null,[],[[""return"",null]]]]],[""c1"",""c0"",[],[]],[""c2"",""c1"",[],[]],[""c3"",""c2"",[],[[""m3.0"",""q0"",[],null,[],[[""direct"",null,""m3.1"",[]],[""return"",null]]],[""m3.1"",""q1"",[],null,[],[[""direct"",null,""m3.2"",[]],[""return"",null]]],[""m3.2"",""q2"",[],null,[],[[""direct"",null,""m3.3"",[]],[""return"",null]]],[""m3.3"",""q3"",[],null,[],[[""check"",""p0""],[""return"",null]]]]],[""c4"",""c2"",[],[[""m4.0"",""q0"",[],null,[],[[""direct"",null,""m4.1"",[]],[""return"",null]]],[""m4.1"",""q1"",[],null,[],[[""direct"",null,""m4.2"",[]],[""return"",null]]],[""m4.2"",""q2"",[],null,[],[[""direct"",null,""m4.3"",[]],[""return"",null]]],[""m4.3"",""q3"",[],null,[],[[""check"",""p1""],[""return"",null]]]]],[""c5"",""c2"",[],[[""m5.0"",""q0"",[],null,[],[[""direct"",null,""m5.1"",[]],[""return"",null]]],[""m5.1"",""q1"",[],null,[],[[""direct"",null,""m5.2"",[]],[""return"",null]]],[""m5.2"",""q2"",[],null,[],[[""direct"",null,""m5.3"",[]],[""return"",null]]],[""m5.3"",""q3"",[],null,[],[[""check"",""p0""],[""return"",null]]]]],[""c6"",""c2"",[],[]]],[[""s0"",""c0"",""c3""]],[[""e0"",""s0"",""q0"",[]]]]"
259,hierarchy,4,1,2,0,False,"[[""p0"",""p1"",""p2""],[[""c0"",null,[],[[""m0.0"",""q0"",[],null,[],[[""return"",null]]]]],[""c1"",""c0"",[],[]],[""c2"",""c1"",[],[]],[""c3"",""c2"",[],[[""m3.0"",""q0"",[],null,[],[[""direct"",null,""m3.1"",[]],[""return"",null]]],[""m3.1"",""q1"",[],null,[],[[""direct"",null,""m3.2"",[]],[""return"",null]]],[""m3.2"",""q2"",[],null,[],[[""direct"",null,""m3.3"",[]],[""return"",null]]],[""m3.3"",""q3"",[],null,[],[[""direct"",null,""m3.4"",[]],[""return"",null]]],[""m3.4"",""q4"",[],null,[],[[""check"",""p0""],[""return"",null]]]]],[""c4"",""c2"",[],[[""m4.0"",""q0"",[],null,[],[[""direct"",null,""m4.1"",[]],[""return"",null]]],[""m4.1"",""q1"",[],null,[],[[""direct"",null,""m4.2"",[]],[""return"",null]]],[""m4.2"",""q2"",[],null,[],[[""direct"",null,""m4.3"",[]],[""return"",null]]],[""m4.3"",""q3"",[],null,[],[[""direct"",null,""m4.4"",[]],[""return"",null]]],[""m4.4"",""q4"",[],null,[],[[""check"",""p1""],[""return"",null]]]]],[""c5"",""c2"",[],[[""m5.0"",""q0"",[],null,[],[[""direct"",null,""m5.1"",[]],[""return"",null]]],[""m5.1"",""q1"",[],null,[],[[""direct"",null,""m5.2"",[]],[""return"",null]]],[""m5.2"",""q2"",[],null,[],[[""direct"",null,""m5.3"",[]],[""return"",null]]],[""m5.3"",""q3"",[],null,[],[[""direct"",null,""m5.4"",[]],[""return"",null]]],[""m5.4"",""q4"",[],null,[],[[""check"",""p0""],[""return"",null]]]]]],[[""s0"",""c0"",""c3""]],[[""e0"",""s0"",""q0"",[]]]]","[[""p0"",""p1"",""p2""],[[""c0"",null,[],[[""m0.0"",""q0"",[],null,[],[[""return"",null]]]]],[""c1"",""c0"",[],[]],[""c2"",""c1"",[],[]],[""c3"",""c2"",[],[[""m3.0"",""q0"",[],null,[],[[""direct"",null,""m3.1"",[]],[""return"",null]]],[""m3.1"",""q1"",[],null,[],[[""direct"",null,""m3.2"",[]],[""return"",null]]],[""m3.2"",""q2"",[],null,[],[[""direct"",null,""m3.3"",[]],[""return"",null]]],[""m3.3"",""q3"",[],null,[],[[""direct"",null,""m3.4"",[]],[""return"",null]]],[""m3.4"",""q4"",[],null,[],[[""check"",""p0""],[""return"",null]]]]],[""c4"",""c2"",[],[[""m4.0"",""q0"",[],null,[],[[""direct"",null,""m4.1"",[]],[""return"",null]]],[""m4.1"",""q1"",[],null,[],[[""direct"",null,""m4.2"",[]],[""return"",null]]],[""m4.2"",""q2"",[],null,[],[[""direct"",null,""m4.3"",[]],[""return"",null]]],[""m4.3"",""q3"",[],null,[],[[""direct"",null,""m4.4"",[]],[""return"",null]]],[""m4.4"",""q4"",[],null,[],[[""check"",""p1""],[""return"",null]]]]],[""c5"",""c2"",[],[[""m5.0"",""q0"",[],null,[],[[""direct"",null,""m5.1"",[]],[""return"",null]]],[""m5.1"",""q1"",[],null,[],[[""direct"",null,""m5.2"",[]],[""return"",null]]],[""m5.2"",""q2"",[],null,[],[[""direct"",null,""m5.3"",[]],[""return"",null]]],[""m5.3"",""q3"",[],null,[],[[""direct"",null,""m5.4"",[]],[""return"",null]]],[""m5.4"",""q4"",[],null,[],[[""check"",""p0""],[""return"",null]]]]]],[[""s0"",""c0"",""c4""]],[[""e0"",""s0"",""q0"",[]]]]"
260,hierarchy,0,2,2,2,True,"[[""p0"",""p1"",""p2""],[[""c0"",null,[],[[""m0.0"",""q0"",[],null,[],[[""return"",null]]]]],[""c1"",""c0"",[],[]],[""c2"",""c1"",[],[]],[""c3"",""c2"",[],[[""m3.0"",""q0"",[],null,[],[[""check"",""p0""],[""opaque"",[[""direct"",null,""m3.1"",[]]]],[""return"",null]]],[""m3.1"",""q1"",[],null,[],[[""opaque"",[[""check"",""p2""]]],[""return"",null]]]]],[""c4"",""c2"",[],[[""m4.0"",""q0"",[],null,[],[[""check"",""p1""],[""return"",null]]]]],[""c5"",""c2"",[],[[""m5.0"",""q0"",[],null,[],[[""check"",""p0""],[""return"",null]]]]],[""c6"",""c2"",[],[[""m6.0"",""q0"",[],null,[],[[""check"",""p1""],[""return"",null]]]]]],[[""s0"",""c0"",""c3""]],[[""e0"",""s0"",""q0"",[]]]]","[[""p0"",""p1"",""p2""],[[""c0"",null,[],[[""m0.0"",""q0"",[],null,[],[[""return"",null]]]]],[""c1"",""c0"",[],[]],[""c2"",""c1"",[],[]],[""c3"",""c2"",[],[[""m3.0"",""q0"",[],null,[],[[""direct"",null,""m3.2"",[]],[""check"",""p0""],[""opaque"",[[""direct"",null,""m3.1"",[]]]],[""return"",null]]],[""m3.1"",""q1"",[],null,[],[[""opaque"",[[""check"",""p2""]]],[""return"",null]]],[""m3.2"",""q2"",[],null,[],[[""return"",null]]]]],[""c4"",""c2"",[],[[""m4.0"",""q0"",[],null,[],[[""check"",""p1""],[""return"",null]]]]],[""c5"",""c2"",[],[[""m5.0"",""q0"",[],null,[],[[""check"",""p0""],[""return"",null]]]]],[""c6"",""c2"",[],[[""m6.0"",""q0"",[],null,[],[[""check"",""p1""],[""return"",null]]]]]],[[""s0"",""c0"",""c3""]],[[""e0"",""s0"",""q0"",[]]]]"
261,hierarchy,1,2,2,0,False,"[[""p0"",""p1"",""p2""],[[""c0"",null,[],[[""m0.0"",""q0"",[],null,[],[[""return"",null]]]]],[""c1"",""c0"",[],[]],[""c2"",""c1"",[],[]],[""c3"",""c2"",[],[[""m3.0"",""q0"",[],null,[],[[""direct"",null,""m3.1"",[]],[""return"",null]]],[""m3.1"",""q1"",[],null,[],[[""check"",""p0""],[""return"",null]]]]],[""c4"",""c2"",[],[[""m4.0"",""q0"",[],null,[],[[""direct"",null,""m4.1"",[]],[""return"",null]]],[""m4.1"",""q1"",[],null,[],[[""check"",""p1""],[""return"",null]]]]],[""c5"",""c2"",[],[[""m5.0"",""q0"",[],null,[],[[""direct"",null,""m5.1"",[]],[""return"",null]]],[""m5.1"",""q1"",[],null,[],[[""check"",""p0""],[""return"",null]]]]],[""c6"",""c2"",[],[[""m6.0"",""q0"",[],null,[],[[""direct"",null,""m6.1"",[]],[""return"",null]]],[""m6.1"",""q1"",[],null,[],[[""check"",""p1""],[""return"",null]]]]]],[[""s0"",""c0"",""c3""]],[[""e0"",""s0"",""q0"",[]]]]","[[""p0"",""p1"",""p2""],[[""c0"",null,[],[[""m0.0"",""q0"",[],null,[],[[""return"",null]]]]],[""c1"",""c0"",[],[]],[""c2"",""c1"",[],[]],[""c3"",""c2"",[],[[""m3.0"",""q0"",[],null,[],[[""direct"",null,""m3.1"",[]],[""return"",null]]],[""m3.1"",""q1"",[],null,[],[[""check"",""p0""],[""return"",null]]]]],[""c4"",""c2"",[],[[""m4.0"",""q0"",[],null,[],[[""direct"",null,""m4.1"",[]],[""return"",null]]],[""m4.1"",""q1"",[],null,[],[[""check"",""p1""],[""return"",null]]]]],[""c5"",""c2"",[],[[""m5.0"",""q0"",[],null,[],[[""direct"",null,""m5.1"",[]],[""return"",null]]],[""m5.1"",""q1"",[],null,[],[[""check"",""p0""],[""return"",null]]]]],[""c6"",""c2"",[],[[""m6.0"",""q0"",[],null,[],[[""direct"",null,""m6.1"",[]],[""return"",null]]],[""m6.1"",""q1"",[],null,[],[[""check"",""p1""],[""return"",null]]]]]],[[""s0"",""c0"",""c4""]],[[""e0"",""s0"",""q0"",[]]]]"
262,hierarchy,2,2,2,0,True,"[[""p0"",""p1"",""p2""],[[""c0"",null,[],[[""m0.0"",""q0"",[],null,[],[[""return"",null]]]]],[""c1"",""c0"",[],[]],[""c2"",""c1"",[],[]],[""c3"",""c2"",[],[[""m3.0"",""q0"",[],null,[],[[""direct"",null,""m3.1"",[]],[""return"",null]]],[""m3.1"",""q1"",[],null,[],[[""direct"",null,""m3.2"",[]],[""return"",null]]],[""m3.2"",""q2"",[],null,[],[[""check"",""p0""],[""return"",null]]]]],[""c4"",""c2"",[],[[""m4.0"",""q0"",[],null,[],[[""direct"",null,""m4.1"",[]],[""return"",null]]],[""m4.1"",""q1"",[],null,[],[[""direct"",null,""m4.2"",[]],[""return"",null]]],[""m4.2"",""q2"",[],null,[],[[""check"",""p1""],[""return"",null]]]]],[""c5"",""c2"",[],[[""m5.0"",""q0"",[],null,[],[[""direct"",null,""m5.1"",[]],[""return"",null]]],[""m5.1"",""q1"",[],null,[],[[""direct"",null,""m5.2"",[]],[""return"",null]]],[""m5.2"",""q2"",[],null,[],[[""check"",""p0""],[""return"",null]]]]],[""c6"",""c2"",[],[[""m6.0"",""q0"",[],null,[],[[""direct"",null,""m6.1"",[]],[""return"",null]]],[""m6.1"",""q1"",[],null,[],[[""direct"",null,""m6.2"",[]],[""return"",null]]],[""m6.2"",""q2"",[],null,[],[[""check"",""p1""],[""return"",null]]]]]],[[""s0"",""c0"",""c3""]],[[""e0"",""s0"",""q0"",[]]]]","[[""p0"",""p1"",""p2""],[[""c0"",null,[],[[""m0.0"",""q0"",[],null,[],[[""return"",null]]]]],[""c1"",""c0"",[],[]],[""c2"",""c1"",[],[]],[""c3"",""c2"",[],[[""m3.0"",""q0"",[],null,[],[[""direct"",null,""m3.1"",[]],[""return"",null]]],[""m3.1"",""q1"",[],null,[],[[""direct"",null,""m3.2"",[]],[""return"",null]]],[""m3.2"",""q2"",[],null,[],[[""check"",""p0""],[""return"",null]]]]],[""c4"",""c2"",[],[[""m4.0"",""q0"",[],null,[],[[""direct"",null,""m4.1"",[]],[""return"",null]]],[""m4.1"",""q1"",[],null,[],[[""direct"",null,""m4.2"",[]],[""return"",null]]],[""m4.2"",""q2"",[],null,[],[[""check"",""p1""],[""return"",null]]]]],[""c5"",""c2"",[],[[""m5.0"",""q0"",[],null,[],[[""direct"",null,""m5.1"",[]],[""return"",null]]],[""m5.1"",""q1"",[],null,[],[[""direct"",null,""m5.2"",[]],[""return"",null]]],[""m5.2"",""q2"",[],null,[],[[""check"",""p0""],[""return"",null]]]]],[""c6"",""c2"",[],[[""m6.0"",""q0"",[],null,[],[[""direct"",null,""m6.1"",[]],[""return"",null]]],[""m6.1"",""q1"",[],null,[],[[""direct"",null,""m6.2"",[]],[""return"",null]]],[""m6.2"",""q2"",[],null,[],[[""check"",""p1""],[""return"",null]]]]],[""c7"",""c2"",[],[[""m7.0"",""q0"",[],null,[],[[""check"",""p0""],[""return"",null]]]]]],[[""s0"",""c0"",""c3""]],[[""e0"",""s0"",""q0"",[]]]]"
263,hierarchy,3,2,2,0,False,"[[""p0"",""p1"",""p2""],[[""c0"",null,[],[[""m0.0"",""q0"",[],null,[],[[""return"",null]]]]],[""c1"",""c0"",[],[]],[""c2"",""c1"",[],[]],[""c3"",""c2"",[],[[""m3.0"",""q0"",[],null,[],[[""direct"",null,""m3.1"",[]],[""return"",null]]],[""m3.1"",""q1"",[],null,[],[[""direct"",null,""m3.2"",[]],[""return"",null]]],[""m3.2"",""q2"",[],null,[],[[""direct"",null,""m3.3"",[]],[""return"",null]]],[""m3.3"",""q3"",[],null,[],[[""check"",""p0""],[""return"",null]]]]],[""c4"",""c2"",[],[[""m4.0"",""q0"",[],null,[],[[""direct"",null,""m4.1"",[]],[""return"",null]]],[""m4.1"",""q1"",[],null,[],[[""direct"",null,""m4.2"",[]],[""return"",null]]],[""m4.2"",""q2"",[],null,[],[[""direct"",null,""m4.3"",[]],[""return"",null]]],[""m4.3"",""q3"",[],null,[],[[""check"",""p1""],[""return"",null]]]]],[""c5"",""c2"",[],[[""m5.0"",""q0"",[],null,[],[[""direct"",null,""m5.1"",[]],[""return"",null]]],[""m5.1"",""q1"",[],null,[],[[""direct"",null,""m5.2"",[]],[""return"",null]]],[""m5.2"",""q2"",[],null,[],[[""direct"",null,""m5.3"",[]],[""return"",null]]],[""m5.3"",""q3"",[],null,[],[[""check"",""p0""],[""return"",null]]]]],[""c6"",""c2"",[],[[""m6.0"",""q0"",[],null,[],[[""direct"",null,""m6.1"",[]],[""return"",null]]],[""m6.1"",""q1"",[],null,[],[[""direct"",null,""m6.2"",[]],[""return"",null]]],[""m6.2"",""q2"",[],null,[],[[""direct"",null,""m6.3"",[]],[""return"",null]]],[""m6.3"",""q3"",[],null,[],[[""check"",""p1""],[""return"",null]]]]]],[[""s0"",""c0"",""c3""]],[[""e0"",""s0"",""q0"",[]]]]","[[""p0"",""p1"",""p2""],[[""c0"",null,[],[[""m0.0"",""q0"",[],null,[],[[""return"",null]]]]],[""c1"",""c0"",[],[]],[""c2"",""c1"",[],[]],[""c3"",""c2"",[],[[""m3.0"",""q0"",[],null,[],[[""direct"",null,""m3.1"",[]],[""return"",null]]],[""m3.1"",""q1"",[],null,[],[[""direct"",null,""m3.2"",[]],[""return"",null]]],[""m3.2"",""q2"",[],null,[],[[""direct"",null,""m3.3"",[]],[""return"",null]]],[""m3.3"",""q3"",[],null,[],[[""check"",""p0""],[""return"",null]]]]],[""c4"",""c2"",[],[[""m4.0"",""q0"",[],null,[],[[""direct"",null,""m4.1"",[]],[""return"",null]]],[""m4.1"",""q1"",[],null,[],[[""direct"",null,""m4.2"",[]],[""return"",null]]],[""m4.2"",""q2"",[],null,[],[[""direct"",null,""m4.3"",[]],[""return"",null]]],[""m4.3"",""q3"",[],null,[],[[""check"",""p1""],[""return"",null]]]]],[""c5"",""c2"",[],[[""m5.0"",""q0"",[],null,[],[[""direct"",null,""m5.1"",[]],[""return"",null]]],[""m5.1"",""q1"",[],null,[],[[""direct"",null,""m5.2"",[]],[""return"",null]]],[""m5.2"",""q2"",[],null,[],[[""direct"",null,""m5.3"",[]],[""return"",null]]],[""m5.3"",""q3"",[],null,[],[[""check"",""p0""],[""return"",null]]]]],[""c6"",""c2"",[],[[""m6.0"",""q0"",[],null,[],[[""direct"",null,""m6.1"",[]],[""return"",null]]],[""m6.1"",""q1"",[],null,[],[[""direct"",null,""m6.2"",[]],[""return"",null]]],[""m6.2"",""q2"",[],null,[],[[""direct"",null,""m6.3"",[]],[""return"",null]]],[""m6.3"",""q3"",[],null,[],[[""check"",""p1""],[""return"",null]]]]]],[[""s0"",""c0"",""c4""]],[[""e0"",""s0"",""q0"",[]]]]"
264,hierarchy,4,2,2,0,True,"[[""p0"",""p1"",""p2""],[[""c0"",null,[],[[""m0.0"",""q0"",[],null,[],[[""return"",null]]]]],[""c1"",""c0"",[],[]],[""c2"",""c1"",[],[]],[""c3"",""c2"",[],[[""m3.0"",""q0"",[],null,[],[[""direct"",null,""m3.1"",[]],[""return"",null]]],[""m3.1"",""q1"",[],null,[],[[""direct"",null,""m3.2"",[]],[""return"",null]]],[""m3.2"",""q2"",[],null,[],[[""direct"",null,""m3.3"",[]],[""return"",null]]],[""m3.3"",""q3"",[],null,[],[[""direct"",null,""m3.4"",[]],[""return"",null]]],[""m3.4"",""q4"",[],null,[],[[""check"",""p0""],[""return"",null]]]]],[""c4"",""c2"",[],[[""m4.0"",""q0"",[],null,[],[[""direct"",null,""m4.1"",[]],[""return"",null]]],[""m4.1"",""q1"",[],null,[],[[""direct"",null,""m4.2"",[]],[""return"",null]]],[""m4.2"",""q2"",[],null,[],[[""direct"",null,""m4.3"",[]],[""return"",null]]],[""m4.3"",""q3"",[],null,[],[[""direct"",null,""m4.4"",[]],[""return"",null]]],[""m4.4"",""q4"",[],null,[],[[""check"",""p1""],[""return"",null]]]]],[""c5"",""c2"",[],[[""m5.0"",""q0"",[],null,[],[[""direct"",null,""m5.1"",[]],[""return"",null]]],[""m5.1"",""q1"",[],null,[],[[""direct"",null,""m5.2"",[]],[""return"",null]]],[""m5.2"",""q2"",[],null,[],[[""direct"",null,""m5.3"",[]],[""return"",null]]],[""m5.3"",""q3"",[],null,[],[[""direct"",null,""m5.4"",[]],[""return"",null]]],[""m5.4"",""q4"",[],null,[],[[""check"",""p0""],[""return"",null]]]]],[""c6"",""c2"",[],[[""m6.0"",""q0"",[],null,[],[[""direct"",null,""m6.1"",[]],[""return"",null]]],[""m6.1"",""q1"",[],null,[],[[""direct"",null,""m6.2"",[]],[""return"",null]]],[""m6.2"",""q2"",[],null,[],[[""direct"",null,""m6.3"",[]],[""return"",null]]],[""m6.3"",""q3"",[],null,[],[[""direct"",null,""m6.4"",[]],[""return"",null]]],[""m6.4"",""q4"",[],null,[],[[""check"",""p1""],[""return"",null]]]]]],[[""s0"",""c0"",""c3""]],[[""e0"",""s0"",""q0"",[]]]]","[[""p0"",""p1"",""p2""],[[""c0"",null,[],[[""m0.0"",""q0"",[],null,[],[[""return"",null]]]]],[""c1"",""c0"",[],[]],[""c2"",""c1"",[],[]],[""c3"",""c2"",[],[[""m3.0"",""q0"",[],null,[],[[""direct"",null,""m3.1"",[]],[""return"",null]]],[""m3.1"",""q1"",[],null,[],[[""direct"",null,""m3.2"",[]],[""return"",null]]],[""m3.2"",""q2"",[],null,[],[[""direct"",null,""m3.3"",[]],[""return"",null]]],[""m3.3"",""q3"",[],null,[],[[""direct"",null,""m3.4"",[]],[""return"",null]]],[""m3.4"",""q4"",[],null,[],[[""check"",""p0""],[""return"",null]]]]],[""c4"",""c2"",[],[[""m4.0"",""q0"",[],null,[],[[""direct"",null,""m4.1"",[]],[""return"",null]]],[""m4.1"",""q1"",[],null,[],[[""direct"",null,""m4.2"",[]],[""return"",null]]],[""m4.2"",""q2"",[],null,[],[[""direct"",null,""m4.3"",[]],[""return"",null]]],[""m4.3"",""q3"",[],null,[],[[""direct"",null,""m4.4"",[]],[""return"",null]]],[""m4.4"",""q4"",[],null,[],[[""check"",""p1""],[""return"",null]]]]],[""c5"",""c2"",[],[[""m5.0"",""q0"",[],null,[],[[""direct"",null,""m5.1"",[]],[""return"",null]]],[""m5.1"",""q1"",[],null,[],[[""direct"",null,""m5.2"",[]],[""return"",null]]],[""m5.2"",""q2"",[],null,[],[[""direct"",null,""m5.3"",[]],[""return"",null]]],[""m5.3"",""q3"",[],null,[],[[""direct"",null,""m5.4"",[]],[""return"",null]]],[""m5.4"",""q4"",[],null,[],[[""check"",""p0""],[""return"",null]]]]],[""c6"",""c2"",[],[[""m6.0"",""q0"",[],null,[],[[""direct"",null,""m6.1"",[]],[""return"",null]]],[""m6.1"",""q1"",[],null,[],[[""direct"",null,""m6.2"",[]],[""return"",null]]],[""m6.2"",""q2"",[],null,[],[[""direct"",null,""m6.3"",[]],[""return"",null]]],[""m6.3"",""q3"",[],null,[],[[""direct"",null,""m6.4"",[]],[""return"",null]]],[""m6.4"",""q4"",[],null,[],[[""check"",""p1""],[""return"",null]]]]],[""c7"",""c2"",[],[]]],[[""s0"",""c0"",""c3""]],[[""e0"",""s0"",""q0"",[]]]]"
265,hierarchy,0,3,2,3,False,"[[""p0"",""p1"",""p2""],[[""c0"",null,[],[[""m0.0"",""q0"",[],null,[],[[""return"",null]]]]],[""c1"",""c0"",[],[]],[""c2"",""c1"",[],[]],[""c3"",""c2"",[],[[""m3.0"",""q0"",[],null,[],[[""check"",""p0""],[""opaque"",[[""direct"",null,""m3.1"",[]]]],[""return"",null]]],[""m3.1"",""q1"",[],null,[],[[""opaque"",[[""direct"",null,""m3.2"",[]]]],[""return"",null]]],[""m3.2"",""q2"",[],null,[],[[""opaque"",[[""check"",""p2""]]],[""return"",null]]]]],[""c4"",""c2"",[],[[""m4.0"",""q0"",[],null,[],[[""check"",""p1""],[""return"",null]]]]],[""c5"",""c2"",[],[[""m5.0"",""q0"",[],null,[],[[""check"",""p0""],[""return"",null]]]]],[""c6"",""c2"",[],[[""m6.0"",""q0"",[],null,[],[[""check"",""p1""],[""return"",null]]]]],[""c7"",""c2"",[],[[""m7.0"",""q0"",[],null,[],[[""check"",""p0""],[""return"",null]]]]]],[[""s0"",""c0"",""c3""]],[[""e0"",""s0"",""q0"",[]]]]","[[""p0"",""p1"",""p2""],[[""c0"",null,[],[[""m0.0"",""q0"",[],null,[],[[""return"",null]]]]],[""c1"",""c0"",[],[]],[""c2"",""c1"",[],[]],[""c3"",""c2"",[],[[""m3.0"",""q0"",[],null,[],[[""check"",""p0""],[""return"",null]]]]],[""c4"",""c2"",[],[[""m4.0"",""q0"",[],null,[],[[""check"",""p1""],[""opaque"",[[""direct"",null,""m4.1"",[]]]],[""return"",null]]],[""m4.1"",""q1"",[],null,[],[[""opaque"",[[""direct"",null,""m4.2"",[]]]],[""return"",null]]],[""m4.2"",""q2"",[],null,[],[[""opaque"",[[""check"",""p2""]]],[""return"",null]]]]],[""c5"",""c2"",[],[[""m5.0"",""q0"",[],null,[],[[""check"",""p0""],[""return"",null]]]]],[""c6"",""c2"",[],[[""m6.0"",""q0"",[],null,[],[[""check"",""p1""],[""return"",null]]]]],[""c7"",""c2"",[],[[""m7.0"",""q0"",[],null,[],[[""check"",""p0""],[""return"",null]]]]]],[[""s0"",""c0"",""c4""]],[[""e0"",""s0"",""q0"",[]]]]"
266,hierarchy,1,3,2,0,True,"[[""p0"",""p1"",""p2""],[[""c0"",null,[],[[""m0.0"",""q0"",[],null,[],[[""return"",null]]]]],[""c1"",""c0"",[],[]],[""c2"",""c1"",[],[]],[""c3"",""c2"",[],[[""m3.0"",""q0"",[],null,[],[[""direct"",null,""m3.1"",[]],[""return"",null]]],[""m3.1"",""q1"",[],null,[],[[""check"",""p0""],[""return"",null]]]]],[""c4"",""c2"",[],[[""m4.0"",""q0"",[],null,[],[[""direct"",null,""m4.1"",[]],[""return"",null]]],[""m4.1"",""q1"",[],null,[],[[""check"",""p1""],[""return"",null]]]]],[""c5"",""c2"",[],[[""m5.0"",""q0"",[],null,[],[[""direct"",null,""m5.1"",[]],[""return"",null]]],[""m5.1"",""q1"",[],null,[],[[""check"",""p0""],[""return"",null]]]]],[""c6"",""c2"",[],[[""m6.0"",""q0"",[],null,[],[[""direct"",null,""m6.1"",[]],[""return"",null]]],[""m6.1"",""q1"",[],null,[],[[""check"",""p1""],[""return"",null]]]]],[""c7"",""c2"",[],[[""m7.0"",""q0"",[],null,[],[[""direct"",null,""m7.1"",[]],[""return"",null]]],[""m7.1"",""q1"",[],null,[],[[""check"",""p0""],[""return"",null]]]]]],[[""s0"",""c0"",""c3""]],[[""e0"",""s0"",""q0"",[]]]]","[[""p0"",""p1"",""p2""],[[""c0"",null,[],[[""m0.0"",""q0"",[],null,[],[[""return"",null]]]]],[""c1"",""c0"",[],[]],[""c2"",""c1"",[],[]],[""c3"",""c2"",[],[[""m3.0"",""q0"",[],null,[],[[""direct"",null,""m3.2"",[]],[""direct"",null,""m3.1"",[]],[""return"",null]]],[""m3.1"",""q1"",[],null,[],[[""check"",""p0""],[""return"",null]]],[""m3.2"",""q2"",[],null,[],[[""return"",null]]]]],[""c4"",""c2"",[],[[""m4.0"",""q0"",[],null,[],[[""direct"",null,""m4.1"",[]],[""return"",null]]],[""m4.1"",""q1"",[],null,[],[[""check"",""p1""],[""return"",null]]]]],[""c5"",""c2"",[],[[""m5.0"",""q0"",[],null,[],[[""direct"",null,""m5.1"",[]],[""return"",null]]],[""m5.1"",""q1"",[],null,[],[[""check"",""p0""],[""return"",null]]]]],[""c6"",""c2"",[],[[""m6.0"",""q0"",[],null,[],[[""direct"",null,""m6.1"",[]],[""return"",null]]],[""m6.1"",""q1"",[],null,[],[[""check"",""p1""],[""return"",null]]]]],[""c7"",""c2"",[],[[""m7.0"",""q0"",[],null,[],[[""direct"",null,""m7.1"",[]],[""return"",null]]],[""m7.1"",""q1"",[],null,[],[[""check"",""p0""],[""return"",null]]]]]],[[""s0"",""c0"",""c3""]],[[""e0"",""s0"",""q0"",[]]]]"
267,hierarchy,2,3,2,0,False,"[[""p0"",""p1"",""p2""],[[""c0"",null,[],[[""m0.0"",""q0"",[],null,[],[[""return"",null]]]]],[""c1"",""c0"",[],[]],[""c2"",""c1"",[],[]],[""c3"",""c2"",[],[[""m3.0"",""q0"",[],null,[],[[""direct"",null,""m3.1"",[]],[""return"",null]]],[""m3.1"",""q1"",[],null,[],[[""direct"",null,""m3.2"",[]],[""return"",null]]],[""m3.2"",""q2"",[],null,[],[[""check"",""p0""],[""return"",null]]]]],[""c4"",""c2"",[],[[""m4.0"",""q0"",[],null,[],[[""direct"",null,""m4.1"",[]],[""return"",null]]],[""m4.1"",""q1"",[],null,[],[[""direct"",null,""m4.2"",[]],[""return"",null]]],[""m4.2"",""q2"",[],null,[],[[""check"",""p1""],[""return"",null]]]]],[""c5"",""c2"",[],[[""m5.0"",""q0"",[],null,[],[[""direct"",null,""m5.1"",[]],[""return"",null]]],[""m5.1"",""q1"",[],null,[],[[""direct"",null,""m5.2"",[]],[""return"",null]]],[""m5.2"",""q2"",[],null,[],[[""check"",""p0""],[""return"",null]]]]],[""c6"",""c2"",[],[[""m6.0"",""q0"",[],null,[],[[""direct"",null,""m6.1"",[]],[""return"",null]]],[""m6.1"",""q1"",[],null,[],[[""direct"",null,""m6.2"",[]],[""return"",null]]],[""m6.2"",""q2"",[],null,[],[[""check"",""p1""],[""return"",null]]]]],[""c7"",""c2"",[],[[""m7.0"",""q0"",[],null,[],[[""direct"",null,""m7.1"",[]],[""return"",null]]],[""m7.1"",""q1"",[],null,[],[[""direct"",null,""m7.2"",[]],[""return"",null]]],[""m7.2"",""q2"",[],null,[],[[""check"",""p0""],[""return"",null]]]]]],[[""s0"",""c0"",""c3""]],[[""e0"",""s0"",""q0"",[]]]]","[[""p0"",""p1"",""p2""],[[""c0"",null,[],[[""m0.0"",""q0"",[],null,[],[[""return"",null]]]]],[""c1"",""c0"",[],[]],[""c2"",""c1"",[],[]],[""c3"",""c2"",[],[[""m3.0"",""q0"",[],null,[],[[""direct"",null,""m3.1"",[]],[""return"",null]]],[""m3.1"",""q1"",[],null,[],[[""direct"",null,""m3.2"",[]],[""return"",null]]],[""m3.2"",""q2"",[],null,[],[[""check"",""p0""],[""return"",null]]]]],[""c4"",""c2"",[],[[""m4.0"",""q0"",[],null,[],[[""direct"",null,""m4.1"",[]],[""return"",null]]],[""m4.1"",""q1"",[],null,[],[[""direct"",null,""m4.2"",[]],[""return"",null]]],[""m4.2"",""q2"",[],null,[],[[""check"",""p1""],[""return"",null]]]]],[""c5"",""c2"",[],[[""m5.0"",""q0"",[],null,[],[[""direct"",null,""m5.1"",[]],[""return"",null]]],[""m5.1"",""q1"",[],null,[],[[""direct"",null,""m5.2"",[]],[""return"",null]]],[""m5.2"",""q2"",[],null,[],[[""check"",""p0""],[""return"",null]]]]],[""c6"",""c2"",[],[[""m6.0"",""q0"",[],null,[],[[""direct"",null,""m6.1"",[]],[""return"",null]]],[""m6.1"",""q1"",[],null,[],[[""direct"",null,""m6.2"",[]],[""return"",null]]],[""m6.2"",""q2"",[],null,[],[[""check"",""p1""],[""return"",null]]]]],[""c7"",""c2"",[],[[""m7.0"",""q0"",[],null,[],[[""direct"",null,""m7.1"",[]],[""return"",null]]],[""m7.1"",""q1"",[],null,[],[[""direct"",null,""m7.2"",[]],[""return"",null]]],[""m7.2"",""q2"",[],null,[],[[""check"",""p0""],[""return"",null]]]]]],[[""s0"",""c0"",""c4""]],[[""e0"",""s0"",""q0"",[]]]]"
268,hierarchy,3,3,2,0,True,"[[""p0"",""p1"",""p2""],[[""c0"",null,[],[[""m0.0"",""q0"",[],null,[],[[""return"",null]]]]],[""c1"",""c0"",[],[]],[""c2"",""c1"",[],[]],[""c3"",""c2"",[],[[""m3.0"",""q0"",[],null,[],[[""direct"",null,""m3.1"",[]],[""return"",null]]],[""m3.1"",""q1"",[],null,[],[[""direct"",null,""m3.2"",[]],[""return"",null]]],[""m3.2"",""q2"",[],null,[],[[""direct"",null,""m3.3"",[]],[""return"",null]]],[""m3.3"",""q3"",[],null,[],[[""check"",""p0""],[""return"",null]]]]],[""c4"",""c2"",[],[[""m4.0"",""q0"",[],null,[],[[""direct"",null,""m4.1"",[]],[""return"",null]]],[""m4.1"",""q1"",[],null,[],[[""direct"",null,""m4.2"",[]],[""return"",null]]],[""m4.2"",""q2"",[],null,[],[[""direct"",null,""m4.3"",[]],[""return"",null]]],[""m4.3"",""q3"",[],null,[],[[""check"",""p1""],[""return"",null]]]]],[""c5"",""c2"",[],[[""m5.0"",""q0"",[],null,[],[[""direct"",null,""m5.1"",[]],[""return"",null]]],[""m5.1"",""q1"",[],null,[],[[""direct"",null,""m5.2"",[]],[""return"",null]]],[""m5.2"",""q2"",[],null,[],[[""direct"",null,""m5.3"",[]],[""return"",null]]],[""m5.3"",""q3"",[],null,[],[[""check"",""p0""],[""return"",null]]]]],[""c6"",""c2"",[],[[""m6.0"",""q0"",[],null,[],[[""direct"",null,""m6.1"",[]],[""return"",null]]],[""m6.1"",""q1"",[],null,[],[[""direct"",null,""m6.2"",[]],[""return"",null]]],[""m6.2"",""q2"",[],null,[],[[""direct"",null,""m6.3"",[]],[""return"",null]]],[""m6.3"",""q3"",[],null,[],[[""check"",""p1""],[""return"",null]]]]],[""c7"",""c2"",[],[[""m7.0"",""q0"",[],null,[],[[""direct"",null,""m7.1"",[]],[""return"",null]]],[""m7.1"",""q1"",[],null,[],[[""direct"",null,""m7.2"",[]],[""return"",null]]],[""m7.2"",""q2"",[],null,[],[[""direct"",null,""m7.3"",[]],[""return"",null]]],[""m7.3"",""q3"",[],null,[],[[""check"",""p0""],[""return"",null]]]]]],[[""s0"",""c0"",""c3""]],[[""e0"",""s0"",""q0"",[]]]]","[[""p0"",""p1"",""p2""],[[""c0"",null,[],[[""m0.0"",""q0"",[],null,[],[[""return"",null]]]]],[""c1"",""c0"",[],[]],[""c2"",""c1"",[],[]],[""c3"",""c2"",[],[[""m3.0"",""q0"",[],null,[],[[""direct"",null,""m3.1"",[]],[""return"",null]]],[""m3.1"",""q1"",[],null,[],[[""direct"",null,""m3.2"",[]],[""return"",null]]],[""m3.2"",""q2"",[],null,[],[[""direct"",null,""m3.3"",[]],[""return"",null]]],[""m3.3"",""q3"",[],null,[],[[""check"",""p0""],[""return"",null]]]]],[""c4"",""c2"",[],[[""m4.0"",""q0"",[],null,[],[[""direct"",null,""m4.1"",[]],[""return"",null]]],[""m4.1"",""q1"",[],null,[],[[""direct"",null,""m4.2"",[]],[""return"",null]]],[""m4.2"",""q2"",[],null,[],[[""direct"",null,""m4.3"",[]],[""return"",null]]],[""m4.3"",""q3"",[],null,[],[[""check"",""p1""],[""return"",null]]]]],[""c5"",""c2"",[],[[""m5.0"",""q0"",[],null,[],[[""direct"",null,""m5.1"",[]],[""return"",null]]],[""m5.1"",""q1"",[],null,[],[[""direct"",null,""m5.2"",[]],[""return"",null]]],[""m5.2"",""q2"",[],null,[],[[""direct"",null,""m5.3"",[]],[""return"",null]]],[""m5.3"",""q3"",[],null,[],[[""check"",""p0""],[""return"",null]]]]],[""c6"",""c2"",[],[[""m6.0"",""q0"",[],null,[],[[""direct"",null,""m6.1"",[]],[""return"",null]]],[""m6.1"",""q1"",[],null,[],[[""direct"",null,""m6.2"",[]],[""return"",null]]],[""m6.2"",""q2"",[],null,[],[[""direct"",null,""m6.3"",[]],[""return"",null]]],[""m6.3"",""q3"",[],null,[],[[""check"",""p1""],[""return"",null]]]]],[""c7"",""c2"",[],[[""m7.0"",""q0"",[],null,[],[[""direct"",null,""m7.1"",[]],[""return"",null]]],[""m7.1"",""q1"",[],null,[],[[""direct"",null,""m7.2"",[]],[""return"",null]]],[""m7.2"",""q2"",[],null,[],[[""direct"",null,""m7.3"",[]],[""return"",null]]],[""m7.3"",""q3"",[],null,[],[[""check"",""p0""],[""return"",null]]]]],[""c8"",""c2"",[],[[""m8.0"",""q0"",[],null,[],[[""check"",""p0""],[""return"",null]]]]]],[[""s0"",""c0"",""c3""]],[[""e0"",""s0"",""q0"",[]]]]"
269,hierarchy,4,3,2,0,False,"[[""p0"",""p1"",""p2""],[[""c0"",null,[],[[""m0.0"",""q0"",[],null,[],[[""return"",null]]]]],[""c1"",""c0"",[],[]],[""c2"",""c1"",[],[]],[""c3"",""c2"",[],[[""m3.0"",""q0"",[],null,[],[[""direct"",null,""m3.1"",[]],[""return"",null]]],[""m3.1"",""q1"",[],null,[],[[""direct"",null,""m3.2"",[]],[""return"",null]]],[""m3.2"",""q2"",[],null,[],[[""direct"",null,""m3.3"",[]],[""return"",null]]],[""m3.3"",""q3"",[],null,[],[[""direct"",null,""m3.4"",[]],[""return"",null]]],[""m3.4"",""q4"",[],null,[],[[""check"",""p0""],[""return"",null]]]]],[""c4"",""c2"",[],[[""m4.0"",""q0"",[],null,[],[[""direct"",null,""m4.1"",[]],[""return"",null]]],[""m4.1"",""q1"",[],null,[],[[""direct"",null,""m4.2"",[]],[""return"",null]]],[""m4.2"",""q2"",[],null,[],[[""direct"",null,""m4.3"",[]],[""return"",null]]],[""m4.3"",""q3"",[],null,[],[[""direct"",null,""m4.4"",[]],[""return"",null]]],[""m4.4"",""q4"",[],null,[],[[""check"",""p1""],[""return"",null]]]]],[""c5"",""c2"",[],[[""m5.0"",""q0"",[],null,[],[[""direct"",null,""m5.1"",[]],[""return"",null]]],[""m5.1"",""q1"",[],null,[],[[""direct"",null,""m5.2"",[]],[""return"",null]]],[""m5.2"",""q2"",[],null,[],[[""direct"",null,""m5.3"",[]],[""return"",null]]],[""m5.3"",""q3"",[],null,[],[[""direct"",null,""m5.4"",[]],[""return"",null]]],[""m5.4"",""q4"",[],null,[],[[""check"",""p0""],[""return"",null]]]]],[""c6"",""c2"",[],[[""m6.0"",""q0"",[],null,[],[[""direct"",null,""m6.1"",[]],[""return"",null]]],[""m6.1"",""q1"",[],null,[],[[""direct"",null,""m6.2"",[]],[""return"",null]]],[""m6.2"",""q2"",[],null,[],[[""direct"",null,""m6.3"",[]],[""return"",null]]],[""m6.3"",""q3"",[],null,[],[[""direct"",null,""m6.4"",[]],[""return"",null]]],[""m6.4"",""q4"",[],null,[],[[""check"",""p1""],[""return"",null]]]]],[""c7"",""c2"",[],[[""m7.0"",""q0"",[],null,[],[[""direct"",null,""m7.1"",[]],[""return"",null]]],[""m7.1"",""q1"",[],null,[],[[""direct"",null,""m7.2"",[]],[""return"",null]]],[""m7.2"",""q2"",[],null,[],[[""direct"",null,""m7.3"",[]],[""return"",null]]],[""m7.3"",""q3"",[],null,[],[[""direct"",null,""m7.4"",[]],[""return"",null]]],[""m7.4"",""q4"",[],null,[],[[""check"",""p0""],[""return"",null]]]]]],[[""s0"",""c0"",""c3""]],[[""e0"",""s0"",""q0"",[]]]]","[[""p0"",""p1"",""p2""],[[""c0"",null,[],[[""m0.0"",""q0"",[],null,[],[[""return"",null]]]]],[""c1"",""c0"",[],[]],[""c2"",""c1"",[],[]],[""c3"",""c2"",[],[[""m3.0"",""q0"",[],null,[],[[""direct"",null,""m3.1"",[]],[""return"",null]]],[""m3.1"",""q1"",[],null,[],[[""direct"",null,""m3.2"",[]],[""return"",null]]],[""m3.2"",""q2"",[],null,[],[[""direct"",null,""m3.3"",[]],[""return"",null]]],[""m3.3"",""q3"",[],null,[],[[""direct"",null,""m3.4"",[]],[""return"",null]]],[""m3.4"",""q4"",[],null,[],[[""check"",""p0""],[""return"",null]]]]],[""c4"",""c2"",[],[[""m4.0"",""q0"",[],null,[],[[""direct"",null,""m4.1"",[]],[""return"",null]]],[""m4.1"",""q1"",[],null,[],[[""direct"",null,""m4.2"",[]],[""return"",null]]],[""m4.2"",""q2"",[],null,[],[[""direct"",null,""m4.3"",[]],[""return"",null]]],[""m4.3"",""q3"",[],null,[],[[""direct"",null,""m4.4"",[]],[""return"",null]]],[""m4.4"",""q4"",[],null,[],[[""check"",""p1""],[""return"",null]]]]],[""c5"",""c2"",[],[[""m5.0"",""q0"",[],null,[],[[""direct"",null,""m5.1"",[]],[""return"",null]]],[""m5.1"",""q1"",[],null,[],[[""direct"",null,""m5.2"",[]],[""return"",null]]],[""m5.2"",""q2"",[],null,[],[[""direct"",null,""m5.3"",[]],[""return"",null]]],[""m5.3"",""q3"",[],null,[],[[""direct"",null,""m5.4"",[]],[""return"",null]]],[""m5.4"",""q4"",[],null,[],[[""check"",""p0""],[""return"",null]]]]],[""c6"",""c2"",[],[[""m6.0"",""q0"",[],null,[],[[""direct"",null,""m6.1"",[]],[""return"",null]]],[""m6.1"",""q1"",[],null,[],[[""direct"",null,""m6.2"",[]],[""return"",null]]],[""m6.2"",""q2"",[],null,[],[[""direct"",null,""m6.3"",[]],[""return"",null]]],[""m6.3"",""q3"",[],null,[],[[""direct"",null,""m6.4"",[]],[""return"",null]]],[""m6.4"",""q4"",[],null,[],[[""check"",""p1""],[""return"",null]]]]],[""c7"",""c2"",[],[[""m7.0"",""q0"",[],null,[],[[""direct"",null,""m7.1"",[]],[""return"",null]]],[""m7.1"",""q1"",[],null,[],[[""direct"",null,""m7.2"",[]],[""return"",null]]],[""m7.2"",""q2"",[],null,[],[[""direct"",null,""m7.3"",[]],[""return"",null]]],[""m7.3"",""q3"",[],null,[],[[""direct"",null,""m7.4"",[]],[""return"",null]]],[""m7.4"",""q4"",[],null,[],[[""check"",""p0""],[""return"",null]]]]]],[[""s0"",""c0"",""c4""]],[[""e0"",""s0"",""q0"",[]]]]"
270,hierarchy,0,4,2,1,True,"[[""p0"",""p1"",""p2""],[[""c0"",null,[],[[""m0.0"",""q0"",[],null,[],[[""return"",null]]]]],[""c1"",""c0"",[],[]],[""c2"",""c1"",[],[]],[""c3"",""c2"",[],[[""m3.0"",""q0"",[],null,[],[[""check"",""p0""],[""opaque"",[[""check"",""p2""]]],[""return"",null]]]]],[""c4"",""c2"",[],[[""m4.0"",""q0"",[],null,[],[[""check"",""p1""],[""return"",null]]]]],[""c5"",""c2"",[],[[""m5.0"",""q0"",[],null,[],[[""check"",""p0""],[""return"",null]]]]],[""c6"",""c2"",[],[[""m6.0"",""q0"",[],null,[],[[""check"",""p1""],[""return"",null]]]]],[""c7"",""c2"",[],[[""m7.0"",""q0"",[],null,[],[[""check"",""p0""],[""return"",null]]]]],[""c8"",""c2"",[],[[""m8.0"",""q0"",[],null,[],[[""check"",""p1""],[""return"",null]]]]]],[[""s0"",""c0"",""c3""]],[[""e0"",""s0"",""q0"",[]]]]","[[""p0"",""p1"",""p2""],[[""c0"",null,[],[[""m0.0"",""q0"",[],null,[],[[""return"",null]]]]],[""c1"",""c0"",[],[]],[""c2"",""c1"",[],[]],[""c3"",""c2"",[],[[""m3.0"",""q0"",[],null,[],[[""check"",""p0""],[""opaque"",[[""check"",""p2""]]],[""return"",null]]]]],[""c4"",""c2"",[],[[""m4.0"",""q0"",[],null,[],[[""check"",""p1""],[""return"",null]]]]],[""c5"",""c2"",[],[[""m5.0"",""q0"",[],null,[],[[""check"",""p0""],[""return"",null]]]]],[""c6"",""c2"",[],[[""m6.0"",""q0"",[],null,[],[[""check"",""p1""],[""return"",null]]]]],[""c7"",""c2"",[],[[""m7.0"",""q0"",[],null,[],[[""check"",""p0""],[""return"",null]]]]],[""c8"",""c2"",[],[[""m8.0"",""q0"",[],null,[],[[""check"",""p1""],[""return"",null]]]]],[""c9"",""c2"",[],[]]],[[""s0"",""c0"",""c3""]],[[""e0"",""s0"",""q0"",[]]]]"
271,hierarchy,1,4,2,0,False,"[[""p0"",""p1"",""p2""],[[""c0"",null,[],[[""m0.0"",""q0"",[],null,[],[[""return"",null]]]]],[""c1"",""c0"",[],[]],[""c2"",""c1"",[],[]],[""c3"",""c2"",[],[[""m3.0"",""q0"",[],null,[],[[""direct"",null,""m3.1"",[]],[""return"",null]]],[""m3.1"",""q1"",[],null,[],[[""check"",""p0""],[""return"",null]]]]],[""c4"",""c2"",[],[[""m4.0"",""q0"",[],null,[],[[""direct"",null,""m4.1"",[]],[""return"",null]]],[""m4.1"",""q1"",[],null,[],[[""check"",""p1""],[""return"",null]]]]],[""c5"",""c2"",[],[[""m5.0"",""q0"",[],null,[],[[""direct"",null,""m5.1"",[]],[""return"",null]]],[""m5.1"",""q1"",[],null,[],[[""check"",""p0""],[""return"",null]]]]],[""c6"",""c2"",[],[[""m6.0"",""q0"",[],null,[],[[""direct"",null,""m6.1"",[]],[""return"",null]]],[""m6.1"",""q1"",[],null,[],[[""check"",""p1""],[""return"",null]]]]],[""c7"",""c2"",[],[[""m7.0"",""q0"",[],null,[],[[""direct"",null,""m7.1"",[]],[""return"",null]]],[""m7.1"",""q1"",[],null,[],[[""check"",""p0""],[""return"",null]]]]],[""c8"",""c2"",[],[[""m8.0"",""q0"",[],null,[],[[""direct"",null,""m8.1"",[]],[""return"",null]]],[""m8.1"",""q1"",[],null,[],[[""check"",""p1""],[""return"",null]]]]]],[[""s0"",""c0"",""c3""]],[[""e0"",""s0"",""q0"",[]]]]","[[""p0"",""p1"",""p2""],[[""c0"",null,[],[[""m0.0"",""q0"",[],null,[],[[""return"",null]]]]],[""c1"",""c0"",[],[]],[""c2"",""c1"",[],[]],[""c3"",""c2"",[],[[""m3.0"",""q0"",[],null,[],[[""direct"",null,""m3.1"",[]],[""return"",null]]],[""m3.1"",""q1"",[],null,[],[[""check"",""p0""],[""return"",null]]]]],[""c4"",""c2"",[],[[""m4.0"",""q0"",[],null,[],[[""direct"",null,""m4.1"",[]],[""return"",null]]],[""m4.1"",""q1"",[],null,[],[[""check"",""p1""],[""return"",null]]]]],[""c5"",""c2"",[],[[""m5.0"",""q0"",[],null,[],[[""direct"",null,""m5.1"",[]],[""return"",null]]],[""m5.1"",""q1"",[],null,[],[[""check"",""p0""],[""return"",null]]]]],[""c6"",""c2"",[],[[""m6.0"",""q0"",[],null,[],[[""direct"",null,""m6.1"",[]],[""return"",null]]],[""m6.1"",""q1"",[],null,[],[[""check"",""p1""],[""return"",null]]]]],[""c7"",""c2"",[],[[""m7.0"",""q0"",[],null,[],[[""direct"",null,""m7.1"",[]],[""return"",null]]],[""m7.1"",""q1"",[],null,[],[[""check"",""p0""],[""return"",null]]]]],[""c8"",""c2"",[],[[""m8.0"",""q0"",[],null,[],[[""direct"",null,""m8.1"",[]],[""return"",null]]],[""m8.1"",""q1"",[],null,[],[[""check"",""p1""],[""return"",null]]]]]],[[""s0"",""c0"",""c4""]],[[""e0"",""s0"",""q0"",[]]]]"
272,hierarchy,2,4,2,0,True,"[[""p0"",""p1"",""p2""],[[""c0"",null,[],[[""m0.0"",""q0"",[],null,[],[[""return"",null]]]]],[""c1"",""c0"",[],[]],[""c2"",""c1"",[],[]],[""c3"",""c2"",[],[[""m3.0"",""q0"",[],null,[],[[""direct"",null,""m3.1"",[]],[""return"",null]]],[""m3.1"",""q1"",[],null,[],[[""direct"",null,""m3.2"",[]],[""return"",null]]],[""m3.2"",""q2"",[],null,[],[[""check"",""p0""],[""return"",null]]]]],[""c4"",""c2"",[],[[""m4.0"",""q0"",[],null,[],[[""direct"",null,""m4.1"",[]],[""return"",null]]],[""m4.1"",""q1"",[],null,[],[[""direct"",null,""m4.2"",[]],[""return"",null]]],[""m4.2"",""q2"",[],null,[],[[""check"",""p1""],[""return"",null]]]]],[""c5"",""c2"",[],[[""m5.0"",""q0"",[],null,[],[[""direct"",null,""m5.1"",[]],[""return"",null]]],[""m5.1"",""q1"",[],null,[],[[""direct"",null,""m5.2"",[]],[""return"",null]]],[""m5.2"",""q2"",[],null,[],[[""check"",""p0""],[""return"",null]]]]],[""c6"",""c2"",[],[[""m6.0"",""q0"",[],null,[],[[""direct"",null,""m6.1"",[]],[""return"",null]]],[""m6.1"",""q1"",[],null,[],[[""direct"",null,""m6.2"",[]],[""return"",null]]],[""m6.2"",""q2"",[],null,[],[[""check"",""p1""],[""return"",null]]]]],[""c7"",""c2"",[],[[""m7.0"",""q0"",[],null,[],[[""direct"",null,""m7.1"",[]],[""return"",null]]],[""m7.1"",""q1"",[],null,[],[[""direct"",null,""m7.2"",[]],[""return"",null]]],[""m7.2"",""q2"",[],null,[],[[""check"",""p0""],[""return"",null]]]]],[""c8"",""c2"",[],[[""m8.0"",""q0"",[],null,[],[[""direct"",null,""m8.1"",[]],[""return"",null]]],[""m8.1"",""q1"",[],null,[],[[""direct"",null,""m8.2"",[]],[""return"",null]]],[""m8.2"",""q2"",[],null,[],[[""check"",""p1""],[""return"",null]]]]]],[[""s0"",""c0"",""c3""]],[[""e0"",""s0"",""q0"",[]]]]","[[""p0"",""p1"",""p2""],[[""c0"",null,[],[[""m0.0"",""q0"",[],null,[],[[""return"",null]]]]],[""c1"",""c0"",[],[]],[""c2"",""c1"",[],[]],[""c3"",""c2"",[],[[""m3.0"",""q0"",[],null,[],[[""direct"",null,""m3.3"",[]],[""direct"",null,""m3.1"",[]],[""return"",null]]],[""m3.1"",""q1"",[],null,[],[[""direct"",null,""m3.2"",[]],[""return"",null]]],[""m3.2"",""q2"",[],null,[],[[""check"",""p0""],[""return"",null]]],[""m3.3"",""q3"",[],null,[],[[""return"",null]]]]],[""c4"",""c2"",[],[[""m4.0"",""q0"",[],null,[],[[""direct"",null,""m4.1"",[]],[""return"",null]]],[""m4.1"",""q1"",[],null,[],[[""direct"",null,""m4.2"",[]],[""return"",null]]],[""m4.2"",""q2"",[],null,[],[[""check"",""p1""],[""return"",null]]]]],[""c5"",""c2"",[],[[""m5.0"",""q0"",[],null,[],[[""direct"",null,""m5.1"",[]],[""return"",null]]],[""m5.1"",""q1"",[],null,[],[[""direct"",null,""m5.2"",[]],[""return"",null]]],[""m5.2"",""q2"",[],null,[],[[""check"",""p0""],[""return"",null]]]]],[""c6"",""c2"",[],[[""m6.0"",""q0"",[],null,[],[[""direct"",null,""m6.1"",[]],[""return"",null]]],[""m6.1"",""q1"",[],null,[],[[""direct"",null,""m6.2"",[]],[""return"",null]]],[""m6.2"",""q2"",[],null,[],[[""check"",""p1""],[""return"",null]]]]],[""c7"",""c2"",[],[[""m7.0"",""q0"",[],null,[],[[""direct"",null,""m7.1"",[]],[""return"",null]]],[""m7.1"",""q1"",[],null,[],[[""direct"",null,""m7.2"",[]],[""return"",null]]],[""m7.2"",""q2"",[],null,[],[[""check"",""p0""],[""return"",null]]]]],[""c8"",""c2"",[],[[""m8.0"",""q0"",[],null,[],[[""direct"",null,""m8.1"",[]],[""return"",null]]],[""m8.1"",""q1"",[],null,[],[[""direct"",null,""m8.2"",[]],[""return"",null]]],[""m8.2"",""q2"",[],null,[],[[""check"",""p1""],[""return"",null]]]]]],[[""s0"",""c0"",""c3""]],[[""e0"",""s0"",""q0"",[]]]]"
273,hierarchy,3,4,2,0,False,"[[""p0"",""p1"",""p2""],[[""c0"",null,[],[[""m0.0"",""q0"",[],null,[],[[""return"",null]]]]],[""c1"",""c0"",[],[]],[""c2"",""c1"",[],[]],[""c3"",""c2"",[],[[""m3.0"",""q0"",[],null,[],[[""direct"",null,""m3.1"",[]],[""return"",null]]],[""m3.1"",""q1"",[],null,[],[[""direct"",null,""m3.2"",[]],[""return"",null]]],[""m3.2"",""q2"",[],null,[],[[""direct"",null,""m3.3"",[]],[""return"",null]]],[""m3.3"",""q3"",[],null,[],[[""check"",""p0""],[""return"",null]]]]],[""c4"",""c2"",[],[[""m4.0"",""q0"",[],null,[],[[""direct"",null,""m4.1"",[]],[""return"",null]]],[""m4.1"",""q1"",[],null,[],[[""direct"",null,""m4.2"",[]],[""return"",null]]],[""m4.2"",""q2"",[],null,[],[[""direct"",null,""m4.3"",[]],[""return"",null]]],[""m4.3"",""q3"",[],null,[],[[""check"",""p1""],[""return"",null]]]]],[""c5"",""c2"",[],[[""m5.0"",""q0"",[],null,[],[[""direct"",null,""m5.1"",[]],[""return"",null]]],[""m5.1"",""q1"",[],null,[],[[""direct"",null,""m5.2"",[]],[""return"",null]]],[""m5.2"",""q2"",[],null,[],[[""direct"",null,""m5.3"",[]],[""return"",null]]],[""m5.3"",""q3"",[],null,[],[[""check"",""p0""],[""return"",null]]]]],[""c6"",""c2"",[],[[""m6.0"",""q0"",[],null,[],[[""direct"",null,""m6.1"",[]],[""return"",null]]],[""m6.1"",""q1"",[],null,[],[[""direct"",null,""m6.2"",[]],[""return"",null]]],[""m6.2"",""q2"",[],null,[],[[""direct"",null,""m6.3"",[]],[""return"",null]]],[""m6.3"",""q3"",[],null,[],[[""check"",""p1""],[""return"",null]]]]],[""c7"",""c2"",[],[[""m7.0"",""q0"",[],null,[],[[""direct"",null,""m7.1"",[]],[""return"",null]]],[""m7.1"",""q1"",[],null,[],[[""direct"",null,""m7.2"",[]],[""return"",null]]],[""m7.2"",""q2"",[],null,[],[[""direct"",null,""m7.3"",[]],[""return"",null]]],[""m7.3"",""q3"",[],null,[],[[""check"",""p0""],[""return"",null]]]]],[""c8"",""c2"",[],[[""m8.0"",""q0"",[],null,[],[[""direct"",null,""m8.1"",[]],[""return"",null]]],[""m8.1"",""q1"",[],null,[],[[""direct"",null,""m8.2"",[]],[""return"",null]]],[""m8.2"",""q2"",[],null,[],[[""direct"",null,""m8.3"",[]],[""return"",null]]],[""m8.3"",""q3"",[],null,[],[[""check"",""p1""],[""return"",null]]]]]],[[""s0"",""c0"",""c3""]],[[""e0"",""s0"",""q0"",[]]]]","[[""p0"",""p1"",""p2""],[[""c0"",null,[],[[""m0.0"",""q0"",[],null,[],[[""return"",null]]]]],[""c1"",""c0"",[],[]],[""c2"",""c1"",[],[]],[""c3"",""c2"",[],[[""m3.0"",""q0"",[],null,[],[[""direct"",null,""m3.1"",[]],[""return"",null]]],[""m3.1"",""q1"",[],null,[],[[""direct"",null,""m3.2"",[]],[""return"",null]]],[""m3.2"",""q2"",[],null,[],[[""direct"",null,""m3.3"",[]],[""return"",null]]],[""m3.3"",""q3"",[],null,[],[[""check"",""p0""],[""return"",null]]]]],[""c4"",""c2"",[],[[""m4.0"",""q0"",[],null,[],[[""direct"",null,""m4.1"",[]],[""return"",null]]],[""m4.1"",""q1"",[],null,[],[[""direct"",null,""m4.2"",[]],[""return"",null]]],[""m4.2"",""q2"",[],null,[],[[""direct"",null,""m4.3"",[]],[""return"",null]]],[""m4.3"",""q3"",[],null,[],[[""check"",""p1""],[""return"",null]]]]],[""c5"",""c2"",[],[[""m5.0"",""q0"",[],null,[],[[""direct"",null,""m5.1"",[]],[""return"",null]]],[""m5.1"",""q1"",[],null,[],[[""direct"",null,""m5.2"",[]],[""return"",null]]],[""m5.2"",""q2"",[],null,[],[[""direct"",null,""m5.3"",[]],[""return"",null]]],[""m5.3"",""q3"",[],null,[],[[""check"",""p0""],[""return"",null]]]]],[""c6"",""c2"",[],[[""m6.0"",""q0"",[],null,[],[[""direct"",null,""m6.1"",[]],[""return"",null]]],[""m6.1"",""q1"",[],null,[],[[""direct"",null,""m6.2"",[]],[""return"",null]]],[""m6.2"",""q2"",[],null,[],[[""direct"",null,""m6.3"",[]],[""return"",null]]],[""m6.3"",""q3"",[],null,[],[[""check"",""p1""],[""return"",null]]]]],[""c7"",""c2"",[],[[""m7.0"",""q0"",[],null,[],[[""direct"",null,""m7.1"",[]],[""return"",null]]],[""m7.1"",""q1"",[],null,[],[[""direct"",null,""m7.2"",[]],[""return"",null]]],[""m7.2"",""q2"",[],null,[],[[""direct"",null,""m7.3"",[]],[""return"",null]]],[""m7.3"",""q3"",[],null,[],[[""check"",""p0""],[""return"",null]]]]],[""c8"",""c2"",[],[[""m8.0"",""q0"",[],null,[],[[""direct"",null,""m8.1"",[]],[""return"",null]]],[""m8.1"",""q1"",[],null,[],[[""direct"",null,""m8.2"",[]],[""return"",null]]],[""m8.2"",""q2"",[],null,[],[[""direct"",null,""m8.3"",[]],[""return"",null]]],[""m8.3"",""q3"",[],null,[],[[""check"",""p1""],[""return"",null]]]]]],[[""s0"",""c0"",""c4""]],[[""e0"",""s0"",""q0"",[]]]]"
274,hierarchy,4,4,2,0,True,"[[""p0"",""p1"",""p2""],[[""c0"",null,[],[[""m0.0"",""q0"",[],null,[],[[""return"",null]]]]],[""c1"",""c0"",[],[]],[""c2"",""c1"",[],[]],[""c3"",""c2"",[],[[""m3.0"",""q0"",[],null,[],[[""direct"",null,""m3.1"",[]],[""return"",null]]],[""m3.1"",""q1"",[],null,[],[[""direct"",null,""m3.2"",[]],[""return"",null]]],[""m3.2"",""q2"",[],null,[],[[""direct"",null,""m3.3"",[]],[""return"",null]]],[""m3.3"",""q3"",[],null,[],[[""direct"",null,""m3.4"",[]],[""return"",null]]],[""m3.4"",""q4"",[],null,[],[[""check"",""p0""],[""return"",null]]]]],[""c4"",""c2"",[],[[""m4.0"",""q0"",[],null,[],[[""direct"",null,""m4.1"",[]],[""return"",null]]],[""m4.1"",""q1"",[],null,[],[[""direct"",null,""m4.2"",[]],[""return"",null]]],[""m4.2"",""q2"",[],null,[],[[""direct"",null,""m4.3"",[]],[""return"",null]]],[""m4.3"",""q3"",[],null,[],[[""direct"",null,""m4.4"",[]],[""return"",null]]],[""m4.4"",""q4"",[],null,[],[[""check"",""p1""],[""return"",null]]]]],[""c5"",""c2"",[],[[""m5.0"",""q0"",[],null,[],[[""direct"",null,""m5.1"",[]],[""return"",null]]],[""m5.1"",""q1"",[],null,[],[[""direct"",null,""m5.2"",[]],[""return"",null]]],[""m5.2"",""q2"",[],null,[],[[""direct"",null,""m5.3"",[]],[""return"",null]]],[""m5.3"",""q3"",[],null,[],[[""direct"",null,""m5.4"",[]],[""return"",null]]],[""m5.4"",""q4"",[],null,[],[[""check"",""p0""],[""return"",null]]]]],[""c6"",""c2"",[],[[""m6.0"",""q0"",[],null,[],[[""direct"",null,""m6.1"",[]],[""return"",null]]],[""m6.1"",""q1"",[],null,[],[[""direct"",null,""m6.2"",[]],[""return"",null]]],[""m6.2"",""q2"",[],null,[],[[""direct"",null,""m6.3"",[]],[""return"",null]]],[""m6.3"",""q3"",[],null,[],[[""direct"",null,""m6.4"",[]],[""return"",null]]],[""m6.4"",""q4"",[],null,[],[[""check"",""p1""],[""return"",null]]]]],[""c7"",""c2"",[],[[""m7.0"",""q0"",[],null,[],[[""direct"",null,""m7.1"",[]],[""return"",null]]],[""m7.1"",""q1"",[],null,[],[[""direct"",null,""m7.2"",[]],[""return"",null]]],[""m7.2"",""q2"",[],null,[],[[""direct"",null,""m7.3"",[]],[""return"",null]]],[""m7.3"",""q3"",[],null,[],[[""direct"",null,""m7.4"",[]],[""return"",null]]],[""m7.4"",""q4"",[],null,[],[[""check"",""p0""],[""return"",null]]]]],[""c8"",""c2"",[],[[""m8.0"",""q0"",[],null,[],[[""direct"",null,""m8.1"",[]],[""return"",null]]],[""m8.1"",""q1"",[],null,[],[[""direct"",null,""m8.2"",[]],[""return"",null]]],[""m8.2"",""q2"",[],null,[],[[""direct"",null,""m8.3"",[]],[""return"",null]]],[""m8.3"",""q3"",[],null,[],[[""direct"",null,""m8.4"",[]],[""return"",null]]],[""m8.4"",""q4"",[],null,[],[[""check"",""p1""],[""return"",null]]]]]],[[""s0"",""c0"",""c3""]],[[""e0"",""s0"",""q0"",[]]]]","[[""p0"",""p1"",""p2""],[[""c0"",null,[],[[""m0.0"",""q0"",[],null,[],[[""return"",null]]]]],[""c1"",""c0"",[],[]],[""c2"",""c1"",[],[]],[""c3"",""c2"",[],[[""m3.0"",""q0"",[],null,[],[[""direct"",null,""m3.1"",[]],[""return"",null]]],[""m3.1"",""q1"",[],null,[],[[""direct"",null,""m3.2"",[]],[""return"",null]]],[""m3.2"",""q2"",[],null,[],[[""direct"",null,""m3.3"",[]],[""return"",null]]],[""m3.3"",""q3"",[],null,[],[[""direct"",null,""m3.4"",[]],[""return"",null]]],[""m3.4"",""q4"",[],null,[],[[""check"",""p0""],[""return"",null]]]]],[""c4"",""c2"",[],[[""m4.0"",""q0"",[],null,[],[[""direct"",null,""m4.1"",[]],[""return"",null]]],[""m4.1"",""q1"",[],null,[],[[""direct"",null,""m4.2"",[]],[""return"",null]]],[""m4.2"",""q2"",[],null,[],[[""direct"",null,""m4.3"",[]],[""return"",null]]],[""m4.3"",""q3"",[],null,[],[[""direct"",null,""m4.4"",[]],[""return"",null]]],[""m4.4"",""q4"",[],null,[],[[""check"",""p1""],[""return"",null]]]]],[""c5"",""c2"",[],[[""m5.0"",""q0"",[],null,[],[[""direct"",null,""m5.1"",[]],[""return"",null]]],[""m5.1"",""q1"",[],null,[],[[""direct"",null,""m5.2"",[]],[""return"",null]]],[""m5.2"",""q2"",[],null,[],[[""direct"",null,""m5.3"",[]],[""return"",null]]],[""m5.3"",""q3"",[],null,[],[[""direct"",null,""m5.4"",[]],[""return"",null]]],[""m5.4"",""q4"",[],null,[],[[""check"",""p0""],[""return"",null]]]]],[""c6"",""c2"",[],[[""m6.0"",""q0"",[],null,[],[[""direct"",null,""m6.1"",[]],[""return"",null]]],[""m6.1"",""q1"",[],null,[],[[""direct"",null,""m6.2"",[]],[""return"",null]]],[""m6.2"",""q2"",[],null,[],[[""direct"",null,""m6.3"",[]],[""return"",null]]],[""m6.3"",""q3"",[],null,[],[[""direct"",null,""m6.4"",[]],[""return"",null]]],[""m6.4"",""q4"",[],null,[],[[""check"",""p1""],[""return"",null]]]]],[""c7"",""c2"",[],[[""m7.0"",""q0"",[],null,[],[[""direct"",null,""m7.1"",[]],[""return"",null]]],[""m7.1"",""q1"",[],null,[],[[""direct"",null,""m7.2"",[]],[""return"",null]]],[""m7.2"",""q2"",[],null,[],[[""direct"",null,""m7.3"",[]],[""return"",null]]],[""m7.3"",""q3"",[],null,[],[[""direct"",null,""m7.4"",[]],[""return"",null]]],[""m7.4"",""q4"",[],null,[],[[""check"",""p0""],[""return"",null]]]]],[""c8"",""c2"",[],[[""m8.0"",""q0"",[],null,[],[[""direct"",null,""m8.1"",[]],[""return"",null]]],[""m8.1"",""q1"",[],null,[],[[""direct"",null,""m8.2"",[]],[""return"",null]]],[""m8.2"",""q2"",[],null,[],[[""direct"",null,""m8.3"",[]],[""return"",null]]],[""m8.3"",""q3"",[],null,[],[[""direct"",null,""m8.4"",[]],[""return"",null]]],[""m8.4"",""q4"",[],null,[],[[""check"",""p1""],[""return"",null]]]]],[""c9"",""c2"",[],[[""m9.0"",""q0"",[],null,[],[[""check"",""p0""],[""return"",null]]]]]],[[""s0"",""c0"",""c3""]],[[""e0"",""s0"",""q0"",[]]]]"
275,hierarchy,0,0,3,2,False,"[[""p0"",""p1"",""p2""],[[""c0"",null,[],[[""m0.0"",""q0"",[],null,[],[[""return"",null]]]]],[""c1"",""c0"",[],[]],[""c2"",""c1"",[],[]],[""c3"",""c2"",[],[]],[""c4"",""c3"",[],[[""m4.0"",""q0"",[],null,[],[[""check"",""p0""],[""opaque"",[[""direct"",null,""m4.1"",[]]]],[""return"",null]]],[""m4.1"",""q1"",[],null,[],[[""opaque"",[[""check"",""p2""]]],[""return"",null]]]]],[""c5"",""c3"",[],[[""m5.0"",""q0"",[],null,[],[[""check"",""p1""],[""return"",null]]]]]],[[""s0"",""c0"",""c4""]],[[""e0"",""s0"",""q0"",[]]]]","[[""p0"",""p1"",""p2""],[[""c0"",null,[],[[""m0.0"",""q0"",[],null,[],[[""return"",null]]]]],[""c1"",""c0"",[],[]],[""c2"",""c1"",[],[]],[""c3"",""c2"",[],[]],[""c4"",""c3"",[],[[""m4.0"",""q0"",[],null,[],[[""check"",""p0""],[""return"",null]]]]],[""c5"",""c3"",[],[[""m5.0"",""q0"",[],null,[],[[""check"",""p1""],[""opaque"",[[""direct"",null,""m5.1"",[]]]],[""return"",null]]],[""m5.1"",""q1"",[],null,[],[[""opaque"",[[""check"",""p2""]]],[""return"",null]]]]]],[[""s0"",""c0"",""c5""]],[[""e0"",""s0"",""q0"",[]]]]"
276,hierarchy,1,0,3,0,True,"[[""p0"",""p1"",""p2""],[[""c0"",null,[],[[""m0.0"",""q0"",[],null,[],[[""return"",null]]]]],[""c1"",""c0"",[],[]],[""c2"",""c1"",[],[]],[""c3"",""c2"",[],[]],[""c4"",""c3"",[],[[""m4.0"",""q0"",[],null,[],[[""direct"",null,""m4.1"",[]],[""return"",null]]],[""m4.1"",""q1"",[],null,[],[[""check"",""p0""],[""return"",null]]]]],[""c5"",""c3"",[],[[""m5.0"",""q0"",[],null,[],[[""direct"",null,""m5.1"",[]],[""return"",null]]],[""m5.1"",""q1"",[],null,[],[[""check"",""p1""],[""return"",null]]]]]],[[""s0"",""c0"",""c4""]],[[""e0"",""s0"",""q0"",[]]]]","[[""p0"",""p1"",""p2""],[[""c0"",null,[],[[""m0.0"",""q0"",[],null,[],[[""return"",null]]]]],[""c1"",""c0"",[],[]],[""c2"",""c1"",[],[]],[""c3"",""c2"",[],[]],[""c4"",""c3"",[],[[""m4.0"",""q0"",[],null,[],[[""direct"",null,""m4.1"",[]],[""return"",null]]],[""m4.1"",""q1"",[],null,[],[[""check"",""p0""],[""return"",null]]]]],[""c5"",""c3"",[],[[""m5.0"",""q0"",[],null,[],[[""direct"",null,""m5.1"",[]],[""return"",null]]],[""m5.1"",""q1"",[],null,[],[[""check"",""p1""],[""return"",null]]]]],[""c6"",""c3"",[],[]]],[[""s0"",""c0"",""c4""]],[[""e0"",""s0"",""q0"",[]]]]"
277,hierarchy,2,0,3,0,False,"[[""p0"",""p1"",""p2""],[[""c0"",null,[],[[""m0.0"",""q0"",[],null,[],[[""return"",null]]]]],[""c1"",""c0"",[],[]],[""c2"",""c1"",[],[]],[""c3"",""c2"",[],[]],[""c4"",""c3"",[],[[""m4.0"",""q0"",[],null,[],[[""direct"",null,""m4.1"",[]],[""return"",null]]],[""m4.1"",""q1"",[],null,[],[[""direct"",null,""m4.2"",[]],[""return"",null]]],[""m4.2"",""q2"",[],null,[],[[""check"",""p0""],[""return"",null]]]]],[""c5"",""c3"",[],[[""m5.0"",""q0"",[],null,[],[[""direct"",null,""m5.1"",[]],[""return"",null]]],[""m5.1"",""q1"",[],null,[],[[""direct"",null,""m5.2"",[]],[""return"",null]]],[""m5.2"",""q2"",[],null,[],[[""check"",""p1""],[""return"",null]]]]]],[[""s0"",""c0"",""c4""]],[[""e0"",""s0"",""q0"",[]]]]","[[""p0"",""p1"",""p2""],[[""c0"",null,[],[[""m0.0"",""q0"",[],null,[],[[""return"",null]]]]],[""c1"",""c0"",[],[]],[""c2"",""c1"",[],[]],[""c3"",""c2"",[],[]],[""c4"",""c3"",[],[[""m4.0"",""q0"",[],null,[],[[""direct"",null,""m4.1"",[]],[""return"",null]]],[""m4.1"",""q1"",[],null,[],[[""direct"",null,""m4.2"",[]],[""return"",null]]],[""m4.2"",""q2"",[],null,[],[[""check"",""p0""],[""return"",null]]]]],[""c5"",""c3"",[],[[""m5.0"",""q0"",[],null,[],[[""direct"",null,""m5.1"",[]],[""return"",null]]],[""m5.1"",""q1"",[],null,[],[[""direct"",null,""m5.2"",[]],[""return"",null]]],[""m5.2"",""q2"",[],null,[],[[""check"",""p1""],[""return"",null]]]]]],[[""s0"",""c0"",""c5""]],[[""e0"",""s0"",""q0"",[]]]]"
278,hierarchy,3,0,3,0,True,"[[""p0"",""p1"",""p2""],[[""c0"",null,[],[[""m0.0"",""q0"",[],null,[],[[""return"",null]]]]],[""c1"",""c0"",[],[]],[""c2"",""c1"",[],[]],[""c3"",""c2"",[],[]],[""c4"",""c3"",[],[[""m4.0"",""q0"",[],null,[],[[""direct"",null,""m4.1"",[]],[""return"",null]]],[""m4.1"",""q1"",[],null,[],[[""direct"",null,""m4.2"",[]],[""return"",null]]],[""m4.2"",""q2"",[],null,[],[[""direct"",null,""m4.3"",[]],[""return"",null]]],[""m4.3"",""q3"",[],null,[],[[""check"",""p0""],[""return"",null]]]]],[""c5"",""c3"",[],[[""m5.0"",""q0"",[],null,[],[[""direct"",null,""m5.1"",[]],[""return"",null]]],[""m5.1"",""q1"",[],null,[],[[""direct"",null,""m5.2"",[]],[""return"",null]]],[""m5.2"",""q2"",[],null,[],[[""direct"",null,""m5.3"",[]],[""return"",null]]],[""m5.3"",""q3"",[],null,[],[[""check"",""p1""],[""return"",null]]]]]],[[""s0"",""c0"",""c4""]],[[""e0"",""s0"",""q0"",[]]]]","[[""p0"",""p1"",""p2""],[[""c0"",null,[],[[""m0.0"",""q0"",[],null,[],[[""return"",null]]]]],[""c1"",""c0"",[],[]],[""c2"",""c1"",[],[]],[""c3"",""c2"",[],[]],[""c4"",""c3"",[],[[""m4.0"",""q0"",[],null,[],[[""direct"",null,""m4.4"",[]],[""direct"",null,""m4.1"",[]],[""return"",null]]],[""m4.1"",""q1"",[],null,[],[[""direct"",null,""m4.2"",[]],[""return"",null]]],[""m4.2"",""q2"",[],null,[],[[""direct"",null,""m4.3"",[]],[""return"",null]]],[""m4.3"",""q3"",[],null,[],[[""check"",""p0""],[""return"",null]]],[""m4.4"",""q4"",[],null,[],[[""return"",null]]]]],[""c5"",""c3"",[],[[""m5.0"",""q0"",[],null,[],[[""direct"",null,""m5.1"",[]],[""return"",null]]],[""m5.1"",""q1"",[],null,[],[[""direct"",null,""m5.2"",[]],[""return"",null]]],[""m5.2"",""q2"",[],null,[],[[""direct"",null,""m5.3"",[]],[""return"",null]]],[""m5.3"",""q3"",[],null,[],[[""check"",""p1""],[""return"",null]]]]]],[[""s0"",""c0"",""c4""]],[[""e0"",""s0"",""q0"",[]]]]"
279,hierarchy,4,0,3,0,False,"[[""p0"",""p1"",""p2""],[[""c0"",null,[],[[""m0.0"",""q0"",[],null,[],[[""return"",null]]]]],[""c1"",""c0"",[],[]],[""c2"",""c1"",[],[]],[""c3"",""c2"",[],[]],[""c4"",""c3"",[],[[""m4.0"",""q0"",[],null,[],[[""direct"",null,""m4.1"",[]],[""return"",null]]],[""m4.1"",""q1"",[],null,[],[[""direct"",null,""m4.2"",[]],[""return"",null]]],[""m4.2"",""q2"",[],null,[],[[""direct"",null,""m4.3"",[]],[""return"",null]]],[""m4.3"",""q3"",[],null,[],[[""direct"",null,""m4.4"",[]],[""return"",null]]],[""m4.4"",""q4"",[],null,[],[[""check"",""p0""],[""return"",null]]]]],[""c5"",""c3"",[],[[""m5.0"",""q0"",[],null,[],[[""direct"",null,""m5.1"",[]],[""return"",null]]],[""m5.1"",""q1"",[],null,[],[[""direct"",null,""m5.2"",[]],[""return"",null]]],[""m5.2"",""q2"",[],null,[],[[""direct"",null,""m5.3"",[]],[""return"",null]]],[""m5.3"",""q3"",[],null,[],[[""direct"",null,""m5.4"",[]],[""return"",null]]],[""m5.4"",""q4"",[],null,[],[[""check"",""p1""],[""return"",null]]]]]],[[""s0"",""c0"",""c4""]],[[""e0"",""s0"",""q0"",[]]]]","[[""p0"",""p1"",""p2""],[[""c0"",null,[],[[""m0.0"",""q0"",[],null,[],[[""return"",null]]]]],[""c1"",""c0"",[],[]],[""c2"",""c1"",[],[]],[""c3"",""c2"",[],[]],[""c4"",""c3"",[],[[""m4.0"",""q0"",[],null,[],[[""direct"",null,""m4.1"",[]],[""return"",null]]],[""m4.1"",""q1"",[],null,[],[[""direct"",null,""m4.2"",[]],[""return"",null]]],[""m4.2"",""q2"",[],null,[],[[""direct"",null,""m4.3"",[]],[""return"",null]]],[""m4.3"",""q3"",[],null,[],[[""direct"",null,""m4.4"",[]],[""return"",null]]],[""m4.4"",""q4"",[],null,[],[[""check"",""p0""],[""return"",null]]]]],[""c5"",""c3"",[],[[""m5.0"",""q0"",[],null,[],[[""direct"",null,""m5.1"",[]],[""return"",null]]],[""m5.1"",""q1"",[],null,[],[[""direct"",null,""m5.2"",[]],[""return"",null]]],[""m5.2"",""q2"",[],null,[],[[""direct"",null,""m5.3"",[]],[""return"",null]]],[""m5.3"",""q3"",[],null,[],[[""direct"",null,""m5.4"",[]],[""return"",null]]],[""m5.4"",""q4"",[],null,[],[[""check"",""p1""],[""return"",null]]]]]],[[""s0"",""c0"",""c5""]],[[""e0"",""s0"",""q0"",[]]]]"
280,hierarchy,0,1,3,3,True,"[[""p0"",""p1"",""p2""],[[""c0"",null,[],[[""m0.0"",""q0"",[],null,[],[[""return"",null]]]]],[""c1"",""c0"",[],[]],[""c2"",""c1"",[],[]],[""c3"",""c2"",[],[]],[""c4"",""c3"",[],[[""m4.0"",""q0"",[],null,[],[[""check"",""p0""],[""opaque"",[[""direct"",null,""m4.1"",[]]]],[""return"",null]]],[""m4.1"",""q1"",[],null,[],[[""opaque"",[[""direct"",null,""m4.2"",[]]]],[""return"",null]]],[""m4.2"",""q2"",[],null,[],[[""opaque"",[[""check"",""p2""]]],[""return"",null]]]]],[""c5"",""c3"",[],[[""m5.0"",""q0"",[],null,[],[[""check"",""p1""],[""return"",null]]]]],[""c6"",""c3"",[],[[""m6.0"",""q0"",[],null,[],[[""check"",""p0""],[""return"",null]]]]]],[[""s0"",""c0"",""c4""]],[[""e0"",""s0"",""q0"",[]]]]","[[""p0"",""p1"",""p2""],[[""c0"",null,[],[[""m0.0"",""q0"",[],null,[],[[""return"",null]]]]],[""c1"",""c0"",[],[]],[""c2"",""c1"",[],[]],[""c3"",""c2"",[],[]],[""c4"",""c3"",[],[[""m4.0"",""q0"",[],null,[],[[""check"",""p0""],[""opaque"",[[""direct"",null,""m4.1"",[]]]],[""return"",null]]],[""m4.1"",""q1"",[],null,[],[[""opaque"",[[""direct"",null,""m4.2"",[]]]],[""return"",null]]],[""m4.2"",""q2"",[],null,[],[[""opaque"",[[""check"",""p2""]]],[""return"",null]]]]],[""c5"",""c3"",[],[[""m5.0"",""q0"",[],null,[],[[""check"",""p1""],[""return"",null]]]]],[""c6"",""c3"",[],[[""m6.0"",""q0"",[],null,[],[[""check"",""p0""],[""return"",null]]]]],[""c7"",""c3"",[],[[""m7.0"",""q0"",[],null,[],[[""check"",""p0""],[""return"",null]]]]]],[[""s0"",""c0"",""c4""]],[[""e0"",""s0"",""q0"",[]]]]"
281,hierarchy,1,1,3,0,False,"[[""p0"",""p1"",""p2""],[[""c0"",null,[],[[""m0.0"",""q0"",[],null,[],[[""return"",null]]]]],[""c1"",""c0"",[],[]],[""c2"",""c1"",[],[]],[""c3"",""c2"",[],[]],[""c4"",""c3"",[],[[""m4.0"",""q0"",[],null,[],[[""direct"",null,""m4.1"",[]],[""return"",null]]],[""m4.1"",""q1"",[],null,[],[[""check"",""p0""],[""return"",null]]]]],[""c5"",""c3"",[],[[""m5.0"",""q0"",[],null,[],[[""direct"",null,""m5.1"",[]],[""return"",null]]],[""m5.1"",""q1"",[],null,[],[[""check"",""p1""],[""return"",null]]]]],[""c6"",""c3"",[],[[""m6.0"",""q0"",[],null,[],[[""direct"",null,""m6.1"",[]],[""return"",null]]],[""m6.1"",""q1"",[],null,[],[[""check"",""p0""],[""return"",null]]]]]],[[""s0"",""c0"",""c4""]],[[""e0"",""s0"",""q0"",[]]]]","[[""p0"",""p1"",""p2""],[[""c0"",null,[],[[""m0.0"",""q0"",[],null,[],[[""return"",null]]]]],[""c1"",""c0"",[],[]],[""c2"",""c1"",[],[]],[""c3"",""c2"",[],[]],[""c4"",""c3"",[],[[""m4.0"",""q0"",[],null,[],[[""direct"",null,""m4.1"",[]],[""return"",null]]],[""m4.1"",""q1"",[],null,[],[[""check"",""p0""],[""return"",null]]]]],[""c5"",""c3"",[],[[""m5.0"",""q0"",[],null,[],[[""direct"",null,""m5.1"",[]],[""return"",null]]],[""m5.1"",""q1"",[],null,[],[[""check"",""p1""],[""return"",null]]]]],[""c6"",""c3"",[],[[""m6.0"",""q0"",[],null,[],[[""direct"",null,""m6.1"",[]],[""return"",null]]],[""m6.1"",""q1"",[],null,[],[[""check"",""p0""],[""return"",null]]]]]],[[""s0"",""c0"",""c5""]],[[""e0"",""s0"",""q0"",[]]]]"
282,hierarchy,2,1,3,0,True,"[[""p0"",""p1"",""p2""],[[""c0"",null,[],[[""m0.0"",""q0"",[],null,[],[[""return"",null]]]]],[""c1"",""c0"",[],[]],[""c2"",""c1"",[],[]],[""c3"",""c2"",[],[]],[""c4"",""c3"",[],[[""m4.0"",""q0"",[],null,[],[[""direct"",null,""m4.1"",[]],[""return"",null]]],[""m4.1"",""q1"",[],null,[],[[""direct"",null,""m4.2"",[]],[""return"",null]]],[""m4.2"",""q2"",[],null,[],[[""check"",""p0""],[""return"",null]]]]],[""c5"",""c3"",[],[[""m5.0"",""q0"",[],null,[],[[""direct"",null,""m5.1"",[]],[""return"",null]]],[""m5.1"",""q1"",[],null,[],[[""direct"",null,""m5.2"",[]],[""return"",null]]],[""m5.2"",""q2"",[],null,[],[[""check"",""p1""],[""return"",null]]]]],[""c6"",""c3"",[],[[""m6.0"",""q0"",[],null,[],[[""direct"",null,""m6.1"",[]],[""return"",null]]],[""m6.1"",""q1"",[],null,[],[[""direct"",null,""m6.2"",[]],[""return"",null]]],[""m6.2"",""q2"",[],null,[],[[""check"",""p0""],[""return"",null]]]]]],[[""s0"",""c0"",""c4""]],[[""e0"",""s0"",""q0"",[]]]]","[[""p0"",""p1"",""p2""],[[""c0"",null,[],[[""m0.0"",""q0"",[],null,[],[[""return"",null]]]]],[""c1"",""c0"",[],[]],[""c2"",""c1"",[],[]],[""c3"",""c2"",[],[]],[""c4"",""c3"",[],[[""m4.0"",""q0"",[],null,[],[[""direct"",null,""m4.1"",[]],[""return"",null]]],[""m4.1"",""q1"",[],null,[],[[""direct"",null,""m4.2"",[]],[""return"",null]]],[""m4.2"",""q2"",[],null,[],[[""check"",""p0""],[""return"",null]]]]],[""c5"",""c3"",[],[[""m5.0"",""q0"",[],null,[],[[""direct"",null,""m5.1"",[]],[""return"",null]]],[""m5.1"",""q1"",[],null,[],[[""direct"",null,""m5.2"",[]],[""return"",null]]],[""m5.2"",""q2"",[],null,[],[[""check"",""p1""],[""return"",null]]]]],[""c6"",""c3"",[],[[""m6.0"",""q0"",[],null,[],[[""direct"",null,""m6.1"",[]],[""return"",null]]],[""m6.1"",""q1"",[],null,[],[[""direct"",null,""m6.2"",[]],[""return"",null]]],[""m6.2"",""q2"",[],null,[],[[""check"",""p0""],[""return"",null]]]]],[""c7"",""c3"",[],[]]],[[""s0"",""c0"",""c4""]],[[""e0"",""s0"",""q0"",[]]]]"
283,hierarchy,3,1,3,0,False,"[[""p0"",""p1"",""p2""],[[""c0"",null,[],[[""m0.0"",""q0"",[],null,[],[[""return"",null]]]]],[""c1"",""c0"",[],[]],[""c2"",""c1"",[],[]],[""c3"",""c2"",[],[]],[""c4"",""c3"",[],[[""m4.0"",""q0"",[],null,[],[[""direct"",null,""m4.1"",[]],[""return"",null]]],[""m4.1"",""q1"",[],null,[],[[""direct"",null,""m4.2"",[]],[""return"",null]]],[""m4.2"",""q2"",[],null,[],[[""direct"",null,""m4.3"",[]],[""return"",null]]],[""m4.3"",""q3"",[],null,[],[[""check"",""p0""],[""return"",null]]]]],[""c5"",""c3"",[],[[""m5.0"",""q0"",[],null,[],[[""direct"",null,""m5.1"",[]],[""return"",null]]],[""m5.1"",""q1"",[],null,[],[[""direct"",null,""m5.2"",[]],[""return"",null]]],[""m5.2"",""q2"",[],null,[],[[""direct"",null,""m5.3"",[]],[""return"",null]]],[""m5.3"",""q3"",[],null,[],[[""check"",""p1""],[""return"",null]]]]],[""c6"",""c3"",[],[[""m6.0"",""q0"",[],null,[],[[""direct"",null,""m6.1"",[]],[""return"",null]]],[""m6.1"",""q1"",[],null,[],[[""direct"",null,""m6.2"",[]],[""return"",null]]],[""m6.2"",""q2"",[],null,[],[[""direct"",null,""m6.3"",[]],[""return"",null]]],[""m6.3"",""q3"",[],null,[],[[""check"",""p0""],[""return"",null]]]]]],[[""s0"",""c0"",""c4""]],[[""e0"",""s0"",""q0"",[]]]]","[[""p0"",""p1"",""p2""],[[""c0"",null,[],[[""m0.0"",""q0"",[],null,[],[[""return"",null]]]]],[""c1"",""c0"",[],[]],[""c2"",""c1"",[],[]],[""c3"",""c2"",[],[]],[""c4"",""c3"",[],[[""m4.0"",""q0"",[],null,[],[[""direct"",null,""m4.1"",[]],[""return"",null]]],[""m4.1"",""q1"",[],null,[],[[""direct"",null,""m4.2"",[]],[""return"",null]]],[""m4.2"",""q2"",[],null,[],[[""direct"",null,""m4.3"",[]],[""return"",null]]],[""m4.3"",""q3"",[],null,[],[[""check"",""p0""],[""return"",null]]]]],[""c5"",""c3"",[],[[""m5.0"",""q0"",[],null,[],[[""direct"",null,""m5.1"",[]],[""return"",null]]],[""m5.1"",""q1"",[],null,[],[[""direct"",null,""m5.2"",[]],[""return"",null]]],[""m5.2"",""q2"",[],null,[],[[""direct"",null,""m5.3"",[]],[""return"",null]]],[""m5.3"",""q3"",[],null,[],[[""check"",""p1""],[""return"",null]]]]],[""c6"",""c3"",[],[[""m6.0"",""q0"",[],null,[],[[""direct"",null,""m6.1"",[]],[""return"",null]]],[""m6.1"",""q1"",[],null,[],[[""direct"",null,""m6.2"",[]],[""return"",null]]],[""m6.2"",""q2"",[],null,[],[[""direct"",null,""m6.3"",[]],[""return"",null]]],[""m6.3"",""q3"",[],null,[],[[""check"",""p0""],[""return"",null]]]]]],[[""s0"",""c0"",""c5""]],[[""e0"",""s0"",""q0"",[]]]]"
284,hierarchy,4,1,3,0,True,"[[""p0"",""p1"",""p2""],[[""c0"",null,[],[[""m0.0"",""q0"",[],null,[],[[""return"",null]]]]],[""c1"",""c0"",[],[]],[""c2"",""c1"",[],[]],[""c3"",""c2"",[],[]],[""c4"",""c3"",[],[[""m4.0"",""q0"",[],null,[],[[""direct"",null,""m4.1"",[]],[""return"",null]]],[""m4.1"",""q1"",[],null,[],[[""direct"",null,""m4.2"",[]],[""return"",null]]],[""m4.2"",""q2"",[],null,[],[[""direct"",null,""m4.3"",[]],[""return"",null]]],[""m4.3"",""q3"",[],null,[],[[""direct"",null,""m4.4"",[]],[""return"",null]]],[""m4.4"",""q4"",[],null,[],[[""check"",""p0""],[""return"",null]]]]],[""c5"",""c3"",[],[[""m5.0"",""q0"",[],null,[],[[""direct"",null,""m5.1"",[]],[""return"",null]]],[""m5.1"",""q1"",[],null,[],[[""direct"",null,""m5.2"",[]],[""return"",null]]],[""m5.2"",""q2"",[],null,[],[[""direct"",null,""m5.3"",[]],[""return"",null]]],[""m5.3"",""q3"",[],null,[],[[""direct"",null,""m5.4"",[]],[""return"",null]]],[""m5.4"",""q4"",[],null,[],[[""check"",""p1""],[""return"",null]]]]],[""c6"",""c3"",[],[[""m6.0"",""q0"",[],null,[],[[""direct"",null,""m6.1"",[]],[""return"",null]]],[""m6.1"",""q1"",[],null,[],[[""direct"",null,""m6.2"",[]],[""return"",null]]],[""m6.2"",""q2"",[],null,[],[[""direct"",null,""m6.3"",[]],[""return"",null]]],[""m6.3"",""q3"",[],null,[],[[""direct"",null,""m6.4"",[]],[""return"",null]]],[""m6.4"",""q4"",[],null,[],[[""check"",""p0""],[""return"",null]]]]]],[[""s0"",""c0"",""c4""]],[[""e0"",""s0"",""q0"",[]]]]","[[""p0"",""p1"",""p2""],[[""c0"",null,[],[[""m0.0"",""q0"",[],null,[],[[""return"",null]]]]],[""c1"",""c0"",[],[]],[""c2"",""c1"",[],[]],[""c3"",""c2"",[],[]],[""c4"",""c3"",[],[[""m4.0"",""q0"",[],null,[],[[""direct"",null,""m4.5"",[]],[""direct"",null,""m4.1"",[]],[""return"",null]]],[""m4.1"",""q1"",[],null,[],[[""direct"",null,""m4.2"",[]],[""return"",null]]],[""m4.2"",""q2"",[],null,[],[[""direct"",null,""m4.3"",[]],[""return"",null]]],[""m4.3"",""q3"",[],null,[],[[""direct"",null,""m4.4"",[]],[""return"",null]]],[""m4.4"",""q4"",[],null,[],[[""check"",""p0""],[""return"",null]]],[""m4.5"",""q5"",[],null,[],[[""return"",null]]]]],[""c5"",""c3"",[],[[""m5.0"",""q0"",[],null,[],[[""direct"",null,""m5.1"",[]],[""return"",null]]],[""m5.1"",""q1"",[],null,[],[[""direct"",null,""m5.2"",[]],[""return"",null]]],[""m5.2"",""q2"",[],null,[],[[""direct"",null,""m5.3"",[]],[""return"",null]]],[""m5.3"",""q3"",[],null,[],[[""direct"",null,""m5.4"",[]],[""return"",null]]],[""m5.4"",""q4"",[],null,[],[[""check"",""p1""],[""return"",null]]]]],[""c6"",""c3"",[],[[""m6.0"",""q0"",[],null,[],[[""direct"",null,""m6.1"",[]],[""return"",null]]],[""m6.1"",""q1"",[],null,[],[[""direct"",null,""m6.2"",[]],[""return"",null]]],[""m6.2"",""q2"",[],null,[],[[""direct"",null,""m6.3"",[]],[""return"",null]]],[""m6.3"",""q3"",[],null,[],[[""direct"",null,""m6.4"",[]],[""return"",null]]],[""m6.4"",""q4"",[],null,[],[[""check"",""p0""],[""return"",null]]]]]],[[""s0"",""c0"",""c4""]],[[""e0"",""s0"",""q0"",[]]]]"
285,hierarchy,0,2,3,1,False,"[[""p0"",""p1"",""p2""],[[""c0"",null,[],[[""m0.0"",""q0"",[],null,[],[[""return"",null]]]]],[""c1"",""c0"",[],[]],[""c2"",""c1"",[],[]],[""c3"",""c2"",[],[]],[""c4"",""c3"",[],[[""m4.0"",""q0"",[],null,[],[[""check"",""p0""],[""opaque"",[[""check"",""p2""]]],[""return"",null]]]]],[""c5"",""c3"",[],[[""m5.0"",""q0"",[],null,[],[[""check"",""p1""],[""return"",null]]]]],[""c6"",""c3"",[],[[""m6.0"",""q0"",[],null,[],[[""check"",""p0""],[""return"",null]]]]],[""c7"",""c3"",[],[[""m7.0"",""q0"",[],null,[],[[""check"",""p1""],[""return"",null]]]]]],[[""s0"",""c0"",""c4""]],[[""e0"",""s0"",""q0"",[]]]]","[[""p0"",""p1"",""p2""],[[""c0"",null,[],[[""m0.0"",""q0"",[],null,[],[[""return"",null]]]]],[""c1"",""c0"",[],[]],[""c2"",""c1"",[],[]],[""c3"",""c2"",[],[]],[""c4"",""c3"",[],[[""m4.0"",""q0"",[],null,[],[[""check"",""p0""],[""return"",null]]]]],[""c5"",""c3"",[],[[""m5.0"",""q0"",[],null,[],[[""check"",""p1""],[""opaque"",[[""check"",""p2""]]],[""return"",null]]]]],[""c6"",""c3"",[],[[""m6.0"",""q0"",[],null,[],[[""check"",""p0""],[""return"",null]]]]],[""c7"",""c3"",[],[[""m7.0"",""q0"",[],null,[],[[""check"",""p1""],[""return"",null]]]]]],[[""s0"",""c0"",""c5""]],[[""e0"",""s0"",""q0"",[]]]]"
286,hierarchy,1,2,3,0,True,"[[""p0"",""p1"",""p2""],[[""c0"",null,[],[[""m0.0"",""q0"",[],null,[],[[""return"",null]]]]],[""c1"",""c0"",[],[]],[""c2"",""c1"",[],[]],[""c3"",""c2"",[],[]],[""c4"",""c3"",[],[[""m4.0"",""q0"",[],null,[],[[""direct"",null,""m4.1"",[]],[""return"",null]]],[""m4.1"",""q1"",[],null,[],[[""check"",""p0""],[""return"",null]]]]],[""c5"",""c3"",[],[[""m5.0"",""q0"",[],null,[],[[""direct"",null,""m5.1"",[]],[""return"",null]]],[""m5.1"",""q1"",[],null,[],[[""check"",""p1""],[""return"",null]]]]],[""c6"",""c3"",[],[[""m6.0"",""q0"",[],null,[],[[""direct"",null,""m6.1"",[]],[""return"",null]]],[""m6.1"",""q1"",[],null,[],[[""check"",""p0""],[""return"",null]]]]],[""c7"",""c3"",[],[[""m7.0"",""q0"",[],null,[],[[""direct"",null,""m7.1"",[]],[""return"",null]]],[""m7.1"",""q1"",[],null,[],[[""check"",""p1""],[""return"",null]]]]]],[[""s0"",""c0"",""c4""]],[[""e0"",""s0"",""q0"",[]]]]","[[""p0"",""p1"",""p2""],[[""c0"",null,[],[[""m0.0"",""q0"",[],null,[],[[""return"",null]]]]],[""c1"",""c0"",[],[]],[""c2"",""c1"",[],[]],[""c3"",""c2"",[],[]],[""c4"",""c3"",[],[[""m4.0"",""q0"",[],null,[],[[""direct"",null,""m4.1"",[]],[""return"",null]]],[""m4.1"",""q1"",[],null,[],[[""check"",""p0""],[""return"",null]]]]],[""c5"",""c3"",[],[[""m5.0"",""q0"",[],null,[],[[""direct"",null,""m5.1"",[]],[""return"",null]]],[""m5.1"",""q1"",[],null,[],[[""check"",""p1""],[""return"",null]]]]],[""c6"",""c3"",[],[[""m6.0"",""q0"",[],null,[],[[""direct"",null,""m6.1"",[]],[""return"",null]]],[""m6.1"",""q1"",[],null,[],[[""check"",""p0""],[""return"",null]]]]],[""c7"",""c3"",[],[[""m7.0"",""q0"",[],null,[],[[""direct"",null,""m7.1"",[]],[""return"",null]]],[""m7.1"",""q1"",[],null,[],[[""check"",""p1""],[""return"",null]]]]],[""c8"",""c3"",[],[[""m8.0"",""q0"",[],null,[],[[""check"",""p0""],[""return"",null]]]]]],[[""s0"",""c0"",""c4""]],[[""e0"",""s0"",""q0"",[]]]]"
287,hierarchy,2,2,3,0,False,"[[""p0"",""p1"",""p2""],[[""c0"",null,[],[[""m0.0"",""q0"",[],null,[],[[""return"",null]]]]],[""c1"",""c0"",[],[]],[""c2"",""c1"",[],[]],[""c3"",""c2"",[],[]],[""c4"",""c3"",[],[[""m4.0"",""q0"",[],null,[],[[""direct"",null,""m4.1"",[]],[""return"",null]]],[""m4.1"",""q1"",[],null,[],[[""direct"",null,""m4.2"",[]],[""return"",null]]],[""m4.2"",""q2"",[],null,[],[[""check"",""p0""],[""return"",null]]]]],[""c5"",""c3"",[],[[""m5.0"",""q0"",[],null,[],[[""direct"",null,""m5.1"",[]],[""return"",null]]],[""m5.1"",""q1"",[],null,[],[[""direct"",null,""m5.2"",[]],[""return"",null]]],[""m5.2"",""q2"",[],null,[],[[""check"",""p1""],[""return"",null]]]]],[""c6"",""c3"",[],[[""m6.0"",""q0"",[],null,[],[[""direct"",null,""m6.1"",[]],[""return"",null]]],[""m6.1"",""q1"",[],null,[],[[""direct"",null,""m6.2"",[]],[""return"",null]]],[""m6.2"",""q2"",[],null,[],[[""check"",""p0""],[""return"",null]]]]],[""c7"",""c3"",[],[[""m7.0"",""q0"",[],null,[],[[""direct"",null,""m7.1"",[]],[""return"",null]]],[""m7.1"",""q1"",[],null,[],[[""direct"",null,""m7.2"",[]],[""return"",null]]],[""m7.2"",""q2"",[],null,[],[[""check"",""p1""],[""return"",null]]]]]],[[""s0"",""c0"",""c4""]],[[""e0"",""s0"",""q0"",[]]]]","[[""p0"",""p1"",""p2""],[[""c0"",null,[],[[""m0.0"",""q0"",[],null,[],[[""return"",null]]]]],[""c1"",""c0"",[],[]],[""c2"",""c1"",[],[]],[""c3"",""c2"",[],[]],[""c4"",""c3"",[],[[""m4.0"",""q0"",[],null,[],[[""direct"",null,""m4.1"",[]],[""return"",null]]],[""m4.1"",""q1"",[],null,[],[[""direct"",null,""m4.2"",[]],[""return"",null]]],[""m4.2"",""q2"",[],null,[],[[""check"",""p0""],[""return"",null]]]]],[""c5"",""c3"",[],[[""m5.0"",""q0"",[],null,[],[[""direct"",null,""m5.1"",[]],[""return"",null]]],[""m5.1"",""q1"",[],null,[],[[""direct"",null,""m5.2"",[]],[""return"",null]]],[""m5.2"",""q2"",[],null,[],[[""check"",""p1""],[""return"",null]]]]],[""c6"",""c3"",[],[[""m6.0"",""q0"",[],null,[],[[""direct"",null,""m6.1"",[]],[""return"",null]]],[""m6.1"",""q1"",[],null,[],[[""direct"",null,""m6.2"",[]],[""return"",null]]],[""m6.2"",""q2"",[],null,[],[[""check"",""p0""],[""return"",null]]]]],[""c7"",""c3"",[],[[""m7.0"",""q0"",[],null,[],[[""direct"",null,""m7.1"",[]],[""return"",null]]],[""m7.1"",""q1"",[],null,[],[[""direct"",null,""m7.2"",[]],[""return"",null]]],[""m7.2"",""q2"",[],null,[],[[""check"",""p1""],[""return"",null]]]]]],[[""s0"",""c0"",""c5""]],[[""e0"",""s0"",""q0"",[]]]]"
288,hierarchy,3,2,3,0,True,"[[""p0"",""p1"",""p2""],[[""c0"",null,[],[[""m0.0"",""q0"",[],null,[],[[""return"",null]]]]],[""c1"",""c0"",[],[]],[""c2"",""c1"",[],[]],[""c3"",""c2"",[],[]],[""c4"",""c3"",[],[[""m4.0"",""q0"",[],null,[],[[""direct"",null,""m4.1"",[]],[""return"",null]]],[""m4.1"",""q1"",[],null,[],[[""direct"",null,""m4.2"",[]],[""return"",null]]],[""m4.2"",""q2"",[],null,[],[[""direct"",null,""m4.3"",[]],[""return"",null]]],[""m4.3"",""q3"",[],null,[],[[""check"",""p0""],[""return"",null]]]]],[""c5"",""c3"",[],[[""m5.0"",""q0"",[],null,[],[[""direct"",null,""m5.1"",[]],[""return"",null]]],[""m5.1"",""q1"",[],null,[],[[""direct"",null,""m5.2"",[]],[""return"",null]]],[""m5.2"",""q2"",[],null,[],[[""direct"",null,""m5.3"",[]],[""return"",null]]],[""m5.3"",""q3"",[],null,[],[[""check"",""p1""],[""return"",null]]]]],[""c6"",""c3"",[],[[""m6.0"",""q0"",[],null,[],[[""direct"",null,""m6.1"",[]],[""return"",null]]],[""m6.1"",""q1"",[],null,[],[[""direct"",null,""m6.2"",[]],[""return"",null]]],[""m6.2"",""q2"",[],null,[],[[""direct"",null,""m6.3"",[]],[""return"",null]]],[""m6.3"",""q3"",[],null,[],[[""check"",""p0""],[""return"",null]]]]],[""c7"",""c3"",[],[[""m7.0"",""q0"",[],null,[],[[""direct"",null,""m7.1"",[]],[""return"",null]]],[""m7.1"",""q1"",[],null,[],[[""direct"",null,""m7.2"",[]],[""return"",null]]],[""m7.2"",""q2"",[],null,[],[[""direct"",null,""m7.3"",[]],[""return"",null]]],[""m7.3"",""q3"",[],null,[],[[""check"",""p1""],[""return"",null]]]]]],[[""s0"",""c0"",""c4""]],[[""e0"",""s0"",""q0"",[]]]]","[[""p0"",""p1"",""p2""],[[""c0"",null,[],[[""m0.0"",""q0"",[],null,[],[[""return"",null]]]]],[""c1"",""c0"",[],[]],[""c2"",""c1"",[],[]],[""c3"",""c2"",[],[]],[""c4"",""c3"",[],[[""m4.0"",""q0"",[],null,[],[[""direct"",null,""m4.1"",[]],[""return"",null]]],[""m4.1"",""q1"",[],null,[],[[""direct"",null,""m4.2"",[]],[""return"",null]]],[""m4.2"",""q2"",[],null,[],[[""direct"",null,""m4.3"",[]],[""return"",null]]],[""m4.3"",""q3"",[],null,[],[[""check"",""p0""],[""return"",null]]]]],[""c5"",""c3"",[],[[""m5.0"",""q0"",[],null,[],[[""direct"",null,""m5.1"",[]],[""return"",null]]],[""m5.1"",""q1"",[],null,[],[[""direct"",null,""m5.2"",[]],[""return"",null]]],[""m5.2"",""q2"",[],null,[],[[""direct"",null,""m5.3"",[]],[""return"",null]]],[""m5.3"",""q3"",[],null,[],[[""check"",""p1""],[""return"",null]]]]],[""c6"",""c3"",[],[[""m6.0"",""q0"",[],null,[],[[""direct"",null,""m6.1"",[]],[""return"",null]]],[""m6.1"",""q1"",[],null,[],[[""direct"",null,""m6.2"",[]],[""return"",null]]],[""m6.2"",""q2"",[],null,[],[[""direct"",null,""m6.3"",[]],[""return"",null]]],[""m6.3"",""q3"",[],null,[],[[""check"",""p0""],[""return"",null]]]]],[""c7"",""c3"",[],[[""m7.0"",""q0"",[],null,[],[[""direct"",null,""m7.1"",[]],[""return"",null]]],[""m7.1"",""q1"",[],null,[],[[""direct"",null,""m7.2"",[]],[""return"",null]]],[""m7.2"",""q2"",[],null,[],[[""direct"",null,""m7.3"",[]],[""return"",null]]],[""m7.3"",""q3"",[],null,[],[[""check"",""p1""],[""return"",null]]]]],[""c8"",""c3"",[],[]]],[[""s0"",""c0"",""c4""]],[[""e0"",""s0"",""q0"",[]]]]"
289,hierarchy,4,2,3,0,False,"[[""p0"",""p1"",""p2""],[[""c0"",null,[],[[""m0.0"",""q0"",[],null,[],[[""return"",null]]]]],[""c1"",""c0"",[],[]],[""c2"",""c1"",[],[]],[""c3"",""c2"",[],[]],[""c4"",""c3"",[],[[""m4.0"",""q0"",[],null,[],[[""direct"",null,""m4.1"",[]],[""return"",null]]],[""m4.1"",""q1"",[],null,[],[[""direct"",null,""m4.2"",[]],[""return"",null]]],[""m4.2"",""q2"",[],null,[],[[""direct"",null,""m4.3"",[]],[""return"",null]]],[""m4.3"",""q3"",[],null,[],[[""direct"",null,""m4.4"",[]],[""return"",null]]],[""m4.4"",""q4"",[],null,[],[[""check"",""p0""],[""return"",null]]]]],[""c5"",""c3"",[],[[""m5.0"",""q0"",[],null,[],[[""direct"",null,""m5.1"",[]],[""return"",null]]],[""m5.1"",""q1"",[],null,[],[[""direct"",null,""m5.2"",[]],[""return"",null]]],[""m5.2"",""q2"",[],null,[],[[""direct"",null,""m5.3"",[]],[""return"",null]]],[""m5.3"",""q3"",[],null,[],[[""direct"",null,""m5.4"",[]],[""return"",null]]],[""m5.4"",""q4"",[],null,[],[[""check"",""p1""],[""return"",null]]]]],[""c6"",""c3"",[],[[""m6.0"",""q0"",[],null,[],[[""direct"",null,""m6.1"",[]],[""return"",null]]],[""m6.1"",""q1"",[],null,[],[[""direct"",null,""m6.2"",[]],[""return"",null]]],[""m6.2"",""q2"",[],null,[],[[""direct"",null,""m6.3"",[]],[""return"",null]]],[""m6.3"",""q3"",[],null,[],[[""direct"",null,""m6.4"",[]],[""return"",null]]],[""m6.4"",""q4"",[],null,[],[[""check"",""p0""],[""return"",null]]]]],[""c7"",""c3"",[],[[""m7.0"",""q0"",[],null,[],[[""direct"",null,""m7.1"",[]],[""return"",null]]],[""m7.1"",""q1"",[],null,[],[[""direct"",null,""m7.2"",[]],[""return"",null]]],[""m7.2"",""q2"",[],null,[],[[""direct"",null,""m7.3"",[]],[""return"",null]]],[""m7.3"",""q3"",[],null,[],[[""direct"",null,""m7.4"",[]],[""return"",null]]],[""m7.4"",""q4"",[],null,[],[[""check"",""p1""],[""return"",null]]]]]],[[""s0"",""c0"",""c4""]],[[""e0"",""s0"",""q0"",[]]]]","[[""p0"",""p1"",""p2""],[[""c0"",null,[],[[""m0.0"",""q0"",[],null,[],[[""return"",null]]]]],[""c1"",""c0"",[],[]],[""c2"",""c1"",[],[]],[""c3"",""c2"",[],[]],[""c4"",""c3"",[],[[""m4.0"",""q0"",[],null,[],[[""direct"",null,""m4.1"",[]],[""return"",null]]],[""m4.1"",""q1"",[],null,[],[[""direct"",null,""m4.2"",[]],[""return"",null]]],[""m4.2"",""q2"",[],null,[],[[""direct"",null,""m4.3"",[]],[""return"",null]]],[""m4.3"",""q3"",[],null,[],[[""direct"",null,""m4.4"",[]],[""return"",null]]],[""m4.4"",""q4"",[],null,[],[[""check"",""p0""],[""return"",null]]]]],[""c5"",""c3"",[],[[""m5.0"",""q0"",[],null,[],[[""direct"",null,""m5.1"",[]],[""return"",null]]],[""m5.1"",""q1"",[],null,[],[[""direct"",null,""m5.2"",[]],[""return"",null]]],[""m5.2"",""q2"",[],null,[],[[""direct"",null,""m5.3"",[]],[""return"",null]]],[""m5.3"",""q3"",[],null,[],[[""direct"",null,""m5.4"",[]],[""return"",null]]],[""m5.4"",""q4"",[],null,[],[[""check"",""p1""],[""return"",null]]]]],[""c6"",""c3"",[],[[""m6.0"",""q0"",[],null,[],[[""direct"",null,""m6.1"",[]],[""return"",null]]],[""m6.1"",""q1"",[],null,[],[[""direct"",null,""m6.2"",[]],[""return"",null]]],[""m6.2"",""q2"",[],null,[],[[""direct"",null,""m6.3"",[]],[""return"",null]]],[""m6.3"",""q3"",[],null,[],[[""direct"",null,""m6.4"",[]],[""return"",null]]],[""m6.4"",""q4"",[],null,[],[[""check"",""p0""],[""return"",null]]]]],[""c7"",""c3"",[],[[""m7.0"",""q0"",[],null,[],[[""direct"",null,""m7.1"",[]],[""return"",null]]],[""m7.1"",""q1"",[],null,[],[[""direct"",null,""m7.2"",[]],[""return"",null]]],[""m7.2"",""q2"",[],null,[],[[""direct"",null,""m7.3"",[]],[""return"",null]]],[""m7.3"",""q3"",[],null,[],[[""direct"",null,""m7.4"",[]],[""return"",null]]],[""m7.4"",""q4"",[],null,[],[[""check"",""p1""],[""return"",null]]]]]],[[""s0"",""c0"",""c5""]],[[""e0"",""s0"",""q0"",[]]]]"
290,hierarchy,0,3,3,2,True,"[[""p0"",""p1"",""p2""],[[""c0"",null,[],[[""m0.0"",""q0"",[],null,[],[[""return"",null]]]]],[""c1"",""c0"",[],[]],[""c2"",""c1"",[],[]],[""c3"",""c2"",[],[]],[""c4"",""c3"",[],[[""m4.0"",""q0"",[],null,[],[[""check"",""p0""],[""opaque"",[[""direct"",null,""m4.1"",[]]]],[""return"",null]]],[""m4.1"",""q1"",[],null,[],[[""opaque"",[[""check"",""p2""]]],[""return"",null]]]]],[""c5"",""c3"",[],[[""m5.0"",""q0"",[],null,[],[[""check"",""p1""],[""return"",null]]]]],[""c6"",""c3"",[],[[""m6.0"",""q0"",[],null,[],[[""check"",""p0""],[""return"",null]]]]],[""c7"",""c3"",[],[[""m7.0"",""q0"",[],null,[],[[""check"",""p1""],[""return"",null]]]]],[""c8"",""c3"",[],[[""m8.0"",""q0"",[],null,[],[[""check"",""p0""],[""return"",null]]]]]],[[""s0"",""c0"",""c4""]],[[""e0"",""s0"",""q0"",[]]]]","[[""p0"",""p1"",""p2""],[[""c0"",null,[],[[""m0.0"",""q0"",[],null,[],[[""return"",null]]]]],[""c1"",""c0"",[],[]],[""c2"",""c1"",[],[]],[""c3"",""c2"",[],[]],[""c4"",""c3"",[],[[""m4.0"",""q0"",[],null,[],[[""direct"",null,""m4.2"",[]],[""check"",""p0""],[""opaque"",[[""direct"",null,""m4.1"",[]]]],[""return"",null]]],[""m4.1"",""q1"",[],null,[],[[""opaque"",[[""check"",""p2""]]],[""return"",null]]],[""m4.2"",""q2"",[],null,[],[[""return"",null]]]]],[""c5"",""c3"",[],[[""m5.0"",""q0"",[],null,[],[[""check"",""p1""],[""return"",null]]]]],[""c6"",""c3"",[],[[""m6.0"",""q0"",[],null,[],[[""check"",""p0""],[""return"",null]]]]],[""c7"",""c3"",[],[[""m7.0"",""q0"",[],null,[],[[""check"",""p1""],[""return"",null]]]]],[""c8"",""c3"",[],[[""m8.0"",""q0"",[],null,[],[[""check"",""p0""],[""return"",null]]]]]],[[""s0"",""c0"",""c4""]],[[""e0"",""s0"",""q0"",[]]]]"
291,hierarchy,1,3,3,0,False,"[[""p0"",""p1"",""p2""],[[""c0"",null,[],[[""m0.0"",""q0"",[],null,[],[[""return"",null]]]]],[""c1"",""c0"",[],[]],[""c2"",""c1"",[],[]],[""c3"",""c2"",[],[]],[""c4"",""c3"",[],[[""m4.0"",""q0"",[],null,[],[[""direct"",null,""m4.1"",[]],[""return"",null]]],[""m4.1"",""q1"",[],null,[],[[""check"",""p0""],[""return"",null]]]]],[""c5"",""c3"",[],[[""m5.0"",""q0"",[],null,[],[[""direct"",null,""m5.1"",[]],[""return"",null]]],[""m5.1"",""q1"",[],null,[],[[""check"",""p1""],[""return"",null]]]]],[""c6"",""c3"",[],[[""m6.0"",""q0"",[],null,[],[[""direct"",null,""m6.1"",[]],[""return"",null]]],[""m6.1"",""q1"",[],null,[],[[""check"",""p0""],[""return"",null]]]]],[""c7"",""c3"",[],[[""m7.0"",""q0"",[],null,[],[[""direct"",null,""m7.1"",[]],[""return"",null]]],[""m7.1"",""q1"",[],null,[],[[""check"",""p1""],[""return"",null]]]]],[""c8"",""c3"",[],[[""m8.0"",""q0"",[],null,[],[[""direct"",null,""m8.1"",[]],[""return"",null]]],[""m8.1"",""q1"",[],null,[],[[""check"",""p0""],[""return"",null]]]]]],[[""s0"",""c0"",""c4""]],[[""e0"",""s0"",""q0"",[]]]]","[[""p0"",""p1"",""p2""],[[""c0"",null,[],[[""m0.0"",""q0"",[],null,[],[[""return"",null]]]]],[""c1"",""c0"",[],[]],[""c2"",""c1"",[],[]],[""c3"",""c2"",[],[]],[""c4"",""c3"",[],[[""m4.0"",""q0"",[],null,[],[[""direct"",null,""m4.1"",[]],[""return"",null]]],[""m4.1"",""q1"",[],null,[],[[""check"",""p0""],[""return"",null]]]]],[""c5"",""c3"",[],[[""m5.0"",""q0"",[],null,[],[[""direct"",null,""m5.1"",[]],[""return"",null]]],[""m5.1"",""q1"",[],null,[],[[""check"",""p1""],[""return"",null]]]]],[""c6"",""c3"",[],[[""m6.0"",""q0"",[],null,[],[[""direct"",null,""m6.1"",[]],[""return"",null]]],[""m6.1"",""q1"",[],null,[],[[""check"",""p0""],[""return"",null]]]]],[""c7"",""c3"",[],[[""m7.0"",""q0"",[],null,[],[[""direct"",null,""m7.1"",[]],[""return"",null]]],[""m7.1"",""q1"",[],null,[],[[""check"",""p1""],[""return"",null]]]]],[""c8"",""c3"",[],[[""m8.0"",""q0"",[],null,[],[[""direct"",null,""m8.1"",[]],[""return"",null]]],[""m8.1"",""q1"",[],null,[],[[""check"",""p0""],[""return"",null]]]]]],[[""s0"",""c0"",""c5""]],[[""e0"",""s0"",""q0"",[]]]]"
292,hierarchy,2,3,3,0,True,"[[""p0"",""p1"",""p2""],[[""c0"",null,[],[[""m0.0"",""q0"",[],null,[],[[""return"",null]]]]],[""c1"",""c0"",[],[]],[""c2"",""c1"",[],[]],[""c3"",""c2"",[],[]],[""c4"",""c3"",[],[[""m4.0"",""q0"",[],null,[],[[""direct"",null,""m4.1"",[]],[""return"",null]]],[""m4.1"",""q1"",[],null,[],[[""direct"",null,""m4.2"",[]],[""return"",null]]],[""m4.2"",""q2"",[],null,[],[[""check"",""p0""],[""return"",null]]]]],[""c5"",""c3"",[],[[""m5.0"",""q0"",[],null,[],[[""direct"",null,""m5.1"",[]],[""return"",null]]],[""m5.1"",""q1"",[],null,[],[[""direct"",null,""m5.2"",[]],[""return"",null]]],[""m5.2"",""q2"",[],null,[],[[""check"",""p1""],[""return"",null]]]]],[""c6"",""c3"",[],[[""m6.0"",""q0"",[],null,[],[[""direct"",null,""m6.1"",[]],[""return"",null]]],[""m6.1"",""q1"",[],null,[],[[""direct"",null,""m6.2"",[]],[""return"",null]]],[""m6.2"",""q2"",[],null,[],[[""check"",""p0""],[""return"",null]]]]],[""c7"",""c3"",[],[[""m7.0"",""q0"",[],null,[],[[""direct"",null,""m7.1"",[]],[""return"",null]]],[""m7.1"",""q1"",[],null,[],[[""direct"",null,""m7.2"",[]],[""return"",null]]],[""m7.2"",""q2"",[],null,[],[[""check"",""p1""],[""return"",null]]]]],[""c8"",""c3"",[],[[""m8.0"",""q0"",[],null,[],[[""direct"",null,""m8.1"",[]],[""return"",null]]],[""m8.1"",""q1"",[],null,[],[[""direct"",null,""m8.2"",[]],[""return"",null]]],[""m8.2"",""q2"",[],null,[],[[""check"",""p0""],[""return"",null]]]]]],[[""s0"",""c0"",""c4""]],[[""e0"",""s0"",""q0"",[]]]]","[[""p0"",""p1"",""p2""],[[""c0"",null,[],[[""m0.0"",""q0"",[],null,[],[[""return"",null]]]]],[""c1"",""c0"",[],[]],[""c2"",""c1"",[],[]],[""c3"",""c2"",[],[]],[""c4"",""c3"",[],[[""m4.0"",""q0"",[],null,[],[[""direct"",null,""m4.1"",[]],[""return"",null]]],[""m4.1"",""q1"",[],null,[],[[""direct"",null,""m4.2"",[]],[""return"",null]]],[""m4.2"",""q2"",[],null,[],[[""check"",""p0""],[""return"",null]]]]],[""c5"",""c3"",[],[[""m5.0"",""q0"",[],null,[],[[""direct"",null,""m5.1"",[]],[""return"",null]]],[""m5.1"",""q1"",[],null,[],[[""direct"",null,""m5.2"",[]],[""return"",null]]],[""m5.2"",""q2"",[],null,[],[[""check"",""p1""],[""return"",null]]]]],[""c6"",""c3"",[],[[""m6.0"",""q0"",[],null,[],[[""direct"",null,""m6.1"",[]],[""return"",null]]],[""m6.1"",""q1"",[],null,[],[[""direct"",null,""m6.2"",[]],[""return"",null]]],[""m6.2"",""q2"",[],null,[],[[""check"",""p0""],[""return"",null]]]]],[""c7"",""c3"",[],[[""m7.0"",""q0"",[],null,[],[[""direct"",null,""m7.1"",[]],[""return"",null]]],[""m7.1"",""q1"",[],null,[],[[""direct"",null,""m7.2"",[]],[""return"",null]]],[""m7.2"",""q2"",[],null,[],[[""check"",""p1""],[""return"",null]]]]],[""c8"",""c3"",[],[[""m8.0"",""q0"",[],null,[],[[""direct"",null,""m8.1"",[]],[""return"",null]]],[""m8.1"",""q1"",[],null,[],[[""direct"",null,""m8.2"",[]],[""return"",null]]],[""m8.2"",""q2"",[],null,[],[[""check"",""p0""],[""return"",null]]]]],[""c9"",""c3"",[],[[""m9.0"",""q0"",[],null,[],[[""check"",""p0""],[""return"",null]]]]]],[[""s0"",""c0"",""c4""]],[[""e0"",""s0"",""q0"",[]]]]"
293,hierarchy,3,3,3,0,False,"[[""p0"",""p1"",""p2""],[[""c0"",null,[],[[""m0.0"",""q0"",[],null,[],[[""return"",null]]]]],[""c1"",""c0"",[],[]],[""c2"",""c1"",[],[]],[""c3"",""c2"",[],[]],[""c4"",""c3"",[],[[""m4.0"",""q0"",[],null,[],[[""direct"",null,""m4.1"",[]],[""return"",null]]],[""m4.1"",""q1"",[],null,[],[[""direct"",null,""m4.2"",[]],[""return"",null]]],[""m4.2"",""q2"",[],null,[],[[""direct"",null,""m4.3"",[]],[""return"",null]]],[""m4.3"",""q3"",[],null,[],[[""check"",""p0""],[""return"",null]]]]],[""c5"",""c3"",[],[[""m5.0"",""q0"",[],null,[],[[""direct"",null,""m5.1"",[]],[""return"",null]]],[""m5.1"",""q1"",[],null,[],[[""direct"",null,""m5.2"",[]],[""return"",null]]],[""m5.2"",""q2"",[],null,[],[[""direct"",null,""m5.3"",[]],[""return"",null]]],[""m5.3"",""q3"",[],null,[],[[""check"",""p1""],[""return"",null]]]]],[""c6"",""c3"",[],[[""m6.0"",""q0"",[],null,[],[[""direct"",null,""m6.1"",[]],[""return"",null]]],[""m6.1"",""q1"",[],null,[],[[""direct"",null,""m6.2"",[]],[""return"",null]]],[""m6.2"",""q2"",[],null,[],[[""direct"",null,""m6.3"",[]],[""return"",null]]],[""m6.3"",""q3"",[],null,[],[[""check"",""p0""],[""return"",null]]]]],[""c7"",""c3"",[],[[""m7.0"",""q0"",[],null,[],[[""direct"",null,""m7.1"",[]],[""return"",null]]],[""m7.1"",""q1"",[],null,[],[[""direct"",null,""m7.2"",[]],[""return"",null]]],[""m7.2"",""q2"",[],null,[],[[""direct"",null,""m7.3"",[]],[""return"",null]]],[""m7.3"",""q3"",[],null,[],[[""check"",""p1""],[""return"",null]]]]],[""c8"",""c3"",[],[[""m8.0"",""q0"",[],null,[],[[""direct"",null,""m8.1"",[]],[""return"",null]]],[""m8.1"",""q1"",[],null,[],[[""direct"",null,""m8.2"",[]],[""return"",null]]],[""m8.2"",""q2"",[],null,[],[[""direct"",null,""m8.3"",[]],[""return"",null]]],[""m8.3"",""q3"",[],null,[],[[""check"",""p0""],[""return"",null]]]]]],[[""s0"",""c0"",""c4""]],[[""e0"",""s0"",""q0"",[]]]]","[[""p0"",""p1"",""p2""],[[""c0"",null,[],[[""m0.0"",""q0"",[],null,[],[[""return"",null]]]]],[""c1"",""c0"",[],[]],[""c2"",""c1"",[],[]],[""c3"",""c2"",[],[]],[""c4"",""c3"",[],[[""m4.0"",""q0"",[],null,[],[[""direct"",null,""m4.1"",[]],[""return"",null]]],[""m4.1"",""q1"",[],null,[],[[""direct"",null,""m4.2"",[]],[""return"",null]]],[""m4.2"",""q2"",[],null,[],[[""direct"",null,""m4.3"",[]],[""return"",null]]],[""m4.3"",""q3"",[],null,[],[[""check"",""p0""],[""return"",null]]]]],[""c5"",""c3"",[],[[""m5.0"",""q0"",[],null,[],[[""direct"",null,""m5.1"",[]],[""return"",null]]],[""m5.1"",""q1"",[],null,[],[[""direct"",null,""m5.2"",[]],[""return"",null]]],[""m5.2"",""q2"",[],null,[],[[""direct"",null,""m5.3"",[]],[""return"",null]]],[""m5.3"",""q3"",[],null,[],[[""check"",""p1""],[""return"",null]]]]],[""c6"",""c3"",[],[[""m6.0"",""q0"",[],null,[],[[""direct"",null,""m6.1"",[]],[""return"",null]]],[""m6.1"",""q1"",[],null,[],[[""direct"",null,""m6.2"",[]],[""return"",null]]],[""m6.2"",""q2"",[],null,[],[[""direct"",null,""m6.3"",[]],[""return"",null]]],[""m6.3"",""q3"",[],null,[],[[""check"",""p0""],[""return"",null]]]]],[""c7"",""c3"",[],[[""m7.0"",""q0"",[],null,[],[[""direct"",null,""m7.1"",[]],[""return"",null]]],[""m7.1"",""q1"",[],null,[],[[""direct"",null,""m7.2"",[]],[""return"",null]]],[""m7.2"",""q2"",[],null,[],[[""direct"",null,""m7.3"",[]],[""return"",null]]],[""m7.3"",""q3"",[],null,[],[[""check"",""p1""],[""return"",null]]]]],[""c8"",""c3"",[],[[""m8.0"",""q0"",[],null,[],[[""direct"",null,""m8.1"",[]],[""return"",null]]],[""m8.1"",""q1"",[],null,[],[[""direct"",null,""m8.2"",[]],[""return"",null]]],[""m8.2"",""q2"",[],null,[],[[""direct"",null,""m8.3"",[]],[""return"",null]]],[""m8.3"",""q3"",[],null,[],[[""check"",""p0""],[""return"",null]]]]]],[[""s0"",""c0"",""c5""]],[[""e0"",""s0"",""q0"",[]]]]"
294,hierarchy,4,3,3,0,True,"[[""p0"",""p1"",""p2""],[[""c0"",null,[],[[""m0.0"",""q0"",[],null,[],[[""return"",null]]]]],[""c1"",""c0"",[],[]],[""c2"",""c1"",[],[]],[""c3"",""c2"",[],[]],[""c4"",""c3"",[],[[""m4.0"",""q0"",[],null,[],[[""direct"",null,""m4.1"",[]],[""return"",null]]],[""m4.1"",""q1"",[],null,[],[[""direct"",null,""m4.2"",[]],[""return"",null]]],[""m4.2"",""q2"",[],null,[],[[""direct"",null,""m4.3"",[]],[""return"",null]]],[""m4.3"",""q3"",[],null,[],[[""direct"",null,""m4.4"",[]],[""return"",null]]],[""m4.4"",""q4"",[],null,[],[[""check"",""p0""],[""return"",null]]]]],[""c5"",""c3"",[],[[""m5.0"",""q0"",[],null,[],[[""direct"",null,""m5.1"",[]],[""return"",null]]],[""m5.1"",""q1"",[],null,[],[[""direct"",null,""m5.2"",[]],[""return"",null]]],[""m5.2"",""q2"",[],null,[],[[""direct"",null,""m5.3"",[]],[""return"",null]]],[""m5.3"",""q3"",[],null,[],[[""direct"",null,""m5.4"",[]],[""return"",null]]],[""m5.4"",""q4"",[],null,[],[[""check"",""p1""],[""return"",null]]]]],[""c6"",""c3"",[],[[""m6.0"",""q0"",[],null,[],[[""direct"",null,""m6.1"",[]],[""return"",null]]],[""m6.1"",""q1"",[],null,[],[[""direct"",null,""m6.2"",[]],[""return"",null]]],[""m6.2"",""q2"",[],null,[],[[""direct"",null,""m6.3"",[]],[""return"",null]]],[""m6.3"",""q3"",[],null,[],[[""direct"",null,""m6.4"",[]],[""return"",null]]],[""m6.4"",""q4"",[],null,[],[[""check"",""p0""],[""return"",null]]]]],[""c7"",""c3"",[],[[""m7.0"",""q0"",[],null,[],[[""direct"",null,""m7.1"",[]],[""return"",null]]],[""m7.1"",""q1"",[],null,[],[[""direct"",null,""m7.2"",[]],[""return"",null]]],[""m7.2"",""q2"",[],null,[],[[""direct"",null,""m7.3"",[]],[""return"",null]]],[""m7.3"",""q3"",[],null,[],[[""direct"",null,""m7.4"",[]],[""return"",null]]],[""m7.4"",""q4"",[],null,[],[[""check"",""p1""],[""return"",null]]]]],[""c8"",""c3"",[],[[""m8.0"",""q0"",[],null,[],[[""direct"",null,""m8.1"",[]],[""return"",null]]],[""m8.1"",""q1"",[],null,[],[[""direct"",null,""m8.2"",[]],[""return"",null]]],[""m8.2"",""q2"",[],null,[],[[""direct"",null,""m8.3"",[]],[""return"",null]]],[""m8.3"",""q3"",[],null,[],[[""direct"",null,""m8.4"",[]],[""return"",null]]],[""m8.4"",""q4"",[],null,[],[[""check"",""p0""],[""return"",null]]]]]],[[""s0"",""c0"",""c4""]],[[""e0"",""s0"",""q0"",[]]]]","[[""p0"",""p1"",""p2""],[[""c0"",null,[],[[""m0.0"",""q0"",[],null,[],[[""return"",null]]]]],[""c1"",""c0"",[],[]],[""c2"",""c1"",[],[]],[""c3"",""c2"",[],[]],[""c4"",""c3"",[],[[""m4.0"",""q0"",[],null,[],[[""direct"",null,""m4.1"",[]],[""return"",null]]],[""m4.1"",""q1"",[],null,[],[[""direct"",null,""m4.2"",[]],[""return"",null]]],[""m4.2"",""q2"",[],null,[],[[""direct"",null,""m4.3"",[]],[""return"",null]]],[""m4.3"",""q3"",[],null,[],[[""direct"",null,""m4.4"",[]],[""return"",null]]],[""m4.4"",""q4"",[],null,[],[[""check"",""p0""],[""return"",null]]]]],[""c5"",""c3"",[],[[""m5.0"",""q0"",[],null,[],[[""direct"",null,""m5.1"",[]],[""return"",null]]],[""m5.1"",""q1"",[],null,[],[[""direct"",null,""m5.2"",[]],[""return"",null]]],[""m5.2"",""q2"",[],null,[],[[""direct"",null,""m5.3"",[]],[""return"",null]]],[""m5.3"",""q3"",[],null,[],[[""direct"",null,""m5.4"",[]],[""return"",null]]],[""m5.4"",""q4"",[],null,[],[[""check"",""p1""],[""return"",null]]]]],[""c6"",""c3"",[],[[""m6.0"",""q0"",[],null,[],[[""direct"",null,""m6.1"",[]],[""return"",null]]],[""m6.1"",""q1"",[],null,[],[[""direct"",null,""m6.2"",[]],[""return"",null]]],[""m6.2"",""q2"",[],null,[],[[""direct"",null,""m6.3"",[]],[""return"",null]]],[""m6.3"",""q3"",[],null,[],[[""direct"",null,""m6.4"",[]],[""return"",null]]],[""m6.4"",""q4"",[],null,[],[[""check"",""p0""],[""return"",null]]]]],[""c7"",""c3"",[],[[""m7.0"",""q0"",[],null,[],[[""direct"",null,""m7.1"",[]],[""return"",null]]],[""m7.1"",""q1"",[],null,[],[[""direct"",null,""m7.2"",[]],[""return"",null]]],[""m7.2"",""q2"",[],null,[],[[""direct"",null,""m7.3"",[]],[""return"",null]]],[""m7.3"",""q3"",[],null,[],[[""direct"",null,""m7.4"",[]],[""return"",null]]],[""m7.4"",""q4"",[],null,[],[[""check"",""p1""],[""return"",null]]]]],[""c8"",""c3"",[],[[""m8.0"",""q0"",[],null,[],[[""direct"",null,""m8.1"",[]],[""return"",null]]],[""m8.1"",""q1"",[],null,[],[[""direct"",null,""m8.2"",[]],[""return"",null]]],[""m8.2"",""q2"",[],null,[],[[""direct"",null,""m8.3"",[]],[""return"",null]]],[""m8.3"",""q3"",[],null,[],[[""direct"",null,""m8.4"",[]],[""return"",null]]],[""m8.4"",""q4"",[],null,[],[[""check"",""p0""],[""return"",null]]]]],[""c9"",""c3"",[],[]]],[[""s0"",""c0"",""c4""]],[[""e0"",""s0"",""q0"",[]]]]"
295,hierarchy,0,4,3,3,False,"[[""p0"",""p1"",""p2""],[[""c0"",null,[],[[""m0.0"",""q0"",[],null,[],[[""return"",null]]]]],[""c1"",""c0"",[],[]],[""c2"",""c1"",[],[]],[""c3"",""c2"",[],[]],[""c4"",""c3"",[],[[""m4.0"",""q0"",[],null,[],[[""check"",""p0""],[""opaque"",[[""direct"",null,""m4.1"",[]]]],[""return"",null]]],[""m4.1"",""q1"",[],null,[],[[""opaque"",[[""direct"",null,""m4.2"",[]]]],[""return"",null]]],[""m4.2"",""q2"",[],null,[],[[""opaque"",[[""check"",""p2""]]],[""return"",null]]]]],[""c5"",""c3"",[],[[""m5.0"",""q0"",[],null,[],[[""check"",""p1""],[""return"",null]]]]],[""c6"",""c3"",[],[[""m6.0"",""q0"",[],null,[],[[""check"",""p0""],[""return"",null]]]]],[""c7"",""c3"",[],[[""m7.0"",""q0"",[],null,[],[[""check"",""p1""],[""return"",null]]]]],[""c8"",""c3"",[],[[""m8.0"",""q0"",[],null,[],[[""check"",""p0""],[""return"",null]]]]],[""c9"",""c3"",[],[[""m9.0"",""q0"",[],null,[],[[""check"",""p1""],[""return"",null]]]]]],[[""s0"",""c0"",""c4""]],[[""e0"",""s0"",""q0"",[]]]]","[[""p0"",""p1"",""p2""],[[""c0"",null,[],[[""m0.0"",""q0"",[],null,[],[[""return"",null]]]]],[""c1"",""c0"",[],[]],[""c2"",""c1"",[],[]],[""c3"",""c2"",[],[]],[""c4"",""c3"",[],[[""m4.0"",""q0"",[],null,[],[[""check"",""p0""],[""return"",null]]]]],[""c5"",""c3"",[],[[""m5.0"",""q0"",[],null,[],[[""check"",""p1""],[""opaque"",[[""direct"",null,""m5.1"",[]]]],[""return"",null]]],[""m5.1"",""q1"",[],null,[],[[""opaque"",[[""direct"",null,""m5.2"",[]]]],[""return"",null]]],[""m5.2"",""q2"",[],null,[],[[""opaque"",[[""check"",""p2""]]],[""return"",null]]]]],[""c6"",""c3"",[],[[""m6.0"",""q0"",[],null,[],[[""check"",""p0""],[""return"",null]]]]],[""c7"",""c3"",[],[[""m7.0"",""q0"",[],null,[],[[""check"",""p1""],[""return"",null]]]]],[""c8"",""c3"",[],[[""m8.0"",""q0"",[],null,[],[[""check"",""p0""],[""return"",null]]]]],[""c9"",""c3"",[],[[""m9.0"",""q0"",[],null,[],[[""check"",""p1""],[""return"",null]]]]]],[[""s0"",""c0"",""c5""]],[[""e0"",""s0"",""q0"",[]]]]"
296,hierarchy,1,4,3,0,True,"[[""p0"",""p1"",""p2""],[[""c0"",null,[],[[""m0.0"",""q0"",[],null,[],[[""return"",null]]]]],[""c1"",""c0"",[],[]],[""c2"",""c1"",[],[]],[""c3"",""c2"",[],[]],[""c4"",""c3"",[],[[""m4.0"",""q0"",[],null,[],[[""direct"",null,""m4.1"",[]],[""return"",null]]],[""m4.1"",""q1"",[],null,[],[[""check"",""p0""],[""return"",null]]]]],[""c5"",""c3"",[],[[""m5.0"",""q0"",[],null,[],[[""direct"",null,""m5.1"",[]],[""return"",null]]],[""m5.1"",""q1"",[],null,[],[[""check"",""p1""],[""return"",null]]]]],[""c6"",""c3"",[],[[""m6.0"",""q0"",[],null,[],[[""direct"",null,""m6.1"",[]],[""return"",null]]],[""m6.1"",""q1"",[],null,[],[[""check"",""p0""],[""return"",null]]]]],[""c7"",""c3"",[],[[""m7.0"",""q0"",[],null,[],[[""direct"",null,""m7.1"",[]],[""return"",null]]],[""m7.1"",""q1"",[],null,[],[[""check"",""p1""],[""return"",null]]]]],[""c8"",""c3"",[],[[""m8.0"",""q0"",[],null,[],[[""direct"",null,""m8.1"",[]],[""return"",null]]],[""m8.1"",""q1"",[],null,[],[[""check"",""p0""],[""return"",null]]]]],[""c9"",""c3"",[],[[""m9.0"",""q0"",[],null,[],[[""direct"",null,""m9.1"",[]],[""return"",null]]],[""m9.1"",""q1"",[],null,[],[[""check"",""p1""],[""return"",null]]]]]],[[""s0"",""c0"",""c4""]],[[""e0"",""s0"",""q0"",[]]]]","[[""p0"",""p1"",""p2""],[[""c0"",null,[],[[""m0.0"",""q0"",[],null,[],[[""return"",null]]]]],[""c1"",""c0"",[],[]],[""c2"",""c1"",[],[]],[""c3"",""c2"",[],[]],[""c4"",""c3"",[],[[""m4.0"",""q0"",[],null,[],[[""direct"",null,""m4.2"",[]],[""direct"",null,""m4.1"",[]],[""return"",null]]],[""m4.1"",""q1"",[],null,[],[[""check"",""p0""],[""return"",null]]],[""m4.2"",""q2"",[],null,[],[[""return"",null]]]]],[""c5"",""c3"",[],[[""m5.0"",""q0"",[],null,[],[[""direct"",null,""m5.1"",[]],[""return"",null]]],[""m5.1"",""q1"",[],null,[],[[""check"",""p1""],[""return"",null]]]]],[""c6"",""c3"",[],[[""m6.0"",""q0"",[],null,[],[[""direct"",null,""m6.1"",[]],[""return"",null]]],[""m6.1"",""q1"",[],null,[],[[""check"",""p0""],[""return"",null]]]]],[""c7"",""c3"",[],[[""m7.0"",""q0"",[],null,[],[[""direct"",null,""m7.1"",[]],[""return"",null]]],[""m7.1"",""q1"",[],null,[],[[""check"",""p1""],[""return"",null]]]]],[""c8"",""c3"",[],[[""m8.0"",""q0"",[],null,[],[[""direct"",null,""m8.1"",[]],[""return"",null]]],[""m8.1"",""q1"",[],null,[],[[""check"",""p0""],[""return"",null]]]]],[""c9"",""c3"",[],[[""m9.0"",""q0"",[],null,[],[[""direct"",null,""m9.1"",[]],[""return"",null]]],[""m9.1"",""q1"",[],null,[],[[""check"",""p1""],[""return"",null]]]]]],[[""s0"",""c0"",""c4""]],[[""e0"",""s0"",""q0"",[]]]]"
297,hierarchy,2,4,3,0,False,"[[""p0"",""p1"",""p2""],[[""c0"",null,[],[[""m0.0"",""q0"",[],null,[],[[""return"",null]]]]],[""c1"",""c0"",[],[]],[""c2"",""c1"",[],[]],[""c3"",""c2"",[],[]],[""c4"",""c3"",[],[[""m4.0"",""q0"",[],null,[],[[""direct"",null,""m4.1"",[]],[""return"",null]]],[""m4.1"",""q1"",[],null,[],[[""direct"",null,""m4.2"",[]],[""return"",null]]],[""m4.2"",""q2"",[],null,[],[[""check"",""p0""],[""return"",null]]]]],[""c5"",""c3"",[],[[""m5.0"",""q0"",[],null,[],[[""direct"",null,""m5.1"",[]],[""return"",null]]],[""m5.1"",""q1"",[],null,[],[[""direct"",null,""m5.2"",[]],[""return"",null]]],[""m5.2"",""q2"",[],null,[],[[""check"",""p1""],[""return"",null]]]]],[""c6"",""c3"",[],[[""m6.0"",""q0"",[],null,[],[[""direct"",null,""m6.1"",[]],[""return"",null]]],[""m6.1"",""q1"",[],null,[],[[""direct"",null,""m6.2"",[]],[""return"",null]]],[""m6.2"",""q2"",[],null,[],[[""check"",""p0""],[""return"",null]]]]],[""c7"",""c3"",[],[[""m7.0"",""q0"",[],null,[],[[""direct"",null,""m7.1"",[]],[""return"",null]]],[""m7.1"",""q1"",[],null,[],[[""direct"",null,""m7.2"",[]],[""return"",null]]],[""m7.2"",""q2"",[],null,[],[[""check"",""p1""],[""return"",null]]]]],[""c8"",""c3"",[],[[""m8.0"",""q0"",[],null,[],[[""direct"",null,""m8.1"",[]],[""return"",null]]],[""m8.1"",""q1"",[],null,[],[[""direct"",null,""m8.2"",[]],[""return"",null]]],[""m8.2"",""q2"",[],null,[],[[""check"",""p0""],[""return"",null]]]]],[""c9"",""c3"",[],[[""m9.0"",""q0"",[],null,[],[[""direct"",null,""m9.1"",[]],[""return"",null]]],[""m9.1"",""q1"",[],null,[],[[""direct"",null,""m9.2"",[]],[""return"",null]]],[""m9.2"",""q2"",[],null,[],[[""check"",""p1""],[""return"",null]]]]]],[[""s0"",""c0"",""c4""]],[[""e0"",""s0"",""q0"",[]]]]","[[""p0"",""p1"",""p2""],[[""c0"",null,[],[[""m0.0"",""q0"",[],null,[],[[""return"",null]]]]],[""c1"",""c0"",[],[]],[""c2"",""c1"",[],[]],[""c3"",""c2"",[],[]],[""c4"",""c3"",[],[[""m4.0"",""q0"",[],null,[],[[""direct"",null,""m4.1"",[]],[""return"",null]]],[""m4.1"",""q1"",[],null,[],[[""direct"",null,""m4.2"",[]],[""return"",null]]],[""m4.2"",""q2"",[],null,[],[[""check"",""p0""],[""return"",null]]]]],[""c5"",""c3"",[],[[""m5.0"",""q0"",[],null,[],[[""direct"",null,""m5.1"",[]],[""return"",null]]],[""m5.1"",""q1"",[],null,[],[[""direct"",null,""m5.2"",[]],[""return"",null]]],[""m5.2"",""q2"",[],null,[],[[""check"",""p1""],[""return"",null]]]]],[""c6"",""c3"",[],[[""m6.0"",""q0"",[],null,[],[[""direct"",null,""m6.1"",[]],[""return"",null]]],[""m6.1"",""q1"",[],null,[],[[""direct"",null,""m6.2"",[]],[""return"",null]]],[""m6.2"",""q2"",[],null,[],[[""check"",""p0""],[""return"",null]]]]],[""c7"",""c3"",[],[[""m7.0"",""q0"",[],null,[],[[""direct"",null,""m7.1"",[]],[""return"",null]]],[""m7.1"",""q1"",[],null,[],[[""direct"",null,""m7.2"",[]],[""return"",null]]],[""m7.2"",""q2"",[],null,[],[[""check"",""p1""],[""return"",null]]]]],[""c8"",""c3"",[],[[""m8.0"",""q0"",[],null,[],[[""direct"",null,""m8.1"",[]],[""return"",null]]],[""m8.1"",""q1"",[],null,[],[[""direct"",null,""m8.2"",[]],[""return"",null]]],[""m8.2"",""q2"",[],null,[],[[""check"",""p0""],[""return"",null]]]]],[""c9"",""c3"",[],[[""m9.0"",""q0"",[],null,[],[[""direct"",null,""m9.1"",[]],[""return"",null]]],[""m9.1"",""q1"",[],null,[],[[""direct"",null,""m9.2"",[]],[""return"",null]]],[""m9.2"",""q2"",[],null,[],[[""check"",""p1""],[""return"",null]]]]]],[[""s0"",""c0"",""c5""]],[[""e0"",""s0"",""q0"",[]]]]"
298,hierarchy,3,4,3,0,True,"[[""p0"",""p1"",""p2""],[[""c0"",null,[],[[""m0.0"",""q0"",[],null,[],[[""return"",null]]]]],[""c1"",""c0"",[],[]],[""c2"",""c1"",[],[]],[""c3"",""c2"",[],[]],[""c4"",""c3"",[],[[""m4.0"",""q0"",[],null,[],[[""direct"",null,""m4.1"",[]],[""return"",null]]],[""m4.1"",""q1"",[],null,[],[[""direct"",null,""m4.2"",[]],[""return"",null]]],[""m4.2"",""q2"",[],null,[],[[""direct"",null,""m4.3"",[]],[""return"",null]]],[""m4.3"",""q3"",[],null,[],[[""check"",""p0""],[""return"",null]]]]],[""c5"",""c3"",[],[[""m5.0"",""q0"",[],null,[],[[""direct"",null,""m5.1"",[]],[""return"",null]]],[""m5.1"",""q1"",[],null,[],[[""direct"",null,""m5.2"",[]],[""return"",null]]],[""m5.2"",""q2"",[],null,[],[[""direct"",null,""m5.3"",[]],[""return"",null]]],[""m5.3"",""q3"",[],null,[],[[""check"",""p1""],[""return"",null]]]]],[""c6"",""c3"",[],[[""m6.0"",""q0"",[],null,[],[[""direct"",null,""m6.1"",[]],[""return"",null]]],[""m6.1"",""q1"",[],null,[],[[""direct"",null,""m6.2"",[]],[""return"",null]]],[""m6.2"",""q2"",[],null,[],[[""direct"",null,""m6.3"",[]],[""return"",null]]],[""m6.3"",""q3"",[],null,[],[[""check"",""p0""],[""return"",null]]]]],[""c7"",""c3"",[],[[""m7.0"",""q0"",[],null,[],[[""direct"",null,""m7.1"",[]],[""return"",null]]],[""m7.1"",""q1"",[],null,[],[[""direct"",null,""m7.2"",[]],[""return"",null]]],[""m7.2"",""q2"",[],null,[],[[""direct"",null,""m7.3"",[]],[""return"",null]]],[""m7.3"",""q3"",[],null,[],[[""check"",""p1""],[""return"",null]]]]],[""c8"",""c3"",[],[[""m8.0"",""q0"",[],null,[],[[""direct"",null,""m8.1"",[]],[""return"",null]]],[""m8.1"",""q1"",[],null,[],[[""direct"",null,""m8.2"",[]],[""return"",null]]],[""m8.2"",""q2"",[],null,[],[[""direct"",null,""m8.3"",[]],[""return"",null]]],[""m8.3"",""q3"",[],null,[],[[""check"",""p0""],[""return"",null]]]]],[""c9"",""c3"",[],[[""m9.0"",""q0"",[],null,[],[[""direct"",null,""m9.1"",[]],[""return"",null]]],[""m9.1"",""q1"",[],null,[],[[""direct"",null,""m9.2"",[]],[""return"",null]]],[""m9.2"",""q2"",[],null,[],[[""direct"",null,""m9.3"",[]],[""return"",null]]],[""m9.3"",""q3"",[],null,[],[[""check"",""p1""],[""return"",null]]]]]],[[""s0"",""c0"",""c4""]],[[""e0"",""s0"",""q0"",[]]]]","[[""p0"",""p1"",""p2""],[[""c0"",null,[],[[""m0.0"",""q0"",[],null,[],[[""return"",null]]]]],[""c1"",""c0"",[],[]],[""c2"",""c1"",[],[]],[""c3"",""c2"",[],[]],[""c4"",""c3"",[],[[""m4.0"",""q0"",[],null,[],[[""direct"",null,""m4.1"",[]],[""return"",null]]],[""m4.1"",""q1"",[],null,[],[[""direct"",null,""m4.2"",[]],[""return"",null]]],[""m4.2"",""q2"",[],null,[],[[""direct"",null,""m4.3"",[]],[""return"",null]]],[""m4.3"",""q3"",[],null,[],[[""check"",""p0""],[""return"",null]]]]],[""c5"",""c3"",[],[[""m5.0"",""q0"",[],null,[],[[""direct"",null,""m5.1"",[]],[""return"",null]]],[""m5.1"",""q1"",[],null,[],[[""direct"",null,""m5.2"",[]],[""return"",null]]],[""m5.2"",""q2"",[],null,[],[[""direct"",null,""m5.3"",[]],[""return"",null]]],[""m5.3"",""q3"",[],null,[],[[""check"",""p1""],[""return"",null]]]]],[""c6"",""c3"",[],[[""m6.0"",""q0"",[],null,[],[[""direct"",null,""m6.1"",[]],[""return"",null]]],[""m6.1"",""q1"",[],null,[],[[""direct"",null,""m6.2"",[]],[""return"",null]]],[""m6.2"",""q2"",[],null,[],[[""direct"",null,""m6.3"",[]],[""return"",null]]],[""m6.3"",""q3"",[],null,[],[[""check"",""p0""],[""return"",null]]]]],[""c7"",""c3"",[],[[""m7.0"",""q0"",[],null,[],[[""direct"",null,""m7.1"",[]],[""return"",null]]],[""m7.1"",""q1"",[],null,[],[[""direct"",null,""m7.2"",[]],[""return"",null]]],[""m7.2"",""q2"",[],null,[],[[""direct"",null,""m7.3"",[]],[""return"",null]]],[""m7.3"",""q3"",[],null,[],[[""check"",""p1""],[""return"",null]]]]],[""c8"",""c3"",[],[[""m8.0"",""q0"",[],null,[],[[""direct"",null,""m8.1"",[]],[""return"",null]]],[""m8.1"",""q1"",[],null,[],[[""direct"",null,""m8.2"",[]],[""return"",null]]],[""m8.2"",""q2"",[],null,[],[[""direct"",null,""m8.3"",[]],[""return"",null]]],[""m8.3"",""q3"",[],null,[],[[""check"",""p0""],[""return"",null]]]]],[""c9"",""c3"",[],[[""m9.0"",""q0"",[],null,[],[[""direct"",null,""m9.1"",[]],[""return"",null]]],[""m9.1"",""q1"",[],null,[],[[""direct"",null,""m9.2"",[]],[""return"",null]]],[""m9.2"",""q2"",[],null,[],[[""direct"",null,""m9.3"",[]],[""return"",null]]],[""m9.3"",""q3"",[],null,[],[[""check"",""p1""],[""return"",null]]]]],[""c10"",""c3"",[],[[""m10.0"",""q0"",[],null,[],[[""check"",""p0""],[""return"",null]]]]]],[[""s0"",""c0"",""c4""]],[[""e0"",""s0"",""q0"",[]]]]"
299,hierarchy,4,4,3,0,False,"[[""p0"",""p1"",""p2""],[[""c0"",null,[],[[""m0.0"",""q0"",[],null,[],[[""return"",null]]]]],[""c1"",""c0"",[],[]],[""c2"",""c1"",[],[]],[""c3"",""c2"",[],[]],[""c4"",""c3"",[],[[""m4.0"",""q0"",[],null,[],[[""direct"",null,""m4.1"",[]],[""return"",null]]],[""m4.1"",""q1"",[],null,[],[[""direct"",null,""m4.2"",[]],[""return"",null]]],[""m4.2"",""q2"",[],null,[],[[""direct"",null,""m4.3"",[]],[""return"",null]]],[""m4.3"",""q3"",[],null,[],[[""direct"",null,""m4.4"",[]],[""return"",null]]],[""m4.4"",""q4"",[],null,[],[[""check"",""p0""],[""return"",null]]]]],[""c5"",""c3"",[],[[""m5.0"",""q0"",[],null,[],[[""direct"",null,""m5.1"",[]],[""return"",null]]],[""m5.1"",""q1"",[],null,[],[[""direct"",null,""m5.2"",[]],[""return"",null]]],[""m5.2"",""q2"",[],null,[],[[""direct"",null,""m5.3"",[]],[""return"",null]]],[""m5.3"",""q3"",[],null,[],[[""direct"",null,""m5.4"",[]],[""return"",null]]],[""m5.4"",""q4"",[],null,[],[[""check"",""p1""],[""return"",null]]]]],[""c6"",""c3"",[],[[""m6.0"",""q0"",[],null,[],[[""direct"",null,""m6.1"",[]],[""return"",null]]],[""m6.1"",""q1"",[],null,[],[[""direct"",null,""m6.2"",[]],[""return"",null]]],[""m6.2"",""q2"",[],null,[],[[""direct"",null,""m6.3"",[]],[""return"",null]]],[""m6.3"",""q3"",[],null,[],[[""direct"",null,""m6.4"",[]],[""return"",null]]],[""m6.4"",""q4"",[],null,[],[[""check"",""p0""],[""return"",null]]]]],[""c7"",""c3"",[],[[""m7.0"",""q0"",[],null,[],[[""direct"",null,""m7.1"",[]],[""return"",null]]],[""m7.1"",""q1"",[],null,[],[[""direct"",null,""m7.2"",[]],[""return"",null]]],[""m7.2"",""q2"",[],null,[],[[""direct"",null,""m7.3"",[]],[""return"",null]]],[""m7.3"",""q3"",[],null,[],[[""direct"",null,""m7.4"",[]],[""return"",null]]],[""m7.4"",""q4"",[],null,[],[[""check"",""p1""],[""return"",null]]]]],[""c8"",""c3"",[],[[""m8.0"",""q0"",[],null,[],[[""direct"",null,""m8.1"",[]],[""return"",null]]],[""m8.1"",""q1"",[],null,[],[[""direct"",null,""m8.2"",[]],[""return"",null]]],[""m8.2"",""q2"",[],null,[],[[""direct"",null,""m8.3"",[]],[""return"",null]]],[""m8.3"",""q3"",[],null,[],[[""direct"",null,""m8.4"",[]],[""return"",null]]],[""m8.4"",""q4"",[],null,[],[[""check"",""p0""],[""return"",null]]]]],[""c9"",""c3"",[],[[""m9.0"",""q0"",[],null,[],[[""direct"",null,""m9.1"",[]],[""return"",null]]],[""m9.1"",""q1"",[],null,[],[[""direct"",null,""m9.2"",[]],[""return"",null]]],[""m9.2"",""q2"",[],null,[],[[""direct"",null,""m9.3"",[]],[""return"",null]]],[""m9.3"",""q3"",[],null,[],[[""direct"",null,""m9.4"",[]],[""return"",null]]],[""m9.4"",""q4"",[],null,[],[[""check"",""p1""],[""return"",null]]]]]],[[""s0"",""c0"",""c4""]],[[""e0"",""s0"",""q0"",[]]]]","[[""p0"",""p1"",""p2""],[[""c0"",null,[],[[""m0.0"",""q0"",[],null,[],[[""return"",null]]]]],[""c1"",""c0"",[],[]],[""c2"",""c1"",[],[]],[""c3"",""c2"",[],[]],[""c4"",""c3"",[],[[""m4.0"",""q0"",[],null,[],[[""direct"",null,""m4.1"",[]],[""return"",null]]],[""m4.1"",""q1"",[],null,[],[[""direct"",null,""m4.2"",[]],[""return"",null]]],[""m4.2"",""q2"",[],null,[],[[""direct"",null,""m4.3"",[]],[""return"",null]]],[""m4.3"",""q3"",[],null,[],[[""direct"",null,""m4.4"",[]],[""return"",null]]],[""m4.4"",""q4"",[],null,[],[[""check"",""p0""],[""return"",null]]]]],[""c5"",""c3"",[],[[""m5.0"",""q0"",[],null,[],[[""direct"",null,""m5.1"",[]],[""return"",null]]],[""m5.1"",""q1"",[],null,[],[[""direct"",null,""m5.2"",[]],[""return"",null]]],[""m5.2"",""q2"",[],null,[],[[""direct"",null,""m5.3"",[]],[""return"",null]]],[""m5.3"",""q3"",[],null,[],[[""direct"",null,""m5.4"",[]],[""return"",null]]],[""m5.4"",""q4"",[],null,[],[[""check"",""p1""],[""return"",null]]]]],[""c6"",""c3"",[],[[""m6.0"",""q0"",[],null,[],[[""direct"",null,""m6.1"",[]],[""return"",null]]],[""m6.1"",""q1"",[],null,[],[[""direct"",null,""m6.2"",[]],[""return"",null]]],[""m6.2"",""q2"",[],null,[],[[""direct"",null,""m6.3"",[]],[""return"",null]]],[""m6.3"",""q3"",[],null,[],[[""direct"",null,""m6.4"",[]],[""return"",null]]],[""m6.4"",""q4"",[],null,[],[[""check"",""p0""],[""return"",null]]]]],[""c7"",""c3"",[],[[""m7.0"",""q0"",[],null,[],[[""direct"",null,""m7.1"",[]],[""return"",null]]],[""m7.1"",""q1"",[],null,[],[[""direct"",null,""m7.2"",[]],[""return"",null]]],[""m7.2"",""q2"",[],null,[],[[""direct"",null,""m7.3"",[]],[""return"",null]]],[""m7.3"",""q3"",[],null,[],[[""direct"",null,""m7.4"",[]],[""return"",null]]],[""m7.4"",""q4"",[],null,[],[[""check"",""p1""],[""return"",null]]]]],[""c8"",""c3"",[],[[""m8.0"",""q0"",[],null,[],[[""direct"",null,""m8.1"",[]],[""return"",null]]],[""m8.1"",""q1"",[],null,[],[[""direct"",null,""m8.2"",[]],[""return"",null]]],[""m8.2"",""q2"",[],null,[],[[""direct"",null,""m8.3"",[]],[""return"",null]]],[""m8.3"",""q3"",[],null,[],[[""direct"",null,""m8.4"",[]],[""return"",null]]],[""m8.4"",""q4"",[],null,[],[[""check"",""p0""],[""return"",null]]]]],[""c9"",""c3"",[],[[""m9.0"",""q0"",[],null,[],[[""direct"",null,""m9.1"",[]],[""return"",null]]],[""m9.1"",""q1"",[],null,[],[[""direct"",null,""m9.2"",[]],[""return"",null]]],[""m9.2"",""q2"",[],null,[],[[""direct"",null,""m9.3"",[]],[""return"",null]]],[""m9.3"",""q3"",[],null,[],[[""direct"",null,""m9.4"",[]],[""return"",null]]],[""m9.4"",""q4"",[],null,[],[[""check"",""p1""],[""return"",null]]]]]],[[""s0"",""c0"",""c5""]],[[""e0"",""s0"",""q0"",[]]]]"
